000000_RUSLAN|С тревожным чувством берусь я за перо.
000001_RUSLAN|Кого интересуют признания литературного неудачника?
000002_RUSLAN|Что поучительного в его исповеди?
000003_RUSLAN|Да и жизнь моя лишена внешнего трагизма.
000004_RUSLAN|Я абсолютно здоров.
000005_RUSLAN|У меня есть любящая родня.
000006_RUSLAN|Мне всегда готовы предоставить работу, которая обеспечит нормальное биологическое существование.
000007_RUSLAN|Мало того, я обладаю преимуществами.
000008_RUSLAN|Мне без труда удается располагать к себе людей.
000009_RUSLAN|Я совершил десятки поступков, уголовно наказуемых и оставшихся безнаказанными.
000010_RUSLAN|Я дважды был женат, и оба раза счастливо.
000011_RUSLAN|Наконец, у меня есть собака.
000012_RUSLAN|А это уже излишество.
000013_RUSLAN|Тогда почему же я ощущаю себя на грани физической катастрофы?
000014_RUSLAN|Откуда у меня чувство безнадежной жизненной непригодности?
000015_RUSLAN|В чем причина моей тоски?
000016_RUSLAN|Я хочу в этом разобраться.
000017_RUSLAN|Постоянно думаю об этом.
000018_RUSLAN|Мечтаю и надеюсь вызвать признак счастья.
000019_RUSLAN|Мне жаль, что прозвучало это слово.
000020_RUSLAN|Ведь представления, которые оно рождает, безграничны до нуля.
000021_RUSLAN|Я знал человека, всерьез утверждавшего, что он будет абсолютно счастлив, если жилконтора заменит ему фановую трубу.
000022_RUSLAN|Суетное чувство тревожит меня.
000023_RUSLAN|Ага, подумают, возомнил себя непризнанным гением!
000024_RUSLAN|В этом-то и дело, что нет!
000025_RUSLAN|Я выслушал сотни, тысячи откликов на мои рассказы.
000026_RUSLAN|И никогда, ни в единой, самой убогой, самой фантастической петербургской компании меня не объявляли гением.
000027_RUSLAN|Даже когда объявляли таковыми Горецкого и Харитоненко.
000028_RUSLAN|Горецкий автор романа, представляющего собой девять листов засвеченной фотобумаги.
000029_RUSLAN|Главное же действующее лицо наиболее зрелого романа Харитоненко презерватив.
000030_RUSLAN|Тринадцать лет назад я взялся за перо.
000031_RUSLAN|Написал роман, семь повестей и четыреста коротких вещей.
000032_RUSLAN|На ощупь побольше, чем Гоголь!
000033_RUSLAN|Я убежден, что мы с Гоголем обладаем равными авторскими правами.
000034_RUSLAN|Обязанности разные.
000035_RUSLAN|Как минимум, одним неотъемлемым правом.
000036_RUSLAN|Правом обнародовать написанное.
000037_RUSLAN|То есть правом бессмертия или неудачи.
000038_RUSLAN|За что же моя рядовая, честная, единственная склонность подавляется бесчисленными органами, лицами, институтами великого государства??
000039_RUSLAN|Я должен это понять.
000040_RUSLAN|Не буду утруждать себя композицией.
000041_RUSLAN|Сумбурно, длинно и невнятно попытаюсь изложить свою творческую биографию.
000042_RUSLAN|Это будут приключения моих рукописей.
000043_RUSLAN|Портреты знакомых.
000044_RUSLAN|Как же назвать мне все это Досье?
000045_RUSLAN|Записки одного литератора?
000046_RUSLAN|Сочинение на вольную тему?
000047_RUSLAN|Разве это важно?
000048_RUSLAN|Книга-то невидимая.
000049_RUSLAN|За окном ленинградские крыши, антенны, бледное небо.
000050_RUSLAN|Катя готовит уроки, фокстерьер Глафира, похожая на березовую чурочку, сидит у ее ног и думает обо мне.
000051_RUSLAN|А передо мной лист бумаги.
000052_RUSLAN|И я пересекаю эту белую заснеженную равнину один.
000053_RUSLAN|Лист бумаги счастье и проклятие!
000054_RUSLAN|Лист бумаги наказание мое.
000055_RUSLAN|Предисловие, однако, затянулось.
000056_RUSLAN|Начнем хотя бы с этого.
000057_RUSLAN|ПЕРВЫЙ КРИТИК
000058_RUSLAN|До революции Агния Францевна Мау была придворным венерологом.
000059_RUSLAN|Прошло шестьдесят лет.
000060_RUSLAN|Навсегда сохранила Агния Францевна горделивый дворцовый апломб и прямоту клинициста.
000061_RUSLAN|Это Мау сказала нашему квартуполномоченному полковнику Тихомирову, отдавившему лапу ее болонке
000062_RUSLAN|Вы страшное говно, мон колонель, не обессудьте!..
000063_RUSLAN|Тихомиров жил напротив, загнанный в отвратительную коммуналку своим партийным бескорыстием.
000064_RUSLAN|Он добивался власти и ненавидел Мау за ее аристократическое происхождение.
000065_RUSLAN|У самого Тихомирова происхождения не было вообще.
000066_RUSLAN|Его породили директивы.
000067_RUSLAN|грохотал он.
000068_RUSLAN|Какать в одном поле не сяду!..
000069_RUSLAN|Старуха поднимала голову так резко, что взлетал ее крошечный золотой медальон
000070_RUSLAN|Неужели какать рядом с вами такая уж большая честь?!
000071_RUSLAN|Тусклые перья на ее шляпе гневно вздрагивали.
000072_RUSLAN|Для Тихомирова я был чересчур изыскан.
000073_RUSLAN|Для Мау безнадежно вульгарен.
000074_RUSLAN|Но против Агнии Францевны у меня было сильное оружие вежливость.
000075_RUSLAN|А Тихомирова вежливость настораживала.
000076_RUSLAN|Он знал, что вежливость маскирует пороки.
000077_RUSLAN|И вот однажды я беседовал по коммунальному телефону.
000078_RUSLAN|Беседа эта страшно раздражала Тихомирова чрезмерным умственным изобилием.
000079_RUSLAN|Раз десять Тихомиров проследовал узкой коммунальной трассой.
000080_RUSLAN|Трижды ходил в уборную.
000081_RUSLAN|Заваривал чай.
000082_RUSLAN|До полярного сияния начистил лишенные индивидуальности ботинки.
000083_RUSLAN|Даже зачем-то возил свой мопед на кухню и обратно.
000084_RUSLAN|А я все говорил.
000085_RUSLAN|Я говорил, что Лев Толстой по сути дела обыватель.
000086_RUSLAN|Что Достоевский сродни постимпрессионизму.
000087_RUSLAN|Что апперцепция у Бальзака неорганична.
000088_RUSLAN|Что Люда Федосеенко сделала аборт.
000089_RUSLAN|Что американской прозе не хватает космополитического фермента.
000090_RUSLAN|И Тихомиров не выдержал.
000091_RUSLAN|Умышленно задев меня пологим животом, он рявкнул
000092_RUSLAN|Смотрите-ка писатель!
000093_RUSLAN|Да это же писатель!..
000094_RUSLAN|Расстреливать надо таких писателей!..
000095_RUSLAN|Знал бы я тогда, что этот вопль расслабленного умственной перегрузкой квартуполномоченного на долгие годы определит мою жизнь.
000096_RUSLAN|Расстреливать надо таких писателей!.. Кажется, я допускаю ошибку.
000097_RUSLAN|Необходима какая-то последовательность.
000098_RUSLAN|Например, хронологическая.
000099_RUSLAN|Первый литературный импульс вот с чего я начну.
000100_RUSLAN|Это было в октябре тысяча девятьсот сорок пятого года.
000101_RUSLAN|Башкирия, Уфа, эвакуация, мне три недели.
000102_RUSLAN|Когда-то я записал этот случай.
000103_RUSLAN|Мой отец был режиссером драматического театра.
000104_RUSLAN|Мать была в этом театре актрисой.
000105_RUSLAN|Война не разлучила их.
000106_RUSLAN|Они расстались значительно позже, когда все было хорошо.
000107_RUSLAN|Я родился в эвакуации, четвертого октября.
000108_RUSLAN|Прошло три недели.
000109_RUSLAN|Мать шла с коляской по бульвару.
000110_RUSLAN|И тут ее остановил незнакомый человек.
000111_RUSLAN|Мать говорила, что его лицо было некрасивым и грустным.
000112_RUSLAN|А главное совсем простым, как у деревенского мужика.
000113_RUSLAN|Я думаю, оно было еще и значительным.
000114_RUSLAN|Недаром мама помнила его всю жизнь.
000115_RUSLAN|Штатский незнакомец казался вполне здоровым.
000116_RUSLAN|Простите, решительно и смущенно выговорил он, но я бы хотел ущипнуть этого мальчишку.
000117_RUSLAN|Мама возмутилась.
000118_RUSLAN|Новости, сказала она, так вы и меня захотите ущипнуть.
000119_RUSLAN|Вряд ли, успокоил ее незнакомец.
000120_RUSLAN|Затем добавил
000121_RUSLAN|Хотя еще минуту назад я бы задумался, прежде чем ответить.
000122_RUSLAN|Идет война, заметила мама уже не так резко, священная война!
000123_RUSLAN|Настоящие мужчины гибнут на передовой.
000124_RUSLAN|А некоторые гуляют по бульвару и задают странные вопросы.
000125_RUSLAN|Да, печально согласился незнакомец, война идет.
000126_RUSLAN|Она идет в душе каждого из нас.
000127_RUSLAN|Затем добавил
000128_RUSLAN|Вы ранили мое сердце.
000129_RUSLAN|Прошло тридцать два года.
000130_RUSLAN|И вот я читаю статью об Андрее Платонове.
000131_RUSLAN|Оказывается, Платонов жил в Уфе.
000132_RUSLAN|Правда, очень недолго.
000133_RUSLAN|Весь октябрь сорок первого года.
000134_RUSLAN|И еще у него там случилась беда.
000135_RUSLAN|Пропал чемодан со всеми рукописями.
000136_RUSLAN|Человек, который хотел ущипнуть меня, был Андреем Платоновым.
000137_RUSLAN|Я поведал об этой встрече друзьям.
000138_RUSLAN|Унылые люди сказали, что это мог быть и не Андрей Платонов.
000139_RUSLAN|Мало ли загадочных типов шатается по бульварам?..
000140_RUSLAN|Какая чепуха!
000141_RUSLAN|В описанной истории даже я фигура несомненная!
000142_RUSLAN|Так что же говорить о Платонове?!..
000143_RUSLAN|Я часто думаю про вора, который украл чемодан с рукописями.
000144_RUSLAN|Вор, наверное, обрадовался, завидев чемодан Платонова.
000145_RUSLAN|Он думал, там лежит фляга спирта, шевиотовый мантель и большой кусок говядины.
000146_RUSLAN|То, что затем обнаружилось, было крепче спирта, ценнее шевиотового мантеля и дороже всей говядины нашей планеты.
000147_RUSLAN|Просто вор этого не знал.
000148_RUSLAN|Видно, он родился хроническим неудачником.
000149_RUSLAN|Хотел разбогатеть, а стал владельцем пустого чемодана.
000150_RUSLAN|Что может быть плачевнее?
000151_RUSLAN|Мазурик, должно быть, швырнул рукопись в канаву, где она и сгинула.
000152_RUSLAN|Рукопись, лежащая в канаве или в ящике стола, неотличима от прошлогодних газет.
000153_RUSLAN|Я не думаю, чтобы Андрей Платонов безмерно сожалел об утраченной рукописи.
000154_RUSLAN|В этих случаях настоящие писатели рассуждают так
000155_RUSLAN|Даже хорошо, что у меня пропали старые рукописи, ведь они были так несовершенны.
000156_RUSLAN|Теперь я вынужден переписать рассказы заново, и они станут лучше.
000157_RUSLAN|Было ли все так на самом деле?
000158_RUSLAN|Да разве это важно?!
000159_RUSLAN|Думаю, что обойдемся без нотариуса.
000160_RUSLAN|Моя душа требует этой встречи.
000161_RUSLAN|Не зря же я с детства мечтал о литературе.
000162_RUSLAN|И вот пытаюсь найти слова.
000163_RUSLAN|Я вынужден сообщать какие-то детали моей биографии, иначе многое останется неясным.
000164_RUSLAN|Сделаю это коротко, пунктиром.
000165_RUSLAN|Толстый застенчивый мальчик.
000166_RUSLAN|Мать самокритично бросила театр и работает корректором.
000167_RUSLAN|Дружба с Алешей Лаврентьевым, за которым приезжает форд.
000168_RUSLAN|Алеша шалит, мне поручено воспитывать его.
000169_RUSLAN|Тогда меня возьмут на дачу.
000170_RUSLAN|Я становлюсь маленьким гувернером.
000171_RUSLAN|Я умнее и больше читал.
000172_RUSLAN|Я знаю, как угодить взрослым.
000173_RUSLAN|Черные дворы.
000174_RUSLAN|Зарождающаяся тяга к плебсу.
000175_RUSLAN|Мечты о силе и бесстрашии.
000176_RUSLAN|Похороны дохлой кошки за сараями.
000177_RUSLAN|Моя надгробная речь, вызвавшая слезы Жанны, дочери электромонтера.
000178_RUSLAN|Я умею говорить, рассказывать.
000179_RUSLAN|Бесконечные двойки.
000180_RUSLAN|Равнодушие к точным наукам.
000181_RUSLAN|Совместное обучение.
000182_RUSLAN|Алла Горшкова.
000183_RUSLAN|Мой длинный язык.
000184_RUSLAN|Неуклюжие эпиграммы.
000185_RUSLAN|Тяжкое бремя сексуальной невинности.
000186_RUSLAN|тысяча девятьсот пятьдесят второй год.
000187_RUSLAN|Я отсылаю в газету Ленинские искры четыре стихотворения.
000188_RUSLAN|Одно, конечно, про Сталина.
000189_RUSLAN|Три про животных.
000190_RUSLAN|Первые рассказы.
000191_RUSLAN|Они публикуются в детском журнале Костер.
000192_RUSLAN|Напоминают худшие вещи средних профессионалов.
000193_RUSLAN|С поэзией кончено навсегда.
000194_RUSLAN|С невинностью тоже.
000195_RUSLAN|Аттестат зрелости.
000196_RUSLAN|Производственный стаж.
000197_RUSLAN|Типография имени Володарского.
000198_RUSLAN|Сигареты, вино и мужские разговоры.
000199_RUSLAN|Растущая тяга к плебсу.
000200_RUSLAN|То есть буквально ни одного интеллигентного приятеля.
000201_RUSLAN|Университет имени Жданова.
000202_RUSLAN|Звучит не хуже, чем Университет имени Аль Капоне.
000203_RUSLAN|Студенческие литературные упражнения.
000204_RUSLAN|Бесконечные переэкзаменовки.
000205_RUSLAN|Несчастная любовь, окончившаяся женитьбой.
000206_RUSLAN|Знакомство с молодыми ленинградскими поэтами Рейном, Найманом, Бродским.
000207_RUSLAN|Наиболее популярный человек той эпохи Сергей Вольф.
000208_RUSLAN|ДЕДУШКА РУССКОЙ СЛОВЕСНОСТИ
000209_RUSLAN|Нас познакомили в ресторане.
000210_RUSLAN|Вольф напоминал американского безработного с плаката.
000211_RUSLAN|Джинсы, свитер, мятый клетчатый пиджак.
000212_RUSLAN|Он пил водку.
000213_RUSLAN|Я пригласил его в фойе и невнятно объяснился без свидетелей.
000214_RUSLAN|Я хотел, чтобы Вольф прочитал мои рассказы.
000215_RUSLAN|Вольф был нетерпелив.
000216_RUSLAN|Я лишь позднее сообразил водка нагревается.
000217_RUSLAN|Любимые писатели?
000218_RUSLAN|коротко спросил Вольф.
000219_RUSLAN|Я назвал Хемингуэя, Белля, русских классиков.
000220_RUSLAN|Жаль, произнес он задумчиво, жаль.
000221_RUSLAN|Попрощался и ушел.
000222_RUSLAN|Я был несколько озадачен.
000223_RUSLAN|Женя Рейн потом объяснил мне
000224_RUSLAN|Назвали бы Вольфа.
000225_RUSLAN|Он бы вас угостил.
000226_RUSLAN|Настоящие писатели интересуются только собой.
000227_RUSLAN|Как всегда, Рейн был прав.
000228_RUSLAN|СОЛО НА УНДЕРВУДЕ
000229_RUSLAN|Как-то сидел у меня Веселов, бывший летчик.
000230_RUSLAN|Темпераментно рассказывал об авиации.
000231_RUSLAN|Самолеты преодолевают верхнюю облачность.
000232_RUSLAN|Жаворонки попадают в сопла.
000233_RUSLAN|Глохнут моторы.
000234_RUSLAN|Самолеты падают.
000235_RUSLAN|Люди разбиваются.
000236_RUSLAN|Жаворонки попадают в сопла.
000237_RUSLAN|Гибнут люди.
000238_RUSLAN|А напротив сидел Женя Рейн.
000239_RUSLAN|Самолеты разбиваются, кричал Веселов, моторы глохнут.
000240_RUSLAN|В сопла попадают жаворонки.
000241_RUSLAN|Гибнут люди.
000242_RUSLAN|Гибнут люди.
000243_RUSLAN|Тогда Рейн обиженно крикнул А жаворонки что выживают?!..
000244_RUSLAN|Да и с Вольфом у меня хорошие отношения.
000245_RUSLAN|О нем есть такая запись
000246_RUSLAN|СОЛО НА УНДЕРВУДЕ
000247_RUSLAN|Вольф с Длуголенским отправились ловить рыбу.
000248_RUSLAN|Вольф поймал огромного судака.
000249_RUSLAN|Вручил его хозяйке и говорит
000250_RUSLAN|Поджарьте этого судака, и будем вместе ужинать.
000251_RUSLAN|Так и сделали.
000252_RUSLAN|Поужинали, выпили.
000253_RUSLAN|Вольф и Длуголенский ушли в свой чулан.
000254_RUSLAN|Хмурый Вольф сказал Длуголенскому
000255_RUSLAN|У тебя есть карандаш и бумага?
000256_RUSLAN|Вольф порисовал минуты две и говорит Вот суки!
000257_RUSLAN|Они подали не всего судака!
000258_RUSLAN|Этот подъем был.
000259_RUSLAN|И этот спуск был.
000260_RUSLAN|А вот этого перевала не было.
000261_RUSLAN|Явный пробел в траектории судака.
000262_RUSLAN|тысяча девятьсот шестидесятый год.
000263_RUSLAN|Новый творческий подъем.
000264_RUSLAN|Рассказы, пошлые до крайности.
000265_RUSLAN|Тема одиночество.
000266_RUSLAN|Неизменный антураж вечеринка.
000267_RUSLAN|Вот примерный образчик фактуры
000268_RUSLAN| А ты славный малый!
000269_RUSLAN|Да, ты славный малый!
000270_RUSLAN|Нет, ты славный малый.
000271_RUSLAN|Просто замечательный.
000272_RUSLAN|Ты меня любишь?
000273_RUSLAN|Выпирающие ребра подтекста.
000274_RUSLAN|Хемингуэй как идеал литературный и человеческий.
000275_RUSLAN|Недолгие занятия боксом.
000276_RUSLAN|Развод, отмеченный трехдневной пьянкой.
000277_RUSLAN|Повестка из военкомата.
000278_RUSLAN|Я хотел уже перейти к решающему этапу своей литературной биографии.
000279_RUSLAN|И вот перечитал написанное.
000280_RUSLAN|Что-то важное скомкано, забыто.
000281_RUSLAN|Упущенные факты тормозят мои автобиографические дроги.
000282_RUSLAN|Я уже говорил, что познакомился с Бродским.
000283_RUSLAN|Вытеснив Хемингуэя, он навсегда стал моим литературным кумиром.
000284_RUSLAN|Нас познакомила моя бывшая жена Ася.
000285_RUSLAN|До этого она не раз говорила
000286_RUSLAN|Есть люди, перед которыми стоят великие цели!
000287_RUSLAN|СОЛО НА УНДЕРВУДЕ
000288_RUSLAN|Шли мы откуда-то с Бродским.
000289_RUSLAN|Был поздний вечер.
000290_RUSLAN|Спустились в метро закрыто.
000291_RUSLAN|Чугунная решетка от земли до потолка.
000292_RUSLAN|А за решеткой прогуливается милиционер.
000293_RUSLAN|Иосиф подошел ближе.
000294_RUSLAN|Затем довольно громко крикнул
000295_RUSLAN|Милиционер насторожился, обернулся.
000296_RUSLAN|Дивная картина, сказал ему Бродский, впервые наблюдаю мента за решеткой.
000297_RUSLAN|Я познакомился с Бродским, Найманом, Рейном.
000298_RUSLAN|В дальнейшем узнал их лучше.
000299_RUSLAN|То есть в послеармейские годы, когда мы несколько сблизились.
000300_RUSLAN|До этого я не мог по заслугам оценить их творческое и личное своеобразие.
000301_RUSLAN|Более того, мое отношение к этой группе поэтов имело налет скептицизма.
000302_RUSLAN|Помимо литературы я жил интересами спорта, футбола.
000303_RUSLAN|Нравился барышням из технических вузов.
000304_RUSLAN|Литература пока не стала моим единственным занятием.
000305_RUSLAN|Я уважал Евтушенко.
000306_RUSLAN|Почему же так важно упомянуть эту группу?
000307_RUSLAN|Я уже тогда знал о существовании неофициальной литературы.
000308_RUSLAN|О существовании так называемой второй культурной действительности.
000309_RUSLAN|Той самой действительности, которая через несколько лет превратится в единственную реальность.
000310_RUSLAN|Повестка из военкомата.
000311_RUSLAN|За три месяца до этого я покинул университет.
000312_RUSLAN|В дальнейшем я говорил о причинах ухода туманно.
000313_RUSLAN|Загадочно касался неких политических мотивов.
000314_RUSLAN|На самом деле все было проще.
000315_RUSLAN|Раза четыре я сдавал экзамен по немецкому языку.
000316_RUSLAN|И каждый раз проваливался.
000317_RUSLAN|Языка я не знал совершенно.
000318_RUSLAN|Ни единого слова.
000319_RUSLAN|Кроме имен вождей мирового пролетариата.
000320_RUSLAN|И наконец меня выгнали.
000321_RUSLAN|Я же, как водится, намекал, что страдаю за правду.
000322_RUSLAN|Затем меня призвали в армию.
000323_RUSLAN|И я попал в конвойную охрану.
000324_RUSLAN|Очевидно, мне суждено было побывать в аду.
000325_RUSLAN|Я не буду рассказывать, что такое ВОХРА.
000326_RUSLAN|Что такое нынешний Устьвымлаг.
000327_RUSLAN|Наиболее драматические ситуации отражены в моей рукописи Зона.
000328_RUSLAN|По ней, думаю, можно судить о том, как я жил эти годы.
000329_RUSLAN|Два экземпляра Зоны у меня сохранились.
000330_RUSLAN|Еще один благополучно переправлен в Нью-Йорк.
000331_RUSLAN|И последний, четвертый, находится в эстонском кэгэбэ.
000332_RUSLAN|Но об этом позже.
000333_RUSLAN|Зона мемуары надзирателя конвойной охраны, цикл тюремных рассказов.
000334_RUSLAN|Как видите, начал я с бытописания изнанки жизни.
000335_RUSLAN|Дебют вполне естественный Бабель, Горький, Хемингуэй.
000336_RUSLAN|Экзотичность пережитого материала важный литературный стимул.
000337_RUSLAN|Хотя наиболее чудовищные, эпатирующие подробности лагерной жизни я, как говорится, опустил.
000338_RUSLAN|Воспроизводить их не хотелось.
000339_RUSLAN|Это выглядело бы спекулятивно.
000340_RUSLAN|Эффект заключался бы не в художественной ткани произведения, а в самом материале.
000341_RUSLAN|Так что я игнорировал крайности, пытаясь держаться в обыденных эстетических рамках.
000342_RUSLAN|В чем основные идеи Зоны?
000343_RUSLAN|Мировая каторжная литература знает две системы идейных представлений.
000344_RUSLAN|Два нравственных аспекта.
000345_RUSLAN|Каторжник жертва, герой, благородная многострадальная фигура.
000346_RUSLAN|Соответственно распределяются моральные ориентиры.
000347_RUSLAN|То есть представители режима сила негативная, отрицательная.
000348_RUSLAN|Каторжник монстр, злодей.
000349_RUSLAN|Соответственно все наоборот.
000350_RUSLAN|Каратель, полицейский, сыщик, милиционер фигуры благородные и героические.
000351_RUSLAN|Я же с удивлением обнаружил нечто третье.
000352_RUSLAN|Полицейские и воры чрезвычайно напоминают друг друга.
000353_RUSLAN|Заключенные особого режима и лагерные надзиратели безумно похожи.
000354_RUSLAN|Язык, образ мыслей, фольклор, эстетические каноны, нравственные установки.
000355_RUSLAN|Таков результат обоюдного влияния.
000356_RUSLAN|По обе стороны колючей проволоки единый и жестокий мир.
000357_RUSLAN|Это я и попытался выразить.
000358_RUSLAN|И еще одну существенную черту усматриваю я в моем лагерном наследии.
000359_RUSLAN|Сравнительно новый по отношению к мировой литературе штрих.
000360_RUSLAN|Каторга неизменно изображалась с позиций жертвы.
000361_RUSLAN|Каторга же, увы, и пополняла ряды литераторов.
000362_RUSLAN|Лагерная охрана не породила видных мастеров слова.
000363_RUSLAN|Так что мои Записки охранника своеобразная новинка.
000364_RUSLAN|Короче, осенью шестьдесят четверотого года я появился в Ленинграде.
000365_RUSLAN|В тощем рюкзаке лежала Зона.
000366_RUSLAN|Перспективы были самые неясные.
000367_RUSLAN|Начинался важнейший этап моей жизни.
000368_RUSLAN|Я встретился с бывшими приятелями.
000369_RUSLAN|Общаться нам стало трудно.
000370_RUSLAN|Возник какой-то психологический барьер.
000371_RUSLAN|Друзья кончали университет, серьезно занимались филологией.
000372_RUSLAN|Подхваченные теплым ветром начала шестидесятых годов, они интеллектуально расцвели.
000373_RUSLAN|А я безнадежно отстал.
000374_RUSLAN|Я напоминал фронтовика, который вернулся и обнаружил, что его тыловые друзья преуспели.
000375_RUSLAN|Мои ордена позвякивали, как шутовские бубенцы.
000376_RUSLAN|Я побывал на студенческих вечеринках.
000377_RUSLAN|Рассказывал кошмарные лагерные истории.
000378_RUSLAN|Меня деликатно слушали и возвращались к актуальным филологическим темам Пруст, Берроуз, Набоков.
000379_RUSLAN|Все это казалось мне удивительно пресным.
000380_RUSLAN|Я был одержим героическими лагерными воспоминаниями.
000381_RUSLAN|Я произносил тосты в честь умерщвленных надзирателей и конвоиров.
000382_RUSLAN|Я рассказывал о таких ужасах, которые в своей чрезмерности были лишены правдоподобия.
000383_RUSLAN|Я всем надоел.
000384_RUSLAN|Мне понятно, за что высмеивал Тургенев недавнего каторжанина Достоевского.
000385_RUSLAN|К этому времени моя жена полюбила знаменитого столичного литератора.
000386_RUSLAN|Тогда я окончательно надулся и со всеми перессорился.
000387_RUSLAN|Надо было искать работу.
000388_RUSLAN|Мне казалось в ту пору, что журналистика сродни литературе.
000389_RUSLAN|И я поступил в заводскую многотиражку.
000390_RUSLAN|Газетная работа поныне является для меня источником существования.
000391_RUSLAN|Сейчас газета мне опротивела, но тогда я был полон энтузиазма.
000392_RUSLAN|Много говорится о том, что журналистика для литератора занятие пагубное.
000393_RUSLAN|Я этого не ощутил.
000394_RUSLAN|В этих случаях действуют различные участки головного мозга.
000395_RUSLAN|Когда я творю для газеты, у меня изменяется почерк.
000396_RUSLAN|Итак, я поступил в заводскую многотиражку.
000397_RUSLAN|Одновременно писал рассказы.
000398_RUSLAN|Их становилось все больше.
000399_RUSLAN|Они не умещались в толстой папке за сорок копеек.
000400_RUSLAN|Тогда я еще не вполне серьезно относился к этому.
000401_RUSLAN|СОЛО НА УНДЕРВУДЕ
000402_RUSLAN|Однажды брат спросил меня
000403_RUSLAN|Ты пишешь роман?
000404_RUSLAN|И я пишу, обрадовался брат Махнем не глядя?..
000405_RUSLAN|Я должен был кому-то показать свои рукописи.
000406_RUSLAN|Приятели с филфака не внушали доверия.
000407_RUSLAN|Знакомых литераторов у меня не было.
000408_RUSLAN|Только неофициальные.
000409_RUSLAN|ПОТОМОК ДАРТАНЬЯНА
000410_RUSLAN|По бульвару вдоль желтых скамеек, мимо гипсовых урн шагает небольшого роста человек.
000411_RUSLAN|Зовут его Анатолии Найман.
000412_RUSLAN|Быстрые ноги его обтянуты светлыми континентальными джинсами.
000413_RUSLAN|В движениях изящество юного князя.
000414_RUSLAN|Найман интеллектуальный ковбой.
000415_RUSLAN|Успевает нажать спусковой крючок раньше любого оппонента.
000416_RUSLAN|Его трассирующие шутки ядовиты.
000417_RUSLAN|СОЛО НА УНДЕРВУДЕ
000418_RUSLAN|Женщина в трамвае Найману
000419_RUSLAN|Ах, не прикасайтесь ко мне!
000420_RUSLAN|Ничего страшного, я потом вымою руки..
000421_RUSLAN|Кроме того, Найман пишет замечательные стихи, он друг Ахматовой и воспитатель Бродского.
000422_RUSLAN|Я его боюсь.
000423_RUSLAN|Мы встретились на улице Правды.
000424_RUSLAN|Найман оглядел меня с веселым задором.
000425_RUSLAN|Еще бы, подстрелить такую крупную дичь!
000426_RUSLAN|Скоро Найман убедился в том, что я млекопитающее.
000427_RUSLAN|Морж на суше.
000428_RUSLAN|Чересчур большая мишень.
000429_RUSLAN|Стрелять в меня неинтересно.
000430_RUSLAN|Мы, кажется, знакомы?
000431_RUSLAN|Демобилизовались?
000432_RUSLAN|Очень хорошо.
000433_RUSLAN|Что-то пишете?
000434_RUSLAN|Прочитайте строчки три.
000435_RUSLAN|Ах, рассказы?
000436_RUSLAN|Тогда занесите.
000437_RUSLAN|Я живу близко.
000438_RUSLAN|Найман читает мои рассказы.
000439_RUSLAN|Мы гуляем возле Пушкинского театра.
000440_RUSLAN|Через год вы станете прогрессивным молодым автором.
000441_RUSLAN|Если вас это, конечно, устраивает.
000442_RUSLAN|СОЛО НА УНДЕРВУДЕ
000443_RUSLAN|Толя, зову я Наймана.
000444_RUSLAN|пойдемте в гости к Леве Рыскину.
000445_RUSLAN|Какой-то он советский.
000446_RUSLAN|То есть как это советский?
000447_RUSLAN|Вы ошибаетесь! 
000448_RUSLAN|Ну, антисоветский.
000449_RUSLAN|Какая разница?
000450_RUSLAN|Найман спешит.
000451_RUSLAN|Я провожаю его.
000452_RUSLAN|Мне хочется без конца говорить о рассказах.
000453_RUSLAN|Печататься не обязательно.
000454_RUSLAN|Это неважно.
000455_RUSLAN|Когда-нибудь потом.
000456_RUSLAN|Лишь бы написать что-то стоящее.
000457_RUSLAN|Найман рассеянно кивает.
000458_RUSLAN|Он равнодушен даже к созвездию левых москвичей.
000459_RUSLAN|Ему известны литературные тайны прошлого и будущего.
000460_RUSLAN|Современная литература вся невзрачный захламленный тоннель между прошлым и будущим.
000461_RUSLAN|Мы оказываемся в районе новостроек.
000462_RUSLAN|Я пытаюсь ему угодить
000463_RUSLAN|Думаю, Толстой не согласился бы жить в этом унылом районе!
000464_RUSLAN|Толстой не согласился бы жить в этом.
000465_RUSLAN|Мы видимся довольно часто.
000466_RUSLAN|Я приношу новые рассказы.
000467_RUSLAN|Толя их снисходительно похваливает.
000468_RUSLAN|Его жена Лера твердит
000469_RUSLAN|Сергей, у вас нет Бога!
000470_RUSLAN|Я не знаю, кто я такой.
000471_RUSLAN|Пишу рассказы.
000472_RUSLAN|Совесть есть, это точно.
000473_RUSLAN|Я ощущаю ее болезненное наличие.
000474_RUSLAN|Мне грустно, что наша планета в дальнейшем остынет.
000475_RUSLAN|Я завидую Найману.
000476_RUSLAN|Его остроумию, уверенности, злости.
000477_RUSLAN|СОЛО НА УНДЕРВУДЕ
000478_RUSLAN|Найману звонит приятельница
000479_RUSLAN|Приходи к нам обедать.
000480_RUSLAN|Знаешь, возьми по дороге сардин таких импортных, марокканских.
000481_RUSLAN|И варенья какого-нибудь.
000482_RUSLAN|Если тебя не обеспокоят эти расходы
000483_RUSLAN|Эти расходы меня совершенно не обеспокоят.
000484_RUSLAN|Потому что я не куплю ни того, ни другого.
000485_RUSLAN|Я так хочу понравиться Найману.
000486_RUSLAN|Я почти заискиваю.
000487_RUSLAN|СОЛО НА УНДЕРВУДЕ
000488_RUSLAN|Я спрашиваю Наймана
000489_RUSLAN|Вы знаете Абрама Каценеленбогена?
000490_RUSLAN|Абрам Каценеленбоген талантливый лингвист.
000491_RUSLAN|Популярный, яркий человек.
000492_RUSLAN|Толя должен знать его.
000493_RUSLAN|Я тоже знаю Абрама Каценеленбогена.
000494_RUSLAN|То есть у нас общие знакомые.
000495_RUSLAN|Значит, мы равны.
000496_RUSLAN|Найман отвечает
000497_RUSLAN|Абрам Каценеленбоген?
000498_RUSLAN|Что-то знакомое.
000499_RUSLAN|Имя Абрам мне где-то встречалось.
000500_RUSLAN|Определенно встречалось, фамилию Каценеленбоген слышу впервые.
000501_RUSLAN|Приношу ему три рассказа в неделю.
000502_RUSLAN|Прочел с удовольствием.
000503_RUSLAN|Рассказы замечательные.
000504_RUSLAN|Плохие, но замечательные.
000505_RUSLAN|Вы становитесь прогрессивным молодым автором.
000506_RUSLAN|На улице Воинова есть литературное объединение.
000507_RUSLAN|Там собираются прогрессивные молодые авторы.
000508_RUSLAN|Хотите, я покажу рассказы Игорю Ефимову?
000509_RUSLAN|Кто такой Игорь Ефимов?
000510_RUSLAN|Прогрессивный молодой автор.
000511_RUSLAN|Так мои рассказы попали к Игорю Ефимову.
000512_RUSLAN|Ефимов их прочел, кое-что одобрил.
000513_RUSLAN|Через него я познакомился с Борисом Бахтиным, Марамзиным и Губяным.
000514_RUSLAN|Четверо талантливых авторов представляли литературное содружество Горожане.
000515_RUSLAN|Само название противопоставляло их крепнущей деревенской литературе.
000516_RUSLAN|Негласным командиром содружества равных был Вахтин.
000517_RUSLAN|Мужественный, энергичный Борис чрезвычайно к себе располагал.
000518_RUSLAN|Излишняя театральность его манер порою вызывала насмешки.
000519_RUSLAN|Однако же насмешки тайные.
000520_RUSLAN|Смеяться открыто не решались.
000521_RUSLAN|Даже ядовитый Найман возражал Борису осторожно.
000522_RUSLAN|Потом я узнал, что Бахтину хорошо заметны его слабости.
000523_RUSLAN|Что он нередко иронизирует в собственный адрес.
000524_RUSLAN|А это неопровержимый признак ума.
000525_RUSLAN|Как у большинства агрессивных людей, его волевое давление обрушивалось на людей столь же агрессивных.
000526_RUSLAN|В отношении людей непритязательных он был чрезвычайно сдержан.
000527_RUSLAN|Я в ту пору был непритязательным человеком.
000528_RUSLAN|Мне известно, что Вахтин совершил немало добрых поступков элементарного житейского толка.
000529_RUSLAN|Ему постоянно досаждали чьи-то жены, которым он выхлопатывал алименты.
000530_RUSLAN|Его домогались инвалиды, требовавшие финансового участия.
000531_RUSLAN|К нему шли жертвы всяческих беззаконий.
000532_RUSLAN|Еще мне импонировала в нем черточка ленивого барства.
000533_RUSLAN|Его неизменная готовность раскошелиться.
000534_RUSLAN|То есть буквально уплатить за всех.
000535_RUSLAN|Губин был человеком другого склада.
000536_RUSLAN|Выдумщик, плут, сочинитель, он начинал легко и удачливо.
000537_RUSLAN|Но его довольно быстро раскусили.
000538_RUSLAN|Последовал длительный тяжелый неуспех.
000539_RUSLAN|И Губин, мне кажется, сдался.
000540_RUSLAN|Оставил литературные попытки.
000541_RUSLAN|Сейчас он чиновник Ленгаза, неизменно приветливый, добрый, веселый.
000542_RUSLAN|За всем этим чувствуется драма.
000543_RUSLAN|Сам он говорит, что писать не бросил.
000544_RUSLAN|Мне хочется этому верить.
000545_RUSLAN|И все-таки я думаю, что Губин переступил рубеж благотворного уединения.
000546_RUSLAN|Пусть это звучит банально литературная среда необходима.
000547_RUSLAN|Писатель не может бросить свое занятие.
000548_RUSLAN|Это неизбежно привело бы к искажению его личности.
000549_RUSLAN|Вот почему я думаю о Губине с тревогой и надеждой.
000550_RUSLAN|В моих записных книжках имеется о нем единственное упоминание.
000551_RUSLAN|СОЛО НА УНДЕРВУДЕ
000552_RUSLAN|Володя Губин человек не светский.
000553_RUSLAN|До чего красивые жены у моих приятелей.
000554_RUSLAN|говорит он, это фантастика!
000555_RUSLAN|У Бахтина красавица!
000556_RUSLAN|У Ефимова красавица!
000557_RUSLAN|А у Довлатова.
000558_RUSLAN|Ну такая красавица..
000559_RUSLAN|Таких даже в метро не часто встретишь!..
000560_RUSLAN|Губин рассказывает о себе
000561_RUSLAN|Да, я не появляюсь в издательствах.
000562_RUSLAN|Это бесполезно.
000563_RUSLAN|Пишу ночами.
000564_RUSLAN|И достигаю таких вершин, о которых не мечтал!..
000565_RUSLAN|Повторяю, я хотел бы этому верить.
000566_RUSLAN|Но в сумеречные озарения поверить трудно.
000567_RUSLAN|Ночь опасное время.
000568_RUSLAN|Во мраке так легко потерять ориентиры.
000569_RUSLAN|Судьба Губина еще одно преступление наших литературных вохровцев.
000570_RUSLAN|Марамзин сейчас человек известный, живет в Париже, редактирует Эхо.
000571_RUSLAN|Когда мы познакомились, он уже был знаменитым скандалистом.
000572_RUSLAN|Смелый, талантливый и расчетливый, Марамзин, я уверен, давно шел к намеченной цели.
000573_RUSLAN|Его замечательную, несколько манерную прозу украшают внезапные оазисы ясности и чистоты Я свободы не прошу.
000574_RUSLAN|Зачем мне свобода?
000575_RUSLAN|Более того, у меня она, кажется, есть. Замечу, что это написано до эмиграции.
000576_RUSLAN|В его характере с последовательной непоследовательностью уживались безграничная ортодоксия и широчайшая терпимость.
000577_RUSLAN|Его безапелляционные жесты раздражали.
000578_RUSLAN|Затрудняла общение и склонность к мордобою.
000579_RUSLAN|После одной кулачной истории я держался от Марамзина на расстоянии.
000580_RUSLAN|О Ефимове писать трудно.
000581_RUSLAN|Игорь многое предпринял, чтобы затруднить всякие разговоры о себе.
000582_RUSLAN|Попытки рассказать о нем уводят в сторону казенной характеристики
000583_RUSLAN|Честен, принципиален, морально устойчив…
000584_RUSLAN|Пользуется авторитетом.
000585_RUSLAN|СОЛО НА УНДЕРВУДЕ
000586_RUSLAN|Шли выборы правления Союза.
000587_RUSLAN|Союза писателей, разумеется.
000588_RUSLAN|Голосовали по спискам.
000589_RUSLAN|Неугодную кандидатуру следовало вычеркнуть.
000590_RUSLAN|В коридоре Ефимов повстречал Минчковского.
000591_RUSLAN|Обдав Игоря винными парами, тот задорно произнес
000592_RUSLAN|Идем голосовать!
000593_RUSLAN|Пунктуальный Ефимов уточнил
000594_RUSLAN|Идем вычеркивать друг друга.
000595_RUSLAN|Ефимов человек не слишком откровенный.
000596_RUSLAN|Книги и даже рукописи не отражают полностью его характера.
000597_RUSLAN|Я хотел бы написать это человек сложный.
000598_RUSLAN|Сложный, так не пиши.
000599_RUSLAN|А то, знаете, в переводных романах делаются иногда беспомощные сноски
000600_RUSLAN|В оригинале непереводимая игра слов.
000601_RUSLAN|Я думаю, Ефимов самый многообещающий человек в Ленинграде.
000602_RUSLAN|Если не считать Бродского.
000603_RUSLAN|Среди моих знакомых преобладали неординарные личности.
000604_RUSLAN|Главным образом, дерзкие начинающие писатели, бунтующие художники и революционные музыканты.
000605_RUSLAN|Даже на этом мятежном фоне Бродский резко выделялся.
000606_RUSLAN|Нильс Бор говорил
000607_RUSLAN|Истины бывают ясные и глубокие.
000608_RUSLAN|Ясной истине противостоит ложь.
000609_RUSLAN|Глубокой истине противостоит другая истина, не менее глубокая.
000610_RUSLAN|Мои друзья были одержимы ясными истинами.
000611_RUSLAN|Мы говорили о свободе творчества, о праве на информацию, об уважении к человеческому достоинству.
000612_RUSLAN|Нами владел скептицизм по отношению к государству.
000613_RUSLAN|Мы были стихийными, физиологическими атеистами.
000614_RUSLAN|Так уж нас воспитали.
000615_RUSLAN|Если мы и говорили о Боге, то в состоянии позы, кокетства, демарша.
000616_RUSLAN|Идея Бога казалась нам знаком особой творческой притязательности.
000617_RUSLAN|Наиболее высокой по классу эмблемой художественного изобилия.
000618_RUSLAN|Бог становился чем-то вроде положительного литературного героя.
000619_RUSLAN|Бродского волновали глубокие истины.
000620_RUSLAN|Понятие души в его литературном и жизненном обиходе было решающим, центральным.
000621_RUSLAN|Будни нашего государства воспринимались им как умирание покинутого душой тела.
000622_RUSLAN|Или как апатия сонного мира, где бодрствует только поэзия.
000623_RUSLAN|Рядом с Бродским другие молодые нонконформисты казались людьми иной профессии.
000624_RUSLAN|Бродский создал неслыханную модель поведения.
000625_RUSLAN|Он жил не в пролетарском государстве, а в монастыре собственного духа.
000626_RUSLAN|Он не боролся с режимом.
000627_RUSLAN|Он его не замечал.
000628_RUSLAN|И даже нетвердо знал о его существовании.
000629_RUSLAN|Его неосведомленность в области советской жизни казалась притворной.
000630_RUSLAN|Например, он был уверен, что Дзержинский жив.
000631_RUSLAN|И что Коминтерн название музыкального ансамбля.
000632_RUSLAN|Он не узнавал членов Политбюро цека.
000633_RUSLAN|Когда на фасаде его дома укрепили шестиметровый портрет Мжаванадзе, Бродский сказал
000634_RUSLAN|Похож на Уильяма Блэйка.
000635_RUSLAN|Своим поведением Бродский нарушал какую-то чрезвычайно важную установку.
000636_RUSLAN|И его сослали в Архангельскую губернию.
000637_RUSLAN|Советская власть обидчивая дама.
000638_RUSLAN|Худо тому, кто ее оскорбляет.
000639_RUSLAN|Но гораздо хуже тому, кто ее игнорирует.
000640_RUSLAN|Наверное, я мог бы вспомнить об этих людях что-то плохое.
000641_RUSLAN|Однако делать этого принципиально не желаю.
000642_RUSLAN|Не хочу быть объективным.
000643_RUSLAN|Я люблю моих товарищей.
000644_RUSLAN|Горожане отнеслись ко мне благосклонно.
000645_RUSLAN|Желая вернуть литературе черты изящной словесности, они настойчиво акцентировали языковые приемы.
000646_RUSLAN|Даже строгий Ефимов баловался всяческой орнаменталистикой.
000647_RUSLAN|Борис Бахтин провозглашал
000648_RUSLAN|Не пиши ты эпохами и катаклизмами!
000649_RUSLAN|Не пиши ты страстями и локомотивами!
000650_RUSLAN|А пиши ты, дурень, буквами А, Б, В.
000651_RUSLAN|Я был единодушно принят в содружество Горожане.
000652_RUSLAN|Но тут сказалась характерная черта моей биографии умение поспевать лишь к шапочному разбору.
000653_RUSLAN|Стоит мне приобрести что-нибудь в кредит, и эту штуку тотчас же уценивают.
000654_RUSLAN|А я потом два года расплачиваюсь.
000655_RUSLAN|С лагерной темой опоздал года на два.
000656_RUSLAN|В общем, пригласив меня, содружество немедленно распалось.
000657_RUSLAN|Отделился Ефимов.
000658_RUSLAN|Он покончил с литературными упражнениями и написал традиционный роман Зрелища.
000659_RUSLAN|Без него группа теряла солидность.
000660_RUSLAN|Ведь он был единственным членом Союза писателей.
000661_RUSLAN|Короче, многие даже не знают, что я был пятым горожанином.
000662_RUSLAN|РЯДОМ С ГЕЙНЕ
000663_RUSLAN|Мои сочинения передавались из рук в руки.
000664_RUSLAN|Так я познакомился с Битовым, Майей Данини, Ридом Грачевым, Воскобойниковым, Леоновым, Арро.
000665_RUSLAN|Все эти люди отнеслись ко мне доброжелательно.
000666_RUSLAN|Из литераторов старшего поколения рассказами заинтересовались Меттер, Гор, Бакинский.
000667_RUSLAN|Классик нашей литературы Гранин тоже их прочел.
000668_RUSLAN|Затем пригласил меня на дачу.
000669_RUSLAN|Мы беседовали возле кухонной плиты.
000670_RUSLAN|Неплохо, повторял Даниил Александрович, листая мою рукопись, неплохо.
000671_RUSLAN|За стеной раздавались шаги.
000672_RUSLAN|Гранин задумался, потом сказал
000673_RUSLAN|Только все это не для печати.
000674_RUSLAN|Я не знаю, где советские писатели черпают темы.
000675_RUSLAN|Все кругом не для печати.
000676_RUSLAN|СОЛО НА УНДЕРВУДЕ
000677_RUSLAN|В Тбилиси проходила конференция
000678_RUSLAN|Оптимизм советской литературы.
000679_RUSLAN|Среди других выступал поэт Наровчатов.
000680_RUSLAN|Говорил на тему безграничного оптимизма советской литературы.
000681_RUSLAN|Затем вышел на трибуну грузинский писатель Кемоклидзе
000682_RUSLAN|Вопрос предыдущему оратору.
000683_RUSLAN|Слушаю вас откликнулся Наровчатов.
000684_RUSLAN|Я хочу спросить насчет Байрона.
000685_RUSLAN|Он был молодой?
000686_RUSLAN|Да, удивился Наровчатов, Байрон погиб сравнительно молодым человеком.
000687_RUSLAN|Почему вы об этом спрашиваете?
000688_RUSLAN|Еще один вопрос насчет Байрона.
000689_RUSLAN|Он был красивый?
000690_RUSLAN|Байрон обладал чрезвычайно эффектной внешностью.
000691_RUSLAN|Это общеизвестно.
000692_RUSLAN|И еще один вопрос насчет того же Байрона.
000693_RUSLAN|Он был зажиточный?
000694_RUSLAN|Ну, разумеется.
000695_RUSLAN|Он был лорд.
000696_RUSLAN|У него был замок.
000697_RUSLAN|какие-то странные вопросы.
000698_RUSLAN|И последний вопрос насчет Байрона.
000699_RUSLAN|Он был талантливый?
000700_RUSLAN|Байрон величайший поэт Англии!
000701_RUSLAN|Я не понимаю, в чем дело?!
000702_RUSLAN|Сейчас поймешь.
000703_RUSLAN|Вот посмотри на Байрона.
000704_RUSLAN|Он был молодой, красивый, зажиточный и талантливый.
000705_RUSLAN|И он был пессимист.
000706_RUSLAN|А ты старый, нищий, уродливый и бездарный.
000707_RUSLAN|И ты оптимист!
000708_RUSLAN|Гранин сказал
000709_RUSLAN|Вы преувеличиваете.
000710_RUSLAN|Литератор должен публиковаться.
000711_RUSLAN|Разумеется, не в ущерб своему таланту.
000712_RUSLAN|Есть такая щель между совестью и подлостью.
000713_RUSLAN|В эту щель необходимо проникнуть.
000714_RUSLAN|Я набрался храбрости и сказал
000715_RUSLAN|Мне кажется, рядом с этой щелью волчий капкан установлен.
000716_RUSLAN|Наступила тягостная пауза.
000717_RUSLAN|Я попрощался и вышел.
000718_RUSLAN|Прошло недели две.
000719_RUSLAN|Я узнал, что мои рассказы будут обсуждаться в Союзе писателей.
000720_RUSLAN|В ежемесячной программе Дома имени Маяковского напечатали анонс.
000721_RUSLAN|Девять лет спустя взволнованно перелистываю голубую книжечку.
000722_RUSLAN|Фамилии были напечатаны одинаковым шрифтом.
000723_RUSLAN|Поклонники Гейне собрались на втором этаже.
000724_RUSLAN|Мои на третьем.
000725_RUSLAN|Мои клянусь!
000726_RUSLAN|значительно преобладали.
000727_RUSLAN|Обсуждение прошло хорошо.
000728_RUSLAN|Если о тебе говорят целый вечер дурное или хорошее это приятно.
000729_RUSLAN|С резкой критикой выступил лишь один человек писатель Борис Иванов.
000730_RUSLAN|Через несколько месяцев его выгнали из партии.
000731_RUSLAN|Я тут ни при чем.
000732_RUSLAN|Видно, он критиковал не только меня.
000733_RUSLAN|ПЕРВАЯ РЕЦЕНЗИЯ
000734_RUSLAN|Декабрьским утром шестьдесят седьмого года я отослал целую пачку рассказов в журнал Новый мир.
000735_RUSLAN|Откровенно говоря, я не питал иллюзий.
000736_RUSLAN|Запечатал, отослал и все.
000737_RUSLAN|Новый мир тогда был очень популярен.
000738_RUSLAN|В нем сотрудничали лучшие московские прозаики.
000739_RUSLAN|В нем печатался Солженицын.
000740_RUSLAN|Я думал, что ответа вообще не последует.
000741_RUSLAN|Меня просто не заметят.
000742_RUSLAN|И вот я получаю большой маркированный конверт.
000743_RUSLAN|В нем мои слегка помятые рассказы.
000744_RUSLAN|К ним прилагается рецензия знаменитой Инны Соловьевой.
000745_RUSLAN|И далее короткое заключение отдела прозы.
000746_RUSLAN|Воспроизвожу наиболее существенные отрывки из этих документов.
000747_RUSLAN|Качество цитируемых материалов на совести авторов.
000748_RUSLAN|О РАССКАЗАХ С. ДОВЛАТОВА
000749_RUSLAN|Эти небольшие рассказы читаешь с каким-то двойным интересом.
000750_RUSLAN|Интерес вызывает личная авторская нота, тот характер отношения к жизни, в котором преобладает стыд.
000751_RUSLAN|Беспощадный дар наблюдательности вооружает писателя сильным биноклем малое он различает до подробностей, большое не заслоняет его горизонтов.
000752_RUSLAN|Программным видится у автора демонстративный, чуть заносчивый отказ от выводов, от морали.
000753_RUSLAN|Даже тень ее кажется принудит Довлатова замкнуться, ощетиниться.
000754_RUSLAN|Впрочем, сама демонстративность авторского невмешательства, акцентированность его молчания становится формой присутствия, системой безжалостного зрения.
000755_RUSLAN|Хочется еще сказать о блеске стиля, о некотором щегольстве резкостью, о легкой браваде в обнаружении прямого знакомства автора с уникальным жизненным материалом, для других невероятным и пугающим.
000756_RUSLAN|Но в то же время на рассказах Довлатова лежит особый узнаваемый лоск прозы для своих.
000757_RUSLAN|Рукописи были отклонены.
000758_RUSLAN|И все-таки это письмо меня обнадежило.
000759_RUSLAN|Ведь главное для меня написать что-то стоящее.
000760_RUSLAN|А здесь . беспощадный дар наблюдательности., . уникальный жизненный материал. .
000761_RUSLAN|Через несколько лет меня перестанут интересовать соображения рецензентов.
000762_RUSLAN|Я буду сразу же заглядывать в конец
000763_RUSLAN|Тем не менее рассказы приходится возвратить. 
000764_RUSLAN|В силу известных причин рассказы отклоняем.
000765_RUSLAN|Рассказы использовать не можем, хоть они произвели благоприятное впечатление. И так далее.
000766_RUSLAN|Таких рецензий у меня накопилось больше сотни.
000767_RUSLAN|НРАВИТСЯ ВОЗВРАЩАЕМ!
000768_RUSLAN|Я познакомился с рядовыми журнальными чиновниками.
000769_RUSLAN|С некоторыми даже подружился.
000770_RUSLAN|Письма из редакций становились все менее официальными.
000771_RUSLAN|Теперь я получал дружеские записки.
000772_RUSLAN|В этом были свои плюсы и минусы.
000773_RUSLAN|С одной стороны товарищеская доверительная информация.
000774_RUSLAN|Оперативность.
000775_RUSLAN|Никаких иллюзий.
000776_RUSLAN|Но при этом более легкая и удобная для журнала форма отказа.
000777_RUSLAN|Вместо ответственных казенных документов фамильярный звонок по телефону
000778_RUSLAN|Здорово, старик!
000779_RUSLAN|Должен тебя огорчить не пойдет!
000780_RUSLAN|Ты же знаешь, как у нас это делается!..
000781_RUSLAN|Ты ведь умный человек.
000782_RUSLAN|Может, у тебя есть что-нибудь про завод?
000783_RUSLAN|Про завод, говорю.
000784_RUSLAN|А вот материться не обязательно!
000785_RUSLAN|Я же по-товарищески спросил.
000786_RUSLAN|В общем, звони.
000787_RUSLAN|Я не обижался.
000788_RUSLAN|Результат один и тот же.
000789_RUSLAN|Вот несколько образцов дружеских посланий.
000790_RUSLAN|Из журнала Юность
000791_RUSLAN|Сергей, привет!
000792_RUSLAN|Все было именно так, как я предполагал.
000793_RUSLAN|Конечно же, рассказы не прошли.
000794_RUSLAN|Конечно же, не по литературным меркам.
000795_RUSLAN|Всякая лагерная тема наглухо закрыта, доже если речь идет об уголовниках.
000796_RUSLAN|Ничего трагического, мрачного.
000797_RUSLAN|Жизнь прекрасна и удивительна! как восклицал товарищ Маяковский накануне самоубийства.
000798_RUSLAN|Некоторые сцены я часто пересказываю друзьям.
000799_RUSLAN|Лучше бы они прочли это на страницах Юности, но.
000800_RUSLAN|Привет от Юры.
000801_RUSLAN|Твой Виталий.
000802_RUSLAN|Друзья, работающие в журналах, искренне хотели мне помочь.
000803_RUSLAN|Только возможностей у них было маловато.
000804_RUSLAN|Поэтому я не обижаюсь.
000805_RUSLAN|СОЛО НА УНДЕРВУДЕ
000806_RUSLAN|В Ленинграде есть особая комиссия по работе с молодыми авторами.
000807_RUSLAN|Однажды меня пригласили на заседание этой комиссии.
000808_RUSLAN|Члены комиссии задали вопрос
000809_RUSLAN|Чем можно вам помочь!
000810_RUSLAN|Ничем, сказал я.
000811_RUSLAN|Ну, а все-таки?
000812_RUSLAN|Что нужно сделать в первую очередь? 
000813_RUSLAN|Тогда я им ответил, по-ленински грассируя
000814_RUSLAN|В пегвую очегедь!..
000815_RUSLAN|В первую очередь нужно захватить мосты.
000816_RUSLAN|Затем оцепить вокзалы.
000817_RUSLAN|Блокировать почту и телеграф. 
000818_RUSLAN|Члены комиссии вздрогнули и переглянулись.
000819_RUSLAN|ЛИТЕРАТУРНЫЙ ГАРЛЕМ
000820_RUSLAN|Я уже не ограничивался службой в многотиражке.
000821_RUSLAN|Сотрудничал как журналист в Авроре, Звезде и Неве.
000822_RUSLAN|Напечатал три очерка и полтора десятка коротких рецензий.
000823_RUSLAN|Заказы я получал, в основном, мелкие, но и этим дорожил чрезвычайно.
000824_RUSLAN|А началось все так.
000825_RUSLAN|СОЛО НА УНДЕРВУДЕ
000826_RUSLAN|Позвонил мне заведующий отделан критики Дудко
000827_RUSLAN|Товарищ Довлатов!
000828_RUSLAN|Что вы не звоните?!
000829_RUSLAN|Почему не заходите?!
000830_RUSLAN|Срочно пишите для нас рецензию!
000831_RUSLAN|С вашей остротой.
000832_RUSLAN|С вашей наблюдательностью.
000833_RUSLAN|С присущим вам чувством юмора.
000834_RUSLAN|Захожу на следующий день в редакцию.
000835_RUSLAN|Дудко мрачно спрашивает
000836_RUSLAN|Что вам. собственно, нужно?
000837_RUSLAN|Да вот, рецензию собираюсь написать.
000838_RUSLAN|Хотелось бы посоветоваться насчет темы.
000839_RUSLAN|Вы что, критик?
000840_RUSLAN|Почему же вы думаете, что рецензию может написать любой!
000841_RUSLAN|Я удивился, попрощался и вышел.
000842_RUSLAN|Через три дня опять звонит
000843_RUSLAN|Сережа, дорогой!
000844_RUSLAN|Что же вы не появляетесь?!
000845_RUSLAN|Мечтаем получить от вас рецензию.”
000846_RUSLAN|И так далее.
000847_RUSLAN|Захожу в редакцию.
000848_RUSLAN|Мрачный вопрос Что вам угодно?
000849_RUSLAN|Это повторялось раз семь.
000850_RUSLAN|Наконец я почувствовал, что теряю рассудок.
000851_RUSLAN|Зашел в отдел прозы к Чиркову.
000852_RUSLAN|Спрашиваю что все это значит?
000853_RUSLAN|Когда ты заходишь? интересуется Чирков.
000854_RUSLAN|Во сколько? 
000855_RUSLAN|Ну, как правило, часов в одиннадцать
000856_RUSLAN|А он тебе звонит когда?
000857_RUSLAN|В какие часы?
000858_RUSLAN|Как правило, часа в два.
000859_RUSLAN|Ты являешься, когда Дудко с похмелья мрачный.
000860_RUSLAN|А звонит он тебе позже.
000861_RUSLAN|То есть уже подлечившись.
000862_RUSLAN|Попробуй зайти часа в два.
000863_RUSLAN|Я зашел в два.
000864_RUSLAN|А! закричал Дудко.
000865_RUSLAN|Сто лет не виделись!
000866_RUSLAN|Надеюсь, принесли рецензию? ..
000867_RUSLAN|С вашим талантом!..
000868_RUSLAN|С вашим чувством юмора!..
000869_RUSLAN|И так далее.
000870_RUSLAN|С тех пор я напечатал в этом журнале десяток рецензий.
000871_RUSLAN|Однако раньше двух я там не появляюсь.
000872_RUSLAN|В общем, меня изредка публиковали.
000873_RUSLAN|Хоть и не по специальности.
000874_RUSLAN|На этот счет имеется такая запись
000875_RUSLAN|СОЛО НА УНДЕРВУДЕ
000876_RUSLAN|Лерман и я оба попали в энциклопедию.
000877_RUSLAN|В литературную, естественно, энциклопедию.
000878_RUSLAN|Лерман на букву.
000879_RUSLAN|Ш библиография к Шолохову.
000880_RUSLAN|Я на букву О /библиография к Окуджаве/.
000881_RUSLAN|Какое убожество.
000882_RUSLAN|Разумеется, я получал не только грустные известия.
000883_RUSLAN|Мою работу в частном порядке хвалили уважаемые люди.
000884_RUSLAN|Рассказы нравились Гору, Пановой, Бакинскому, Меттеру.
000885_RUSLAN|Я получал от них дружеские записки.
000886_RUSLAN|Постепенно этого мне стало явно недостаточно.
000887_RUSLAN|КАК ЗАРАБОТАТЬ ТЫСЯЧУ РУБЛЕЙ
000888_RUSLAN|В журнале Нева служил мой близкий приятель Лерман.
000889_RUSLAN|Давно мне советовал
000890_RUSLAN|Напиши о заводе.
000891_RUSLAN|Ты же работал в многотиражке.
000892_RUSLAN|Разложил свои газетные вырезки.
000893_RUSLAN|Перечитал их.
000894_RUSLAN|Решил на время забыть о чести.
000895_RUSLAN|И быстро написал рассказ По заданию два авторских листа тошнотворной елейной халтуры.
000896_RUSLAN|Там действовали наивный журналист и передовой рабочий.
000897_RUSLAN|Журналист задавал идиотские вопросы по схеме.
000898_RUSLAN|Передовик эту заведомую схему разрушал.
000899_RUSLAN|Деталей, откровенно говоря, не помню.
000900_RUSLAN|Перечитывать это дело стыжусь.
000901_RUSLAN|В Неве мой рассказ прочитали и отвергли.
000902_RUSLAN|Лерман объяснил
000903_RUSLAN|Слишком хорошо для нас.
000904_RUSLAN|Хуже не бывает, говорю.
000905_RUSLAN|Редко, но бывает.
000906_RUSLAN|Хочешь убедиться раскрой журнал Нева.
000907_RUSLAN|Я был озадачен.
000908_RUSLAN|Я решился продать душу сатане, а что вышло?
000909_RUSLAN|Вышло, что я душу сатане подарил.
000910_RUSLAN|Что может быть позорнее?..
000911_RUSLAN|Я отослал свое произведение в Юность.
000912_RUSLAN|Через две недели получил ответ берем.
000913_RUSLAN|Еще через три месяца вышел номер журнала.
000914_RUSLAN|В текст я даже не заглянул.
000915_RUSLAN|А вот фотография мне понравилась этакий неаполитанский солист.
000916_RUSLAN|В полученной мною анонимной записке этот контраст был любовно опоэтизирован
000917_RUSLAN|Портрет хорош, годится для кино.
000918_RUSLAN|Но текст беспрецедентное говно!
000919_RUSLAN|Так знайте же, что эта халтура принесла мне огромные деньги.
000920_RUSLAN|А именно тысячу рублей.
000921_RUSLAN|Четыреста заплатила Юность.
000922_RUSLAN|Затем пришла бумага из Киева.
000923_RUSLAN|Режиссер Пивоваров хочет снять короткометражный фильм.
000924_RUSLAN|Двести рублей за право экранизации.
000925_RUSLAN|Затем договор из Москвы.
000926_RUSLAN|Радиоспектакль силами артистов МХАТа.
000927_RUSLAN|Двести рублей.
000928_RUSLAN|Далее письмецо из Ташкента.
000929_RUSLAN|Телекомпозиция.
000930_RUSLAN|Очередные двести рублей.
000931_RUSLAN|И еще в письме такая милая деталь
000932_RUSLAN|Журналист в рассказе не имеет фамилии.
000933_RUSLAN|Речь ведется от первого лица.
000934_RUSLAN|Мы сочли закономерным дать герою Вашу фамилию.
000935_RUSLAN|Роль Довлатова поручена артисту Владлену Генину.
000936_RUSLAN|Спрашивается, кто из наших могучих прозаиков увековечен телепостановкой?
000937_RUSLAN|Где Шолохов, Катаев, Федин?
000938_RUSLAN|Я и Достоевского-то не припомню.
000939_RUSLAN|Надеюсь, товарищ Генин воплотил меня должным образом.
000940_RUSLAN|Тысячу рублей получил я за эту галиматью.
000941_RUSLAN|Тысячу рублей в неделю.
000942_RUSLAN|Разделить на пять.
000943_RUSLAN|Двести рублей в сутки.
000944_RUSLAN|Разделить на восемь.
000945_RUSLAN|При стандартном рабочем дне.
000946_RUSLAN|Выходит двадцать пять.
000947_RUSLAN|Двадцать пять рублей в час!
000948_RUSLAN|Столько, я думаю, и полковники кэгэбэ не зарабатывают.
000949_RUSLAN|А нормальные люди тем более.
000950_RUSLAN|КРУГОМ ОДНИ ЕВРЕИ
000951_RUSLAN|Перехожу к одному из самых гнусных эпизодов моей литературной юности.
000952_RUSLAN|Это мероприятие состоялось в январе шестьдесят восьмого года.
000953_RUSLAN|Пригласительные билеты выглядели так
000954_RUSLAN|Ленинградское отделение Союза писателей эрэсэфэсэр приглашает Вас на
000955_RUSLAN|ВСТРЕЧУ ТВОРЧЕСКОЙ МОЛОДЕЖИ
000956_RUSLAN|Выступают поэты и прозаики
000957_RUSLAN|ТАТЬЯНА ГАЛУШКО
000958_RUSLAN|АЛЕКСАНДР ГОРОДНИцекаИЙ
000959_RUSLAN|СЕРГЕЙ ДОВЛАТОВ
000960_RUSLAN|ЕЛЕНА КУМПАН
000961_RUSLAN|ВЛАДИМИР МАРАМЗИН
000962_RUSLAN|ВАЛЕРИЙ ПОПОВ
000963_RUSLAN|Молодые артисты, художники, композиторы.
000964_RUSLAN|Кроме того, собирались выступить Бродский и Уфлянд.
000965_RUSLAN|Их фамилий не указали.
000966_RUSLAN|Что же произошло дальше?
000967_RUSLAN|Разумеется, мы не подсчитывали, какая часть выступающих евреи.
000968_RUSLAN|Кто бы стал этим заниматься?!..
000969_RUSLAN|СОЛО НА УНДЕРВУДЕ
000970_RUSLAN|Мы беседовали с классиком отечественной литературы Пановой.
000971_RUSLAN|Конечно говорю, я против антисемитизма.
000972_RUSLAN|Но ключевые позиции в русском государстве должны занимать русские люди
000973_RUSLAN|Дорогой мой, сказала Вера Федоровна. это и есть антисемитизм.
000974_RUSLAN|То, что вы сказали, это и есть антисемитизм.
000975_RUSLAN|Ибо ключевые позиции в русском государстве должны занимать НОРМАЛЬНЫЕ люди.
000976_RUSLAN|Народу собралось очень много.
000977_RUSLAN|Сидели на подоконниках.
000978_RUSLAN|Выступления прошли с большим успехом.
000979_RUSLAN|Бродский читал под неумолкающий восторженный рев аудитории.
000980_RUSLAN|Через неделю он позвонил мне
000981_RUSLAN|Нужно встретиться.
000982_RUSLAN|Что случилось?
000983_RUSLAN|Это не телефонный разговор.
000984_RUSLAN|Если уж Бродский говорит, что разговор не телефонный, значит, дело серьезное.
000985_RUSLAN|Мы встретились на углу Жуковского и Литейного.
000986_RUSLAN|Иосиф достал несколько листков папиросной бумаги
000987_RUSLAN|Я начал читать.
000988_RUSLAN|Через минуту спросил
000989_RUSLAN|Как удалось это раздобыть?
000990_RUSLAN|У нас есть свой человек в Большом доме.
000991_RUSLAN|Одна девица копию сняла.
000992_RUSLAN|Вот что я прочел
000993_RUSLAN|Отдел культуры и пропаганды цека КПСС
000994_RUSLAN|Отдел культуры Ленинградского ОК КПСС
000995_RUSLAN|Александрову
000996_RUSLAN|Ленинградский ОК вээлксэм
000997_RUSLAN|Дорогие товарищи!
000998_RUSLAN|Например, тридцатого января.
000999_RUSLAN|В Ленинградском Доме писателя произошел хорошо подготовленный сионистский художественный митинг.
001000_RUSLAN|Формы идеологической диверсии совершенствуются, становятся утонченнее и разнообразнее, и с этим надо решительно бороться, не допуская либерализма.
001001_RUSLAN|К указанному письму прикладываем свое заявление на четырех страницах.
001002_RUSLAN|Мы хотим выразить не только свое частное мнение по поводу так называемого Вечера творческой молодежи Ленинграда, состоявшегося в Доме писателя во вторник тридцатого января.
001003_RUSLAN|Мы выражаем мнение большинства членов литературной секции патриотического клуба Россия при Ленинградском обкоме вээлксэм.
001004_RUSLAN|Что же мы увидели и услышали?
001005_RUSLAN|Прежде всего огромную толпу молодежи, которую не в состоянии были сдерживать две технические работницы Дома писателя.
001006_RUSLAN|Таким образом, на вечере оказалось около трехсот граждан еврейского происхождения.
001007_RUSLAN|Это могло быть, конечно, и чистой случайностью, но то, что произошло в дальнейшем, говорит о совершенно противоположном.
001008_RUSLAN|Чтобы не быть голословным, прокомментируем выступление ораторов перед тремя сотнями братьев по духу.
001009_RUSLAN|А Городницкии сделал открытие, что в русской истории, кроме резни, политических переворотов, черносотенных погромов, тюрем, да суеверной экзотики ничего не было.
001010_RUSLAN|Не раз уже читала со сцены Дома писателя свои скорбные и злобные стихи об изгоях Татьяна Галушко.
001011_RUSLAN|В новом амплуа, поддавшись политическому психозу, выступил Валерий Попов.
001012_RUSLAN|Обычно он представлялся как остроумный юмористический рассказчик, а тут на митинге неудобно было, видно, ему покидать ставшую родной политическую ниву сионизма.
001013_RUSLAN|Трудно сказать, кто из выступавших менее, а кто более идейно закален на своей ниве, но чем художественнее талант идейного противника, тем он опаснее.
001014_RUSLAN|Таков Сергей Довлатов.
001015_RUSLAN|По мы сейчас не хотим останавливаться на разборе художественных достоинств прочитанных сочинений, ибо когда летят бомбы, некогда рассуждать о том, какого они цвета синие, зеленые или белые.
001016_RUSLAN|То, как рассказал Сергей Довлатов об одной встрече бывалого полковника со своим племянником, не является сатирой.
001017_RUSLAN|Это акт обвинения.
001018_RUSLAN|Полковник пьяница, племянник бездельник и рвач.
001019_RUSLAN|Эти двое русских наливаются, вылезают из окна подышать свежим воздухом и летят.
001020_RUSLAN|Затем у них возникает по смыслу такой разговор Ты к евреям как относишься?
001021_RUSLAN| задает анекдотический и глупый вопрос один.
001022_RUSLAN|Полковник отвечает Тут к нам в МТС прислали новенького.
001023_RUSLAN|Все думали еврей, но оказался пьющим человеком!..
001024_RUSLAN|А Лев Уфлянд* еще больше подливает желчи, плюет на русский народ.
001025_RUSLAN|Он заставляет нашего рабочего человека ползать под прилавками пивных, наделяет его самыми примитивными мыслями, а бедные русские женщины бродят по темным переулкам и разыскивают среди грязи мужей.
001026_RUSLAN|И в такой дикой стороне, населенной варварами, потерявшими, а может быть, даже и не имевшими человеческого обличия, вещает поэтесса Елена Кумпан.
001027_RUSLAN|Она поднимается от этой страшной жизни в нечто мистически возвышенное, стерильное, называемое духом, рожденным ее великим еврейским народом.
001028_RUSLAN|Уфлянда зовут Владимир прим. автора.
001029_RUSLAN|Заключил выступление известный по газетным фельетонам, выселявшийся из Ленинграда за тунеядство Иосиф Бродский.
001030_RUSLAN|Он, как синагогальный евреи, творя молитву, воздевал руки к лицу, закрывал плачущие глаза ладонями.
001031_RUSLAN|Почему ему было так скорбно?
001032_RUSLAN|Да потому, как это следует из его же псалмов, что ему, видите ли, несправедливо исковеркали жизнь мы русские люди, которых он иносказательно называет собаками.
001033_RUSLAN|Последний псалом Иосифа Бродского прозвучал, как призыв к кровной мести за все обиды и оскорбления, нанесенные русским народом еврейскому народу.
001034_RUSLAN|Подведя итоги, нужно сказать, что каждое выступление сопровождалось бурей суетливого восторга и оптимистическим громом аплодисментов, что, естественно, свидетельствует о полном единодушии присутствующих.
001035_RUSLAN|Мы убеждены, что паллиативными мерами невозможно бороться с давно распространяемыми сионистскими идеями.
001036_RUSLAN|Поэтому мы требуем
001037_RUSLAN|Ходатайствовать о привлечений к уголовной, партийной и административной ответственности организаторов и самых активных участников этого митинга.
001038_RUSLAN|Полного пересмотра состава руководства Комиссии по работе с молодежью ЛОСП эрэсэфэсэр.
001039_RUSLAN|Руководитель литературной секции
001040_RUSLAN|Ленинградского клуба Россиян
001041_RUSLAN|при Обкоме вээлксэм В. Щербаков
001042_RUSLAN|Члены литсекции В. Смирнов
001043_RUSLAN|Стоит ли комментировать этот зловещий, пошлый и безграмотный документ?
001044_RUSLAN|Надо ли говорить, что это смесь вранья и демагогии?
001045_RUSLAN|Однако заметьте, приемы тридцать восьмого года жизнестойки.
001046_RUSLAN|Письмо вызвало чуткую реакцию наверху.
001047_RUSLAN|Требования подлинных советских ленинградцев были частично удовлетворены.
001048_RUSLAN|Руководители Дома Маяковского получили взыскания.
001049_RUSLAN|Директора попросту сняли.
001050_RUSLAN|Молодой Ленинград возглавил Кочурин человек невзрачный, загадочный и опасный.
001051_RUSLAN|Единственное, чего не добились авторы, так это привлечения молодых литераторов к уголовной ответственности.
001052_RUSLAN|А впрочем, поживем увидим.
001053_RUSLAN|Читая это заявление, я, разумеется, негодовал.
001054_RUSLAN|Однако при этом слегка гордился.
001055_RUSLAN|Ведь эти барбосы меня, так сказать, похвалили.
001056_RUSLAN|Отметили, что называется, литературные способности.
001057_RUSLAN|Вот как устроен человек!
001058_RUSLAN|Боюсь, не я один.
001059_RUSLAN|СОЛО НА УНДЕРВУДЕ
001060_RUSLAN|Один наш знакомый горделиво восклицал
001061_RUSLAN|Меня на работе ценят даже антисемиты!
001062_RUSLAN|Моя жена в ответ говорила
001063_RUSLAN|Гитлера антисемиты ценили еще больше.
001064_RUSLAN|ПЕЧАЛЬНО Я ГЛЯЖУ.
001065_RUSLAN|Язвительное пророчество Анатолия Наймана сбывалось.
001066_RUSLAN|Я становился прогрессивным молодым автором.
001067_RUSLAN|То есть меня не печатали.
001068_RUSLAN|Все, что я писал, было одобрено на уровне рядовых журнальных сотрудников.
001069_RUSLAN|Затем невидимые инстанции тормозили мои рукописи.
001070_RUSLAN|Кто управляет литературой, я так и не разобрался.
001071_RUSLAN|СОЛО НА УНДЕРВУДЕ
001072_RUSLAN|Вера Панова рассказывала.
001073_RUSLAN|Однажды ей довелось быть на приеме в Кремле.
001074_RUSLAN|Выступал Никита Хрущев.
001075_RUSLAN|Он как следует выпил и поэтому говорил долго.
001076_RUSLAN|В частности, он сказал
001077_RUSLAN|У дочери товарища Полянского была недавно свадьба.
001078_RUSLAN|Молодым преподнесли абстрактную картину.
001079_RUSLAN|Она мне решительно не понравилась.
001080_RUSLAN|Через три минуты он сказал
001081_RUSLAN|В доме товарища Полянского была, как известно, свадьба.
001082_RUSLAN|И вдруг начали танцевать.
001083_RUSLAN|Это было что-то жуткое.
001084_RUSLAN|И наконец, он сказал
001085_RUSLAN|Как я уже говорил, в доме товарища Полянского играли свадьбу.
001086_RUSLAN|Молодой поэт читал стихи.
001087_RUSLAN|Они показались мне слишком заумными. 
001088_RUSLAN|Тут Панова не выдержала.
001089_RUSLAN|Встала и говорит Хрущеву Все ясно.
001090_RUSLAN|дорогой Никита Сергеевич!
001091_RUSLAN|Эта свадьба явилась могучим источником познания жизни для вас.
001092_RUSLAN|Естественно, что я подружился с такими же многострадальными, голодными авторами.
001093_RUSLAN|Это были самолюбивые, измученные люди.
001094_RUSLAN|Официальный неуспех компенсировался болезненным тщеславием.
001095_RUSLAN|Годы жалкого существования отражались на психике.
001096_RUSLAN|Высокий процент душевных заболеваний свидетельствует об этом.
001097_RUSLAN|Да и не желали в мире призраков соответствовать норме.
001098_RUSLAN|СОЛО НА УНДЕРВУДЕ
001099_RUSLAN|Как-то раз Найман и Губин поссорились.
001100_RUSLAN|Заспорили кто из них более одинок.
001101_RUSLAN|Конецкий и Базунов чуть не подрались.
001102_RUSLAN|Заспорили кто из них опаснее болен.
001103_RUSLAN|Шигашов и Горбовский вообще прекратили здороваться.
001104_RUSLAN|Заспорили кто из них менее нормальный.
001105_RUSLAN|До чего же ты стал нормальный!
001106_RUSLAN| укорял приятеля Шигашов.
001107_RUSLAN|Я-то ненормальный, защищался Горбовскии, абсолютно ненормальный.
001108_RUSLAN|У меня есть справка из психоневрологического диспансера.
001109_RUSLAN|А вот ты не знаю.
001110_RUSLAN|Строжайшая установка на гениальность мешала овладению ремеслом, выбивала из будничной житейской колеи.
001111_RUSLAN|Можно быть рядовым инженером.
001112_RUSLAN|Рядовых изгоев не существует.
001113_RUSLAN|Сама их чужеродность залог величия.
001114_RUSLAN|Те, кому удавалось печататься, жестоко расплачивались за это.
001115_RUSLAN|Их душевный аппарат тоже подвергался болезненному разрушению.
001116_RUSLAN|Многоступенчатые комплексы складывались в громоздкую безобразную постройку.
001117_RUSLAN|Цена компромисса была непомерно высокой.
001118_RUSLAN|Ну и конечно же, здесь царил вечный спутник российского литератора алкоголь.
001119_RUSLAN|Пили много, без разбору, до самозабвения и галлюцинаций.
001120_RUSLAN|Увы, я оказался чрезвычайно к этому делу предрасположен.
001121_RUSLAN|Алкоголь на время примирял меня с действительностью.
001122_RUSLAN|СОЛО НА УНДЕРВУДЕ
001123_RUSLAN|Однажды меня приняли за Достоевского.
001124_RUSLAN|Это было так.
001125_RUSLAN|Я выпил лишнего.
001126_RUSLAN|Сел в автобус.
001127_RUSLAN|Отправился по делам.
001128_RUSLAN|Рядом оказалась девушка, и я заговорил с ней.
001129_RUSLAN|Просто чтобы не уснуть.
001130_RUSLAN|Автобус шел мимо ресторана Приморский, когда-то он назывался Иванова.
001131_RUSLAN|И я, слегка качнувшись, произнес Обратите внимание, любимый ресторан Достоевского
001132_RUSLAN|Девушка отодвинулась и говорит Оно и видно, молодой человек!..
001133_RUSLAN|Пьяный Холоденко шумел
001134_RUSLAN|Ну и жук этот Фолкнер!
001135_RUSLAN|Украл, паскуда, мой сюжет!..
001136_RUSLAN|Относился я к товарищам сложно, любил их, жалел.
001137_RUSLAN|Издевался, конечно, над многими.
001138_RUSLAN|То и дело заводил приличную компанию, но всякий раз бежал, цепенея от скуки.
001139_RUSLAN|Конечно, это снобизм, но говорить я мог только о литературе.
001140_RUSLAN|Даже разговоры о женщинах казались мне всегда невыносимо скучными.
001141_RUSLAN|По отношению к друзьям владели мной любовь, сарказм и жалость.
001142_RUSLAN|Но в первую очередь любовь.
001143_RUSLAN|СОЛО НА УНДЕРВУДЕ
001144_RUSLAN|Горбовский, многодетный отец, рассказывал Иду вечером домой.
001145_RUSLAN|Смотрю, в грязи играют дети.
001146_RUSLAN|Присмотрелся мои.
001147_RUSLAN|Инга Петкевич как-то раз говорит мне
001148_RUSLAN|Когда мы были едва знакомы, я подозревала. что ты агент!
001149_RUSLAN|госбезопасности.
001150_RUSLAN|Но почему?  спросил я.
001151_RUSLAN|Да как тебе сказать Явишься, займешь пятерку своевременно отдашь.
001152_RUSLAN|Странно, думаю. не иначе как подослали.
001153_RUSLAN|Поэт Охалкин надумал жениться.
001154_RUSLAN|Затем невесту выгнал.
001155_RUSLAN|Она, понимаешь, медленно ходит.
001156_RUSLAN|А главное ежедневно жрет.
001157_RUSLAN|ПОЗВОЛЬТЕ РАСПИСАТЬСЯ
001158_RUSLAN|Молодой писатель Рид Грачев страдал шизофренией.
001159_RUSLAN|То и дело лечился в психиатрических больницах.
001160_RUSLAN|Когда болезнь оставляла его, это был умный, глубокий и талантливый человек.
001161_RUSLAN|Он выпустил единственную книжку Где твой дом.
001162_RUSLAN|В ней шесть рассказов, трогательных и сильных.
001163_RUSLAN|Когда он снова заболел, я навещал его в Удельной, Разговаривать с ним было тяжело.
001164_RUSLAN|Потом он выздоровел.
001165_RUSLAN|Журналист по образованию, Рид давно бросил газетное дело.
001166_RUSLAN|Денег не было.
001167_RUSLAN|Друзья решили ему помочь.
001168_RUSLAN|Литературовед Тамара Юрьевна Хмельницкая позвонила двадцати шести знакомым.
001169_RUSLAN|Все согласились давать ежемесячно по три рубля.
001170_RUSLAN|Требовался человек, обладающий досугом, который бы непосредственно всем этим занимался.
001171_RUSLAN|Я тогда был секретарем Пановой, хорошо зарабатывал и навещал ее через день.
001172_RUSLAN|Тамара Юрьевна предложила мне собирать эти деньги и отвозить Риду.
001173_RUSLAN|Я, конечно, согласился.
001174_RUSLAN|У меня был список из двадцати шести фамилий.
001175_RUSLAN|Я принялся за дело.
001176_RUSLAN|Первое время чувствовал себя неловко.
001177_RUSLAN|Но большинство участников мероприятия легко и охотно выкладывали свою долю.
001178_RUSLAN|Алексей Иванович Пантелеев сказал
001179_RUSLAN|Деньги у меня есть.
001180_RUSLAN|Чтобы не беспокоить вас каждый месяц, я дам тридцать шесть рублей сразу.
001181_RUSLAN|Понадобится больше звоните.
001182_RUSLAN|Спасибо, говорю.
001183_RUSLAN|Это вам спасибо.
001184_RUSLAN|Метод показался разумным.
001185_RUSLAN|Звоню богачу Н. Предлагаю ему такой же вариант.
001186_RUSLAN|Еду на Петроградскую.
001187_RUSLAN|Незнакомая дама выносит три рубля.
001188_RUSLAN|Зайти не предлагает.
001189_RUSLAN|Мы стояли в прихожей.
001190_RUSLAN|Я сильно покраснел.
001191_RUSLAN|Взгляд ее говорил, казалось
001192_RUSLAN|Смотри, не пропей!
001193_RUSLAN|А мой, казалось, отвечал
001194_RUSLAN|Не извольте сумлеваться, ваше благородие.
001195_RUSLAN|У литератора Брянского я просидел часа два.
001196_RUSLAN|Все темы были исчерпаны.
001197_RUSLAN|Денег он все не предлагал.
001198_RUSLAN|Знаете, говорю, мне пора.
001199_RUSLAN|Наступила пауза.
001200_RUSLAN|Я трешку дам, сказал он, конечно, дам.
001201_RUSLAN|Только, по-моему, Рид Грачев не сумасшедший.
001202_RUSLAN|Как не сумасшедший?
001203_RUSLAN|Не сумасшедший и все.
001204_RUSLAN|Поумнее нас с вами.
001205_RUSLAN|Но его же лечили!
001206_RUSLAN|Есть заключение врача.
001207_RUSLAN|Я думаю, он притворяется.
001208_RUSLAN|Ладно, говорю, мы собираем деньги не потому, что Рид больной.
001209_RUSLAN|А потому, что он наш товарищ.
001210_RUSLAN|И находится в крайне стесненных обстоятельствах.
001211_RUSLAN|Я тоже нахожусь в стесненных обстоятельствах.
001212_RUSLAN|Я продал ульи.
001213_RUSLAN|Я имел семь ульев на даче.
001214_RUSLAN|И вынужден был три улья продать.
001215_RUSLAN|А дача вы бы поглядели!
001216_RUSLAN|Одно название.
001217_RUSLAN|Что ж, тогда я пойду.
001218_RUSLAN|Конечно, дам.
001219_RUSLAN|Просто Рид не сумасшедший.
001220_RUSLAN|Знаете, кто действительно сумасшедший?
001221_RUSLAN|Лерман из журнала Нена.
001222_RUSLAN|Я дал в Неву замечательный исповедальный роман Одержимость, а Лерман мне пишет, что это гипертрофированная служебная характеристика.
001223_RUSLAN|Вы знаете Лермана?
001224_RUSLAN|Знаю, говорю, это самый талантливый критик в Ленинграде.
001225_RUSLAN|С писателем Рафаловичем встреча была короткой.
001226_RUSLAN|Вот деньги, сказал он, где расписаться?
001227_RUSLAN|Это же не официальное мероприятие.
001228_RUSLAN|И все-таки для порядка?
001229_RUSLAN|Вы не беспокойтесь, говорю, я деньги передам.
001230_RUSLAN|Как вам не стыдно!
001231_RUSLAN|Я вам абсолютно доверяю.
001232_RUSLAN|Но я привык расписываться.
001233_RUSLAN|Иначе как-то не солидно.
001234_RUSLAN|Распишитесь вот тут.
001235_RUSLAN|Это же ваша записная книжка.
001236_RUSLAN|Да, я собираю автографы.
001237_RUSLAN|А что-нибудь порядка ведомости?
001238_RUSLAN|Порядка ведомости нету.
001239_RUSLAN|Рафалович со вздохом произнес
001240_RUSLAN|Конечно, уклонился я от этого поручения.
001241_RUSLAN|Мои обязанности взяла на себя Тамара Юрьевна Хмельницкая.
001242_RUSLAN|Помочь Риду не удалось.
001243_RUSLAN|Он совершенно невменяем.
001244_RUSLAN|ДИРЕКТОР КОНДРАШЕВ
001245_RUSLAN|Есть один документ, характеризующий наши литературно-издательские порядки.
001246_RUSLAN|Копия снята в Ленинградском обкоме.
001247_RUSLAN|Предыстория документа такова.
001248_RUSLAN|Вышла нашумевшая книга Мастера русского стихотворного перевода.
001249_RUSLAN|Ей была предпослана статья Эткинда.
001250_RUSLAN|Коротко одна из его мыслей заключалась в следующем.
001251_RUSLAN|Большие художники не имели возможности печатать оригинальные стихи.
001252_RUSLAN|Чтобы заработать на хлеб, они становились переводчиками.
001253_RUSLAN|Уровень переводов возрос за счет качества литературы в целом.
001254_RUSLAN|Теперь читаем
001255_RUSLAN|Заведующему Отделом культуры
001256_RUSLAN|Ленинградского обкома КПСС
001257_RUSLAN|Александрову Г. П.
001258_RUSLAN|Клеветническое утверждение Е. Эткинда о характере развития нашей литературы в советский период во вступительной статье к книге Мастера русского стихотворного перевода не может не вызвать у меня возмущения.
001259_RUSLAN|Есть сторона политико-моральная, обязывающая каждого члена партии любыми средствами бороться за чистоту нашей идеологии.
001260_RUSLAN|Чего можно ждать от издательств, если ключевые позиции в них занимают такие люди?..
001261_RUSLAN|Летом шестьдесят восьмого года меня отыскал по телефону незнакомый человек.
001262_RUSLAN|Назвался режиссером Аристарховым.
001263_RUSLAN|Сказал, что у него есть заманчивое предложение.
001264_RUSLAN|Мы встретились.
001265_RUSLAN|Режиссер производил впечатление человека, изнуренного многодневным запоем.
001266_RUSLAN|Что с готовностью и подтвердил.
001267_RUSLAN|Вид его говорил о тяжком финансовом бессилии.
001268_RUSLAN|Аристархов предложил мне написать сценарий документального фильма о Бунине.
001269_RUSLAN|Приближался юбилей нобелевского лауреата.
001270_RUSLAN|Я позвонил моему бедствующему товарищу, филологу Арьеву.
001271_RUSLAN|Вдвоем мы написали заявку на шестнадцати страницах.
001272_RUSLAN|Мы любовались своим произведением.
001273_RUSLAN|В нем были четко сформулированы идейные предпосылки.
001274_RUSLAN|Все-таки Бунин эмигрант.
001275_RUSLAN|Бежал от коммунистов, скончался в эмиграции.
001276_RUSLAN|При этом классик русской литературы.
001277_RUSLAN|Один из четырех русских нобелевских лауреатов.
001278_RUSLAN|Мы выдвинули термин духовная репатриация Бунина и очень этим гордились.
001279_RUSLAN|Упоминая о приближающемся столетии Бунина, мы взывали к чувству национальной гордости.
001280_RUSLAN|Мы украсили заявку готовыми фрагментами будущего сценария.
001281_RUSLAN|Наконец, выразили скромную готовность посетить Францию, чтобы тщательнее исследовать архивы Бунина.
001282_RUSLAN|Аристархов восхищался нашим кинематографическим чутьем.
001283_RUSLAN|Ведь опыта мы не имели.
001284_RUSLAN|Саму заявку можно экранизировать, говорил Аристархов, я ее не только чувствую, я ее вижу!
001285_RUSLAN|Его левый карман был надорван.
001286_RUSLAN|Полуботинки требовали ремонта.
001287_RUSLAN|Шнурки отсутствовали.
001288_RUSLAN|То и дело он начинал бредить
001289_RUSLAN|Экипаж с поднятым верхом.
001290_RUSLAN|Галки фиолетовыми пятнами отражаются в куполе собора.
001291_RUSLAN|Стон колодезного журавля.
001292_RUSLAN|Брошенный мольберт.
001293_RUSLAN|Далее он цитировал стихи Бунина
001294_RUSLAN|Что ж, камин затоплю, буду пить.
001295_RUSLAN|И Аристархов, действительно, запил.
001296_RUSLAN|Бунин отодвинулся на второй план.
001297_RUSLAN|У нас, говорил режиссер, есть техническая лаборатория.
001298_RUSLAN|И там стоит электрофон, который записывает шепот на расстоянии четырехсот метров.
001299_RUSLAN|Спрашивается, чем же тогда располагает кэгэбэ?..
001300_RUSLAN|Аристархов пил месяца два.
001301_RUSLAN|Мы раздобыли адрес студии.
001302_RUSLAN|Узнали фамилию редактора.
001303_RUSLAN|Послали ему заявку, минуя Аристархова.
001304_RUSLAN|Ответ пришел месяца через три.
001305_RUSLAN|Экспериментальная творческая киностудия.
001306_RUSLAN|Уважаемые товарищи Арьев и Довлатов!
001307_RUSLAN|Могу сообщить вам, что заявка на фильм о Бунине произвела яркое впечатление.
001308_RUSLAN|Чувствуется знание темы, владение материалом, литературная и кинематографическая подготовленность авторов.
001309_RUSLAN|Но, увы, экспериментальная творческая киностудия лишена возможности производить документальные фильмы.
001310_RUSLAN|Хочу открыть вам маленький секрет ваша заявка используется в качестве учебного пособия для начинающих авторов.
001311_RUSLAN|Письмо было довольно загадочным.
001312_RUSLAN|Мы долго исследовали противоречивый текст.
001313_RUSLAN|Арьев произнес с каким-то непонятным удовлетворением
001314_RUSLAN|Нам отказали.
001315_RUSLAN|Причины не имеют значения.
001316_RUSLAN|Через неделю я получил открытку из Москвы
001317_RUSLAN|Наивный Сережа!
001318_RUSLAN|Гуревичу не верьте.
001319_RUSLAN|Вот истинные причины отказа.
001320_RUSLAN|Бунин нахально родился в тысяча восемьсот тридцать седьмом году.
001321_RUSLAN|Почти одновременно с товарищем Лениным.
001322_RUSLAN|Юбилей вождя мирового пролетариата, конечно же, затмил юбилей белоэмигранта.
001323_RUSLAN|Короче, ваш изысканный Бунин провалился.
001324_RUSLAN|Мой неотесанный Шолохов оплачен и запускается в производство.
001325_RUSLAN|Ваш Евгений Рейн.
001326_RUSLAN|ВОСТОК ЕСТЬ ВОСТОК
001327_RUSLAN|Мне позвонил драматург Александр Володин
001328_RUSLAN|Сергей, хотите заработать?
001329_RUSLAN|Очень, сказал я.
001330_RUSLAN|Жду вас на Ленфильме.
001331_RUSLAN|Приехали двое из Тбилиси.
001332_RUSLAN|Члены цека комсомола Грузии.
001333_RUSLAN|Окончили в Москве сценарные курсы.
001334_RUSLAN|Имеют предписание снять дипломную художественную короткометражку на Ленфильме.
001335_RUSLAN|А я-то при чем?
001336_RUSLAN|Сценарий ужасный.
001337_RUSLAN|Надо его переписать.
001338_RUSLAN|Тут уже составляют договор.
001339_RUSLAN|Вы будете третьим соавтором.
001340_RUSLAN|Заработаете рублей четыреста.
001341_RUSLAN|Я приехал на Ленфильм.
001342_RUSLAN|Грузины производили сильное впечатление.
001343_RUSLAN|Это вам не Аристархов!
001344_RUSLAN|Замшевые куртки, джинсы, ковбойские сапожки.
001345_RUSLAN|Один представился
001346_RUSLAN|Второй сказал
001347_RUSLAN|Сценарием они были вполне довольны.
001348_RUSLAN|Попытку Ленфильма навязать им соавтора восприняли мужественно.
001349_RUSLAN|Это взятка, решили они, которую необходимо дать студии.
001350_RUSLAN|То есть все правильно.
001351_RUSLAN|В грузинских традициях.
001352_RUSLAN|Я быстро прочитал сценарий.
001353_RUSLAN|Действительно, жалкое произведение.
001354_RUSLAN|Дорожная кутерьма с пощечинами.
001355_RUSLAN|Уцененный Чаплин.
001356_RUSLAN|Картина будет немая, сказал Джон, в манере тридцатых годов.
001357_RUSLAN|Гриша украдкой заглянул в какие-то бумаги, страшно напрягся и произнес
001358_RUSLAN|В рамках обусловленного молчания.
001359_RUSLAN|Мы уединились, чтобы все обсудить.
001360_RUSLAN|Джон и Гриша вели себя миролюбиво.
001361_RUSLAN|Я был неотвратимым злом, той данью, которую гений вынужден платить современному обществу.
001362_RUSLAN|С нами заключили договор.
001363_RUSLAN|Я., взял экземпляр сценария, чтобы дома его переписать.
001364_RUSLAN|На прощание грузины сказали
001365_RUSLAN|Мы по своим убеждениям джасис-сс-с.
001366_RUSLAN|Джасис-сс-с.
001367_RUSLAN|Я растерялся Джазисты, что ли?..
001368_RUSLAN|Кто? еще раз спрашиваю.
001369_RUSLAN|Джойсисты, последователи Джойса, объяснил сообразительный Володин.
001370_RUSLAN|Вот уж не подумал бы, читая сценарии.
001371_RUSLAN|Начинался он так
001372_RUSLAN|Большой вагон.
001373_RUSLAN|Сидит Гурам.
001374_RUSLAN|Билета нет.
001375_RUSLAN|Неделю я переписывал сценарий.
001376_RUSLAN|В моей редакции он назывался Ослик должен быть худым.
001377_RUSLAN|Первые кадры были такие.
001378_RUSLAN|С нарастающим шумом мчится поезд.
001379_RUSLAN|Неожиданно замедляет ход.
001380_RUSLAN|Из окна высовывается машинист.
001381_RUSLAN|Терпеливо ждет.
001382_RUSLAN|Камера приближается.
001383_RUSLAN|Через рельсы переползает майский жук.
001384_RUSLAN|Володин текст одобрил
001385_RUSLAN|Неплохо, сказал он, даже здорово!
001386_RUSLAN|Я встретился с грузинами.
001387_RUSLAN|Они внимательно читали текст, передавая друг другу страницы.
001388_RUSLAN|Наконец Джон сказал
001389_RUSLAN|Хороший сценарий.
001390_RUSLAN|Не хуже того, что был.
001391_RUSLAN|Я посвящаю его тебе, Гриша!
001392_RUSLAN|А я тебе, Джон!
001393_RUSLAN|Мы отвезли сценарий на Ленфильм.
001394_RUSLAN|Через несколько дней позвонил Володин
001395_RUSLAN|Сергей, я вас жутко подвел.
001396_RUSLAN|Непредвиденная история.
001397_RUSLAN|Грузины оказались самозванцами, мошенниками.
001398_RUSLAN|То есть, они действительно члены цека комсомола.
001399_RUSLAN|Но все остальное липа.
001400_RUSLAN|Они не заканчивали сценарных курсов.
001401_RUSLAN|У них фальшивые справки, дипломы, предписания.
001402_RUSLAN|А Ленфильм без особых предписаний короткометражек не снимает.
001403_RUSLAN|Но деньги вы получите.
001404_RUSLAN|Грузины арестованы?
001405_RUSLAN|Грузины пьют коньяк в буфете.
001406_RUSLAN|Денег я не получил.
001407_RUSLAN|Зашел к руководителю Второго творческого объединения Дмитрию Молдавскому.
001408_RUSLAN|Начал ему объяснять, как и что, Молдавский рассеянно улыбался.
001409_RUSLAN|Вдруг я заметил, что он меня рисует.
001410_RUSLAN|И довольно похоже.
001411_RUSLAN|Я понял, что разговаривать с ним бесполезно, и ушел.
001412_RUSLAN|Володин говорил потом
001413_RUSLAN|Знаете, я все понимаю.
001414_RUSLAN|То, что эти жулики в цека, понимаю.
001415_RUSLAN|То, что бездарные, понимаю.
001416_RUSLAN|То, что у них фальшивые бумаги, понимаю.
001417_RUSLAN|То, что Ленфильм вам не заплатил, понимаю.
001418_RUSLAN|Я одного понять не в силах.
001419_RUSLAN|Одно мне кажется совершенно непонятным!
001420_RUSLAN|То, что эти мошенники осмелились не угостить вас коньяком!..
001421_RUSLAN|А я вдруг подумал надо уезжать из Ленинграда.
001422_RUSLAN|ВЕРТИКАЛЬНЫЙ ГОРОД
001423_RUSLAN|Таллинн называют искусственным, кукольным, бутафорским.
001424_RUSLAN|Я жил там и знаю, что все это настоящее.
001425_RUSLAN|Значит, для Таллинна естественно быть чуточку искусственным.
001426_RUSLAN|Эстонскую культуру называют внешней.
001427_RUSLAN|Что ж, и на том спасибо.
001428_RUSLAN|А ругают внешнюю культуру, я думаю, именно потому, что ее так заметно не хватает гостям эстонской столицы.
001429_RUSLAN|В Эстонии нарядные дети.
001430_RUSLAN|В Эстонии нет бездомных собак.
001431_RUSLAN|В Эстонии можно увидеть такелажников, пьющих шерри-бренди из крошечных рюмок.
001432_RUSLAN|Почему я отправился именно в Таллинн?
001433_RUSLAN|Почему не в Москву?
001434_RUSLAN|Почему не в Киев, где у меня есть влиятельные друзья?..
001435_RUSLAN|Разумные мотивы отсутствовали.
001436_RUSLAN|Была попутная машина.
001437_RUSLAN|Дела мои зашли в тупик.
001438_RUSLAN|Долги, семейные неурядицы, чувство безнадежности.
001439_RUSLAN|Мы выехали около часу дня.
001440_RUSLAN|Двадцать шесть рублей в кармане, журналистское удостоверение, авторучка.
001441_RUSLAN|В портфеле смена белья, Знакомых у меня в Таллинне не было.
001442_RUSLAN|Было два телефона, кем-то небрежно продиктованных.
001443_RUSLAN|Мы приехали вечером.
001444_RUSLAN|Телефонный звонок.
001445_RUSLAN|Первая удача есть где остановиться.
001446_RUSLAN|Наутро я уже сидел в кабинете заместителя редактора Молодежи Эстонии.
001447_RUSLAN|Начал печататься как внештатный автор.
001448_RUSLAN|Зачем работал ответственным секретарем в портовой многотиражке.
001449_RUSLAN|Еще через месяц пригласили в отдел информации Советской Эстонии.
001450_RUSLAN|Материальное и гражданское положение несколько стабилизировалось.
001451_RUSLAN|Я зарабатывал около трехсот рублей в месяц.
001452_RUSLAN|Обучился выпивать по-западному лимон, маслин, жалкие наперстки.
001453_RUSLAN|Гонорарная касса работала ежедневно.
001454_RUSLAN|Напечатался и в тот же день получай.
001455_RUSLAN|Но и тут я опоздал.
001456_RUSLAN|Злополучный шапочный разбор.
001457_RUSLAN|Эстонские привилегии шли на убыль.
001458_RUSLAN|Началось с мелочей.
001459_RUSLAN|Пропала ветчина из магазинов.
001460_RUSLAN|Затем ввели четыре гонорарных дня.
001461_RUSLAN|В баре Дома печати запретили торговать коньяком.
001462_RUSLAN|Кроме этих частностей были также другие, идеологические перемены.
001463_RUSLAN|Однако не будем забегать вперед.
001464_RUSLAN|СОЛО НА УНДЕРВУДЕ
001465_RUSLAN|Это было в Таллинне.
001466_RUSLAN|Захожу в магазин.
001467_RUSLAN|Хочу купить застежку-молнию, спрашиваю.
001468_RUSLAN|Молнии есть?
001469_RUSLAN|А где ближайший магазин, в которое они продаются?
001470_RUSLAN|Продавец ответил
001471_RUSLAN|Хельсинки.
001472_RUSLAN|У меня появились друзья среди таллиннской интеллигенции.
001473_RUSLAN|Журналисты, филологи, молодые ученые.
001474_RUSLAN|Я давал им свои рассказы.
001475_RUSLAN|Город маленький, все друг друга знают, слухи распространяются быстро.
001476_RUSLAN|Мне сообщили, что в издательстве ждут, когда я представлю рукопись.
001477_RUSLAN|Я отобрал шестнадцать самых безобидных рассказов и пошел в издательство.
001478_RUSLAN|Редактор Эльвира Кураева встретила меня чрезвычайно приветливо.
001479_RUSLAN|Через несколько дней звонит очень понравилось.
001480_RUSLAN|Даем на рецензию в Тартуский университет.
001481_RUSLAN|А можно самому Лотману?
001482_RUSLAN|Вообще-то можно.
001483_RUSLAN|Юрий Михайлович с удовольствием напишет рецензию.
001484_RUSLAN|Только я не советую.
001485_RUSLAN|Его фамилия привлечет нежелательный интерес.
001486_RUSLAN|Пошлем доценту Беззубову.
001487_RUSLAN|Это очень знающий человек, специалист но творчеству Леонида Андреева.
001488_RUSLAN|Вы любите Андреева?
001489_RUSLAN|Он пышный и с надрывом.
001490_RUSLAN|Мне вся эта компания не очень-то Горький, Андреев, Скиталец.
001491_RUSLAN|Неважно, Беззубов человек широкого диапазона.
001492_RUSLAN|Да я не возражаю.
001493_RUSLAN|Беззубов написал положительную рецензию.
001494_RUSLAN|Приводить ее целиком не имеет смысла.
001495_RUSLAN|Вот последний абзац
001496_RUSLAN|Довлатов является зрелым писателем.
001497_RUSLAN|Его рассказы обладают несомненными литературными достоинствами.
001498_RUSLAN|Через три недели со мной был подписан договор.
001499_RUSLAN|О моей книжке заговорили.
001500_RUSLAN|Руководитель издательства Аксель Тамм объявил, что это лучшая книжка у них за последние годы.
001501_RUSLAN|В своих интервью корреспондентам газет директор Ээсти раамат обязательно называл мою фамилию.
001502_RUSLAN|Чем был вызван такой успех?
001503_RUSLAN|Ведь цену своим рассказам я знаю.
001504_RUSLAN|Не такие уж они замечательные.
001505_RUSLAN|Дело в литературной ситуации.
001506_RUSLAN|Среди эстонских писателей есть очень талантливые.
001507_RUSLAN|Например Ветемаа, Унт, Каплинский, Ардер.
001508_RUSLAN|На эстонском языке издается все, что они пишут.
001509_RUSLAN|Оно и понятно, язык локальный, тиражи маленькие.
001510_RUSLAN|Кто там услышит в Москве?
001511_RUSLAN|Молодой эстонский поэт выпустил книгу с фаллосом на обложке.
001512_RUSLAN|Такой обобщенный, но узнаваемый контур.
001513_RUSLAN|Не перепутаешь.
001514_RUSLAN|Я не хочу сказать, что это высокое творческое достижение.
001515_RUSLAN|Просто факт, свидетельствующий о мягком цензурном режиме.
001516_RUSLAN|Разумеется, есть и в эстонской литературе категорические табу национальный вопрос, к примеру.
001517_RUSLAN|И тем не менее.
001518_RUSLAN|С русским языком дело обстоит несколько иначе.
001519_RUSLAN|У русских авторов возможностей значительно меньше.
001520_RUSLAN|Хотя слабая тень эстонских привилегий ложится и на них.
001521_RUSLAN|Помимо этого, русская литературная секция в Таллинне очень малочисленна.
001522_RUSLAN|Уже три года здесь не принимали в Союз новых членов.
001523_RUSLAN|Поэтому мной так и заинтересовались.
001524_RUSLAN|Гранки пришли буквально через месяц.
001525_RUSLAN|Затем вторая корректура.
001526_RUSLAN|То есть по срокам нечто фантастическое!..
001527_RUSLAN|Позднее я узнал, что рукопись все же тормозили.
001528_RUSLAN|У кого-то она вызывала законное недоумение.
001529_RUSLAN|Автор почему-то ленинградец.
001530_RUSLAN|Я работал в Эстонии с ленинградской пропиской.
001531_RUSLAN|Да и тексты оказались не столь уж безобидными.
001532_RUSLAN|В общем, тормозили.
001533_RUSLAN|СОЛО НА УНДЕРВУДЕ
001534_RUSLAN|Аксель Тамм передал мне один разговор.
001535_RUSLAN|Цензор говорила
001536_RUSLAN|Довлатов критикует армию.
001537_RUSLAN|Где, покажите.
001538_RUSLAN|Это, конечно, мелочи, детали, но все же.
001539_RUSLAN|Покажите хоть одну конкретную фразу.
001540_RUSLAN|На ремне у дневального болтался штык.
001541_RUSLAN|Как-то неприятно болтался штык.
001542_RUSLAN|Как-то легкомысленно.
001543_RUSLAN|Аксель Тамм не выдержал и крикнул цензору
001544_RUSLAN|Штык не член!
001545_RUSLAN|Он не может стоять!
001546_RUSLAN|Он болтается.
001547_RUSLAN|Как-то вызвал меня главный редактор
001548_RUSLAN|Слушайте, кто ваши друзья в Ленинграде?
001549_RUSLAN|Трудно сказать.
001550_RUSLAN|В основном, начинающие писатели, художники.
001551_RUSLAN|Я тоже бог знает с кем дружу.
001552_RUSLAN|В каких-нибудь манифестациях участвовали?
001553_RUSLAN|Бумаги подписывали?
001554_RUSLAN|Какие бумаги?
001555_RUSLAN|Вы меня понимаете.
001556_RUSLAN|Разные никогда.
001557_RUSLAN|А что такое?
001558_RUSLAN|Отношение к вам странное.
001559_RUSLAN|Объясните же наконец.
001560_RUSLAN|Не переживайте.
001561_RUSLAN|Все будет хорошо.
001562_RUSLAN|Я ожидал верстку.
001563_RUSLAN|Жизнь представлялась в розовом свете.
001564_RUSLAN|Тут самое время отвлечься.
001565_RUSLAN|Поделиться ярким эстетическим впечатлением.
001566_RUSLAN|ЧЕРНАЯ МУЗЫКА
001567_RUSLAN|В Таллинне гастролировал Оскар Питерсон, знаменитый джазовый импровизатор.
001568_RUSLAN|Мне довелось побывать на его концерте.
001569_RUSLAN|Накануне я пошел к своему редактору
001570_RUSLAN|Хочу дать информацию в субботний номер.
001571_RUSLAN|Нечто вроде маленькой рецензии.
001572_RUSLAN|Редактор Генрих Францевич Туронок по своему обыкновению напугался
001573_RUSLAN|Слушайте, зачем все это?
001574_RUSLAN|Он американец, надо согласовывать.
001575_RUSLAN|Мы не в курсе его политических убеждений.
001576_RUSLAN|Может быть, он троцкист?
001577_RUSLAN|При чем тут убеждения?
001578_RUSLAN|Человек играет на рояле.
001579_RUSLAN|Все равно, он американец.
001580_RUSLAN|Во-первых, он канадец.
001581_RUSLAN|Что значит канадец?
001582_RUSLAN|Есть такое государство Канада.
001583_RUSLAN|Мало того, он негр.
001584_RUSLAN|Угнетенное национальное меньшинство.
001585_RUSLAN|И наконец, его знает весь мир.
001586_RUSLAN|Как же можно не откликнуться?
001587_RUSLAN|Туронок задумался.
001588_RUSLAN|Ладно, пишите.
001589_RUSLAN|Строк пятьдесят нонпарелью.
001590_RUSLAN|Питерсон играл гениально.
001591_RUSLAN|Я впервые почувствовал, как обесценивается музыка в грамзаписи.
001592_RUSLAN|В субботнем номере появилась моя заметка.
001593_RUSLAN|Воспроизвожу ее не из гордости.
001594_RUSLAN|Дело в том, что это единственный советский отклик на гастроли Питерсона.
001595_RUSLAN|СЕМЬ НОТ В ТИШИНЕ
001596_RUSLAN|В его манере ничего от эстрадного шоу классический смокинг, уверенность, такт.
001597_RUSLAN|Белый платок на крышке черного рояля.
001598_RUSLAN|Пианист то и дело вытирает лоб.
001599_RUSLAN|Вдохновенный труд, нелегкая работа.
001600_RUSLAN|Концерт необычный, без ведущего.
001601_RUSLAN|Это естественно.
001602_RUSLAN|Музыкальная тема для импровизатора лишь повод, формула, знак.
001603_RUSLAN|Первое лицо здесь не композитор, создавший тему, а исполнитель, утверждающий метод ее разработки.
001604_RUSLAN|Исполнитель неудачное слово.
001605_RUSLAN|Питерсон менее всего исполнитель.
001606_RUSLAN|Он творец, созидающий на глазах у зрителей свое искусство.
001607_RUSLAN|Искусство легкое, мгновенное, неуловимое, как тень падающих снежинок.
001608_RUSLAN|Подлинный джаз искусство самовыражения.
001609_RUSLAN|Самовыражения одновременно личности и нации.
001610_RUSLAN|Стиль Питерсона много шире традиционной негритянской гармонии.
001611_RUSLAN|Чего только не услышишь в его богатейшем многоголосии?!
001612_RUSLAN|От грохота тамтама до певучей флейты Моцарта.
001613_RUSLAN|От нежного голубиного воркования до рева хозяина джунглей.
001614_RUSLAN|О джазе писать трудно.
001615_RUSLAN|Можно говорить о том, что Питерсон употребляет диатонические и хроматические секвенции.
001616_RUSLAN|Использует политональные наложения.
001617_RUSLAN|Добивается гармонических отношений тоники и субдоминанты.
001618_RUSLAN|То есть затронуть пласты высшей джазовой математики.
001619_RUSLAN|Вот он подходит к роялю.
001620_RUSLAN|Садится, трогает клавиши.
001621_RUSLAN|Капли ударили по стеклу, рассыпались бусы, зазвенели тронутые ветром листья?..
001622_RUSLAN|Затем все тревожнее далекое эхо.
001623_RUSLAN|И наконец обвал, лавина.
001624_RUSLAN|А сотом снова одинокая, дрожащая, мучительная нота в тишине.
001625_RUSLAN|Питерсон играет в составе джазового трио.
001626_RUSLAN|Барабаны Джейка Хенна четкий пульс всего организма.
001627_RUSLAN|Его искусство суховатая музыкальная графика, на фоне которой ярче живопись пианиста.
001628_RUSLAN|Контрабас Нильса Гедерсена намеренно шершавый, замшевый фон, оттеняющий блеск импровизаций виртуоза.
001629_RUSLAN|Что сказать в заключение?
001630_RUSLAN|Я аплодировал громче всех.
001631_RUSLAN|У меня даже остановились новые часы!..
001632_RUSLAN|Захватив номер Советской Эстонии, я отправился в гостиницу.
001633_RUSLAN|Питерсон встретил меня дружелюбно.
001634_RUSLAN|Ему перевели с листа мою заметку.
001635_RUSLAN|Питерсон торжественно жал мне руку, восклицая
001636_RUSLAN|Настоящий рекорд!
001637_RUSLAN|Впервые обо мне написали таким мелким шрифтом!..
001638_RUSLAN|ОБСУЖДЕНИЕ В цека
001639_RUSLAN|Наконец пришла из типографии верстка.
001640_RUSLAN|Художник нарисовал макет обложки условный городской пейзаж в серо-коричневых тонах.
001641_RUSLAN|Мне позвонил Аксель Тамм.
001642_RUSLAN|Я заметил, он чем-то встревожен.
001643_RUSLAN|цека Эстонии затребовал верстку.
001644_RUSLAN|В среду обсуждение.
001645_RUSLAN|Я нервничал, ждал, волновался.
001646_RUSLAN|Обсуждение было закрытым.
001647_RUSLAN|Меня, естественно, не пригласили.
001648_RUSLAN|То есть это, конечно, не очень естественно.
001649_RUSLAN|В общем, не пригласили.
001650_RUSLAN|Целый день я пил коньяк.
001651_RUSLAN|Выкурил две пачки Беломора.
001652_RUSLAN|Наконец звонит Эльвира Кураева
001653_RUSLAN|Поздравляю!
001654_RUSLAN|Все отлично!
001655_RUSLAN|Будем издавать!
001656_RUSLAN|Позже я узнал, как все это было.
001657_RUSLAN|Сообщение делал инструктор цека Ян Труль.
001658_RUSLAN|Мне кажется, он талантливо построил свою речь.
001659_RUSLAN|Вот ее приблизительное изложение
001660_RUSLAN|Довлатов пишет о городских низах.
001661_RUSLAN|Его персонажи ущербные люди, богема, Их не печатают, обижают.
001662_RUSLAN|Они много пьют.
001663_RUSLAN|Допускают излишества помимо брака.
001664_RUSLAN|Чувствуется, рассказы автобиографические.
001665_RUSLAN|Довлатов и его герои одно.
001666_RUSLAN|Можно, конечно, эту вещь запретить.
001667_RUSLAN|Но лучше издать.
001668_RUSLAN|Выход книги будет естественным и логичным продолжением судьбы героев.
001669_RUSLAN|Выход книги будет частью ее сюжета.
001670_RUSLAN|Позитивным жизнеутверждающим финалом.
001671_RUSLAN|Поэтому я за то, чтобы книгу издать.
001672_RUSLAN|Я ждал сигнального экземпляра, медленно тянулись дни, полные надежд.
001673_RUSLAN|Еще раз позволю себе отвлечься.
001674_RUSLAN|ПРЕКРАСНАЯ ЭЛЛЕН
001675_RUSLAN|Однажды сижу я в редакции.
001676_RUSLAN|Заходит красивая блондинка.
001677_RUSLAN|Модель с рекламного плаката финской бани.
001678_RUSLAN|Здравствуйте.
001679_RUSLAN|Меня зовут Эллен.
001680_RUSLAN|Очень приятно.
001681_RUSLAN|Давно хотела с вами познакомиться.
001682_RUSLAN|Вы любите стихи Цветаевой?
001683_RUSLAN|Кажется, люблю.
001684_RUSLAN|А Заболоцкого?
001685_RUSLAN|Мы беседовали около часа.
001686_RUSLAN|Я так и не понял, зачем она явилась.
001687_RUSLAN|На следующий день опять приходит
001688_RUSLAN|Вам не кажется, что разум есть осмысленная форма проявления чувства?
001689_RUSLAN|И так всю неделю.
001690_RUSLAN|Я говорю приятелю
001691_RUSLAN|Миша, что все это значит?
001692_RUSLAN|И ты еще спрашиваешь!
001693_RUSLAN|Чувиха в полной боевой готовности.
001694_RUSLAN|Уж я-то в этих делах разбираюсь.
001695_RUSLAN|Мне даже как-то неловко стало.
001696_RUSLAN|Чего это мы все разговариваем?
001697_RUSLAN|Так ведь и обидеть женщину недолго.
001698_RUSLAN|На следующий день я осторожно предложил
001699_RUSLAN|Может быть, отправимся куда-нибудь?
001700_RUSLAN|Выпьем, помолчим.
001701_RUSLAN|О, нет, я замужем.
001702_RUSLAN|А если по-товарищески?
001703_RUSLAN|На следующий день опять является.
001704_RUSLAN|Передумала, наверное.
001705_RUSLAN|Ну как? говорю.
001706_RUSLAN|Тут рядом мастерская одного художника-супрематиста.
001707_RUSLAN|Супрематист мне ключ оставил.
001708_RUSLAN|Ни в коем случае!
001709_RUSLAN|За кого вы меня принимаете?!
001710_RUSLAN|Это продолжалось три недели.
001711_RUSLAN|Наконец я разозлился
001712_RUSLAN|Скажите откровенно.
001713_RUSLAN|Ради чего вы сюда ходите?
001714_RUSLAN|Что вам нужно от меня?
001715_RUSLAN|Понимаете, у вас язык хороший.
001716_RUSLAN|Литературный русский язык.
001717_RUSLAN|В Таллинне, конечно, много русских.
001718_RUSLAN|Только разговаривают они грубо, примитивно.
001719_RUSLAN|А вы говорите ярко, образно.
001720_RUSLAN|Я переводами занимаюсь, мне необходим литературный язык.
001721_RUSLAN|В общем, я беру уроки.
001722_RUSLAN|Разве это плохо?
001723_RUSLAN|Кое-что я даже записываю.
001724_RUSLAN|Эллен перелистала блокнот.
001725_RUSLAN|Вот, например В чем разница между трупом и покойником?
001726_RUSLAN|В одном случае это мертвое тело.
001727_RUSLAN|В другом мертвая личность.
001728_RUSLAN|Веселые, говорю, мыслишки.
001729_RUSLAN|Зато какая чеканная форма!
001730_RUSLAN|Можно, я снова приду?..
001731_RUSLAN|Прекрасная Эллен!
001732_RUSLAN|Вы оказали мне большую честь!
001733_RUSLAN|Ваши переводы ужасны, но, я думаю, они станут лучше.
001734_RUSLAN|Мы вместе постараемся.
001735_RUSLAN|ЗАГАДОЧНЫЙ КОТЕЛЬНИКОВ
001736_RUSLAN|Нас познакомили в одной литературной компании.
001737_RUSLAN|Затем мы несколько раз беседовали в коридоре партийной газеты.
001738_RUSLAN|Бывший суворовец, кочегар, что-то пишет.
001739_RUSLAN|фамилия Котельников.
001740_RUSLAN|Свои рассказы он так и не принес, хотя мы об этом уславливались.
001741_RUSLAN|Теперь мне кажется, что я его сразу невзлюбил.
001742_RUSLAN|Что-то подозрительное в нем обнаружил.
001743_RUSLAN|А впрочем, это ерунда.
001744_RUSLAN|Мы были в хороших отношениях.
001745_RUSLAN|Единственное меня чуточку настораживало литератор и пролетарий, жил он весьма комфортабельно.
001746_RUSLAN|Приобретал где-то шикарную одежду.
001747_RUSLAN|Интересовался мебелью.
001748_RUSLAN|Нельзя, будучи деклассированным поэтом, заниматься какими-то финскими обоями.
001749_RUSLAN|А может быть, я просто сноб.
001750_RUSLAN|Зачем я рассказываю о Котельникове?
001751_RUSLAN|Это выяснится чуть позже.
001752_RUSLAN|ВСЕ РУШИТСЯ
001753_RUSLAN|Однажды Котельников попросил на время мои рассказы.
001754_RUSLAN|У меня есть дядя, сказал он, главный редактор эстонского Кинокомитета.
001755_RUSLAN|Пусть ознакомится.
001756_RUSLAN|Я дал ему Зону.
001757_RUSLAN|И забыл о ней.
001758_RUSLAN|И вот пронесся слух у Кительникова обыск.
001759_RUSLAN|Вообще наступила тревожная пора.
001760_RUSLAN|Несколько молодых преподавателей ТПИ уволили с работы.
001761_RUSLAN|Кому-то инкриминировали самиздат, кому-то чистую пропаганду.
001762_RUSLAN|В городе шли обыски.
001763_RUSLAN|Лекторы по распространению грозно хмурили брови.
001764_RUSLAN|Чем это было вызвано?
001765_RUSLAN|Мне рассказывали такую версию.
001766_RUSLAN|Группа эстонцев направила петицию в ООН.
001767_RUSLAN|Мы требуем демократизации и самоопределения.
001768_RUSLAN|Хотим положить конец насильственной русификации.
001769_RUSLAN|Действуем в рамках советских законов. Через три дня этот меморандум передавали западные радиостанции.
001770_RUSLAN|Еще через неделю из Москвы поступила директива усилить воспитательную работу.
001771_RUSLAN|А это значит кого-то уволить.
001772_RUSLAN|Разумеется, помимо следствия над авторами меморандума.
001773_RUSLAN|Ну и так далее.
001774_RUSLAN|У Котельникова был обыск.
001775_RUSLAN|Не знаю, в чем он провинился.
001776_RUSLAN|Дальнейших санкций избежал.
001777_RUSLAN|Не был привлечен даже к качестве свидетеля.
001778_RUSLAN|Среди прочих бумаг у него изъяли мои рассказы.
001779_RUSLAN|Я отнесся к этому спокойно.
001780_RUSLAN|Разберутся вернут.
001781_RUSLAN|Не из-за меня же весь этот шум.
001782_RUSLAN|Там должны быть горы настоящего самиздата.
001783_RUSLAN|То есть я был встревожен, как и другие, не больше.
001784_RUSLAN|Ждал верстку.
001785_RUSLAN|Вдруг звонит Эльвира Кураева
001786_RUSLAN|Книжка запрещена.
001787_RUSLAN|Подробностей не знаю.
001788_RUSLAN|Больше говорить не могу.
001789_RUSLAN|Все пропало.
001790_RUSLAN|Примерно час я находился в шоке.
001791_RUSLAN|Потом начал сопоставлять какие-то факты.
001792_RUSLAN|Решил, что между звонком Эльвиры и обыском Котельникова есть прямая связь.
001793_RUSLAN|Мои рассказы попали в кэгэбэ.
001794_RUSLAN|Там с ними ознакомились.
001795_RUSLAN|Восторга, естественно, не испытали.
001796_RUSLAN|Позвонили в издательство гоните, мол, этого типа.
001797_RUSLAN|Видно, я из тех, на ком решили отыграться.
001798_RUSLAN|Звоню Котельникову
001799_RUSLAN|Кто тобой занимается?
001800_RUSLAN|Майор Никитин.
001801_RUSLAN|Я пошел в кэгэбэ.
001802_RUSLAN|Маленькая приемная, стул, две табуретки.
001803_RUSLAN|Постучал в окошко.
001804_RUSLAN|Выглянула женщина.
001805_RUSLAN|К майору Никитину,
001806_RUSLAN|Минут десять прошло.
001807_RUSLAN|Заходит тип в очках.
001808_RUSLAN|Среднего роста, крепкий, на инженера похож.
001809_RUSLAN|Товарищ майор?
001810_RUSLAN|Капитан Зверев.
001811_RUSLAN|А где майор Никитин?
001812_RUSLAN|В командировке.
001813_RUSLAN|Изложите ваши обстоятельства.
001814_RUSLAN|Должен навести справки, говорит капитан.
001815_RUSLAN|Когда мне рукопись вернут?
001816_RUSLAN|Наберитесь терпения.
001817_RUSLAN|Идет следствие.
001818_RUSLAN|В ходе его станет ясно, какие бумаги мы приобщим к делу.
001819_RUSLAN|Позвоните в среду.
001820_RUSLAN|Когда Никитин вернется?
001821_RUSLAN|Довольно скоро.
001822_RUSLAN|А почему мою книжку запретили?
001823_RUSLAN|Вот этого я сказать не могу.
001824_RUSLAN|Мы к литературе отношения не имеем.
001825_RUSLAN|Ладно, думаю, подожду.
001826_RUSLAN|Зашел в издательство.
001827_RUSLAN|Эльвира страшно перепугалась.
001828_RUSLAN|Увела меня на пожарную лестницу.
001829_RUSLAN|Объясните мне, что происходит?
001830_RUSLAN|И более того, не знаю.
001831_RUSLAN|Просто намекнули, что книга запрещена.
001832_RUSLAN|Намекнули или дали соответствующее указание?
001833_RUSLAN|Это одно и то же.
001834_RUSLAN|Я пойду к Акселю Тамму.
001835_RUSLAN|Что вы ему скажете?
001836_RUSLAN|Я же сообщила вам о запрете неофициально.
001837_RUSLAN|Что-нибудь скажу.
001838_RUSLAN|Мол, ходят слухи.
001839_RUSLAN|Это несерьезно.
001840_RUSLAN|Ждите, когда он сам вас известит.
001841_RUSLAN|Уже в издательстве мне показалось, что люди здороваются смущенно.
001842_RUSLAN|На работе то же самое.
001843_RUSLAN|День проходит, второй, третий.
001844_RUSLAN|Звоню капитану.
001845_RUSLAN|Пока, говорит, никаких известий.
001846_RUSLAN|Пусть мне рукопись вернут.
001847_RUSLAN|Звоните в пятницу.
001848_RUSLAN|Эльвира молчит.
001849_RUSLAN|На работе какая-то странная обстановка.
001850_RUSLAN|Или мне все это кажется.
001851_RUSLAN|Пятница наступила.
001852_RUSLAN|Решил не звонить, а пойти в кэгэбэ.
001853_RUSLAN|Чтобы им было труднее отделаться.
001854_RUSLAN|Захожу в приемную.
001855_RUSLAN|Спускается новый, в очках.
001856_RUSLAN|Могу я видеть капитана Зверева?
001857_RUSLAN|А майор Никитин?
001858_RUSLAN|В командировке.
001859_RUSLAN|Изложите свои обстоятельства мне.
001860_RUSLAN|Я начал понимать их стратегию.
001861_RUSLAN|Каждый раз выходит новый человек.
001862_RUSLAN|Каждый раз я объясняю, в чем дело.
001863_RUSLAN|То есть отношения не развиваются.
001864_RUSLAN|И дальше приемной мне хода не будет.
001865_RUSLAN|Я как дурак изложил свои обстоятельства.
001866_RUSLAN|Буду узнавать.
001867_RUSLAN|Когда мне рукопись вернут?
001868_RUSLAN|Если рукопись будет приобщена к делу, вас известят.
001869_RUSLAN|А если не будет приобщена?
001870_RUSLAN|Тогда мы передадим ее вашим коллегам.
001871_RUSLAN|В секцию прозы?
001872_RUSLAN|Я же говорю коллегам, журналистам.
001873_RUSLAN|Они-то при чем?
001874_RUSLAN|Они ваши товарищи, пишущие люди.
001875_RUSLAN|Разберутся, как и что.
001876_RUSLAN|Товарищи, думаю.
001877_RUSLAN|Брянский волк мне товарищ.
001878_RUSLAN|Вы мою рукопись читали?
001879_RUSLAN|Просто так спросил, без надежды.
001880_RUSLAN|Читал, отвечает.
001881_RUSLAN|По содержанию, я думаю, нормально.
001882_RUSLAN|Ну, а по форме.
001883_RUSLAN|Я смущенно и горделиво улыбнулся.
001884_RUSLAN|По форме, заключил он, ниже всякой критики.
001885_RUSLAN|Попрощались мы вежливо, я бы сказал дружелюбно.
001886_RUSLAN|В понедельник на работе какая-то странная атмосфера.
001887_RUSLAN|Здороваются с испугом.
001888_RUSLAN|Парторг говорит
001889_RUSLAN|В три часа будьте у редактора.
001890_RUSLAN|В три часа узнаете.
001891_RUSLAN|Подходит ко мне дружок из отдела быта, шепчет
001892_RUSLAN|Пиши заявление.
001893_RUSLAN|Какое еще заявление?
001894_RUSLAN|По собственному желанию.
001895_RUSLAN|Иначе тебя уволят за действия, несовместимые с престижем республиканской газеты.
001896_RUSLAN|Скоро поймешь.
001897_RUSLAN|Дикая ситуация.
001898_RUSLAN|Все что-то знают.
001899_RUSLAN|Один я не знаю.
001900_RUSLAN|Написал как дурак заявление.
001901_RUSLAN|Захожу в кабинет редактора.
001902_RUSLAN|Люди уже собрались.
001903_RUSLAN|Что-то вроде президиума образовалось.
001904_RUSLAN|Сурово поглядывают.
001905_RUSLAN|Товарищи, начал редактор.
001906_RUSLAN|ГРОМ НЕБЕСНЫЙ
001907_RUSLAN|Товарищи, начал редактор, мы собрались, чтобы обсудить.
001908_RUSLAN|Разобраться в истоках морального падения.
001909_RUSLAN|Товарищ Довлатов безответственно передал свою рукопись Зона человеку, общественное лицо которого.
001910_RUSLAN|Человеку, которым занимаются соответствующие органы… Нет уверенности, друзья мои, в том.
001911_RUSLAN|А что, если этой книгой размахивают наши враги?..
001912_RUSLAN|Идет борьба двух миров, двух систем.
001913_RUSLAN|Мы знали Довлатова как способного журналиста.
001914_RUSLAN|Но это был человек двойной, так сказать.
001915_RUSLAN|Два лица, товарищи.
001916_RUSLAN|Причем два совершенно разных лица.
001917_RUSLAN|Но это второе лицо искажено гримасой отвращения ко всему, что составляет.
001918_RUSLAN|И вот мы хотим, образно говоря, понять.
001919_RUSLAN|Товарищи ознакомились с рукописью.
001920_RUSLAN|Прошу высказываться.
001921_RUSLAN|Господи, что тут началось!
001922_RUSLAN|Я даже улыбался сначала.
001923_RUSLAN|Заместитель редактора К. Малышев
001924_RUSLAN|Довлатов скатился в болото.
001925_RUSLAN|Льет воду на мельницу буржуазии… Опорочил все самое дорогое.
001926_RUSLAN|Костя, думаю, ты ли это?
001927_RUSLAN|Не ты ли мне за стакан портвейна выписывал фиктивные командировки?
001928_RUSLAN|Сколько было выпито!..
001929_RUSLAN|Второй заместитель редактора Б. Нейфах
001930_RUSLAN|У Довлатова все беспросветно, мрачно.
001931_RUSLAN|Нравственные калеки, а не герои.
001932_RUSLAN|Где он все это берет?
001933_RUSLAN|Как Довлатов оказался в лагере?..
001934_RUSLAN|И что такое лагерь?
001935_RUSLAN|Символ нашего общества?..
001936_RUSLAN|Лавры Солженицына не дают ему покоя.
001937_RUSLAN|Ответственный секретарь редакции И. Популовский
001938_RUSLAN|Довлатов опередил.
001939_RUSLAN|У Солженицына не так мрачно.
001940_RUSLAN|Я читал Ивана Денисовича, там есть положительные эмоции.
001941_RUSLAN|А Довлатов все перечеркнул.
001942_RUSLAN|Заведующий военно-патриотическим отделом И. Гаспль
001943_RUSLAN|Один вопрос ты любишь свою родину?
001944_RUSLAN|Как всякий нормальный человек.
001945_RUSLAN|Гаспль перебивает
001946_RUSLAN|Тогда объясни, что произошло?
001947_RUSLAN|Ведь это же политическая диверсия!..
001948_RUSLAN|Я начал говорить.
001949_RUSLAN|До сих пор мучаюсь.
001950_RUSLAN|Как я унизился до проповеди в этом зверинце?!
001951_RUSLAN|Боже мой, что я пытался объяснить!
001952_RUSLAN|А главное кому?!
001953_RUSLAN|Трагические основы красоты.
001954_RUSLAN|Остров Сахалин Чехова.
001955_RUSLAN|Записки из мертвого дома.
001956_RUSLAN|Максим Горький.
001957_RUSLAN|Кто живет без печали и гнева, тот не любит отчизны своей.
001958_RUSLAN|Нейфах перебивает
001959_RUSLAN|Кто это написал?
001960_RUSLAN|Какой-нибудь московский диссидент?
001961_RUSLAN|Это стихи Некрасова!
001962_RUSLAN|Секретарь партийной организации Л. Кокк.
001963_RUSLAN|Встает, дожидается полной тишины
001964_RUSLAN|Свойственно ли человеку испражняться?
001965_RUSLAN|Да, свойственно.
001966_RUSLAN|Но разве только из этого состоит наша жизнь?..
001967_RUSLAN|Существует ли у нас гомосексуализм?
001968_RUSLAN|Да, в какой-то мере пока существует.
001969_RUSLAN|Значит ли это, что гомосексуализм единственный путь?..
001970_RUSLAN|Довлатов изображает самое гнусное, самое отталкивающее.
001971_RUSLAN|Все его герои уголовники, наркоманы, антисемиты.
001972_RUSLAN|Антисемитизма мы ему не простим!
001973_RUSLAN|Но есть и проявления сионизма.
001974_RUSLAN|В принципе, это одно и то же.
001975_RUSLAN|Я много бывал за границей.
001976_RUSLAN|Честно скажу, живут неплохо.
001977_RUSLAN|Был я у одного миллионера.
001978_RUSLAN|Хорошая квартира, дача.
001979_RUSLAN|Но все это куплено ценой моральной деградации.
001980_RUSLAN|Вот говорят свобода!
001981_RUSLAN|Свобода на Западе есть.
001982_RUSLAN|Для тех, кто прославляет империализм.
001983_RUSLAN|Теперь возьмем одежду.
001984_RUSLAN|Конечно, синтетика дешевая.
001985_RUSLAN|Помню, брал я мантель в Стокгольме.
001986_RUSLAN|Редактор Г. Туронок
001987_RUSLAN|Вы несколько отвлеклись.
001988_RUSLAN|Я заканчиваю.
001989_RUSLAN|Возьмем наркотики.
001990_RUSLAN|Они, конечно, дают забвение, но временное.
001991_RUSLAN|А про сексуальную революцию я и говорить не хочу.
001992_RUSLAN|Мне кажется, Довлатов ненавидит простых людей!..
001993_RUSLAN|И это он мне!
001994_RUSLAN|Тысячу раз отмечалось, что я единственный говорю спасибо машинисткам.
001995_RUSLAN|Единственный убираю за собой.
001996_RUSLAN|И. Популовский
001997_RUSLAN|А ведь язык у него хороший, образный.
001998_RUSLAN|Мог бы создать художественные произведения.
001999_RUSLAN|Пусть Довлатов выскажется.
002000_RUSLAN|Тут я слегка мобилизовался
002001_RUSLAN|То, что здесь происходит, отвратительно.
002002_RUSLAN|Вы обсуждаете неопубликованную рукопись.
002003_RUSLAN|Это грубое нарушение авторских прав.
002004_RUSLAN|Прошу не задавать вопросов.
002005_RUSLAN|Отвечать не считаю целесообразным.
002006_RUSLAN|Заведующий сельхозотделом протягивает мне валидол.
002007_RUSLAN|Век ему этого не забуду.
002008_RUSLAN|Г. Туронок, смягчаясь
002009_RUSLAN|Довлатову надо подумать.
002010_RUSLAN|У него будет время.
002011_RUSLAN|Мне известно, что он написал заявление.
002012_RUSLAN|Значит, моего дружка подослали.
002013_RUSLAN|Мы не будем возражать.
002014_RUSLAN|Можно было, конечно, порвать заявление об уходе.
002015_RUSLAN|Только зачем все это?!
002016_RUSLAN|Победить в такой ситуации невозможно.
002017_RUSLAN|Увольняясь, я делаю себе маленький подарок.
002018_RUSLAN|Это легкая компенсация за то, что я пережил в издательстве.
002019_RUSLAN|Здесь нечем дышать!..
002020_RUSLAN|Вы будете стыдиться этого беззакония.
002021_RUSLAN|КОРИДОРЫ ВЛАСТИ
002022_RUSLAN|Я пошел в цека к знакомому инструктору Трулю.
002023_RUSLAN|Было ясно, что он в курсе событий.
002024_RUSLAN|Что же это такое?
002025_RUSLAN|Инструктор предупреждающе кивнул в сторону телефона
002026_RUSLAN|Работник цека Эстонии и бывший журналист партийной газеты совещались в уборной.
002027_RUSLAN|Есть один реальный путь, сказал инструктор, ты устраиваешься на завод чернорабочим.
002028_RUSLAN|Потом становишься бригадиром.
002029_RUSLAN|Директором завода?
002030_RUSLAN|Нет, рабкором.
002031_RUSLAN|Молодежная газета печатает тебя в качестве рабкора.
002032_RUSLAN|Через два года ты пишешь о заводе книгу.
002033_RUSLAN|Тебя принимают в Союз.
002034_RUSLAN|И так далее.
002035_RUSLAN|Подожди, Ваня.
002036_RUSLAN|Для чего же мне идти на завод?
002037_RUSLAN|У меня, слава Богу, есть профессия, которую я люблю.
002038_RUSLAN|Тогда не знаю.
002039_RUSLAN|Ты мне лучше объясни, что это за люди!
002040_RUSLAN|Я же с ними два года работал.
002041_RUSLAN|Хоть бы одно слово правды!
002042_RUSLAN|Там были деятели, которые читали мои вещи.
002043_RUSLAN|Читали и хвалили, а теперь молчат.
002044_RUSLAN|Удивляться тут нечему.
002045_RUSLAN|Ты же и выбрал эту среду.
002046_RUSLAN|А теперь удивляешься.
002047_RUSLAN|А твоя среда лучше?
002048_RUSLAN|Не сказал бы.
002049_RUSLAN|Бардак, конечно, повсюду.
002050_RUSLAN|В том числе и на заводе.
002051_RUSLAN|Однако не такой.
002052_RUSLAN|Послушай моего совета.
002053_RUSLAN|Завод это далеко не худший вариант.
002054_RUSLAN|Я позвонил в кэгэбэ.
002055_RUSLAN|Разыскал Никитина.
002056_RUSLAN|Видно, ему уже не стоило прятаться.
002057_RUSLAN|Я все изложил.
002058_RUSLAN|Позвольте, говорит Никитин, что вам, собственно, угодно?
002059_RUSLAN|Мы передали рукопись вашим товарищам.
002060_RUSLAN|Обращайтесь к ним.
002061_RUSLAN|Литература вне нашей компетенции.
002062_RUSLAN|Я хотел выявить конкретное лицо, распорядившееся моей судьбой.
002063_RUSLAN|Обнаружить реальный первоисточник моей неудачи.
002064_RUSLAN|Поговорить, наконец, с человеком, обладающим безоговорочной исполнительной властью.
002065_RUSLAN|Но это лицо оставалось во мраке.
002066_RUSLAN|Вместо него действовали марионетки, призраки, тени.
002067_RUSLAN|СОЛО НА УНДЕРВУДЕ
002068_RUSLAN|Марамзин говорил
002069_RUSLAN|Если дать рукописи Брежневу, он прочитает и скажет
002070_RUSLAN|Мне-то лично нравится.
002071_RUSLAN|А вот что подумают наверху?! 
002072_RUSLAN|Я спросил Акселя Тамма
002073_RUSLAN|От кого лично вы получили инструкцию?
002074_RUSLAN|От своего прямого начальника.
002075_RUSLAN|Могу я с ним поговорить?
002076_RUSLAN|Бесполезно.
002077_RUSLAN|Он скажет идите к Акселю Тамму.
002078_RUSLAN|Ловко придумано.
002079_RUSLAN|Убийца видит свою жертву.
002080_RUSLAN|Поэтому ему доступно чувство сострадания.
002081_RUSLAN|В критическую секунду он может прозреть.
002082_RUSLAN|Со мной поступили иначе.
002083_RUSLAN|Убийца и в глаза меня не видел.
002084_RUSLAN|И я его не видел.
002085_RUSLAN|Даже не знал его имени.
002086_RUSLAN|То есть палач был избавлен от укоров совести.
002087_RUSLAN|И от страха мщения.
002088_RUSLAN|От всего того, что называется мерзким словом эксцессы.
002089_RUSLAN|Одно дело треснуть врага по голове алебардой.
002090_RUSLAN|Или пронзить штыком.
002091_RUSLAN|Совсем другое нажать, предположим, кнопку в Азии и уничтожить Британские острова.
002092_RUSLAN|В общем, круг замкнулся.
002093_RUSLAN|Комитет просигналил Туронку.
002094_RUSLAN|Туронок, одержимый рвением холуя, устроил весь этот спектакль.
002095_RUSLAN|Издательство умыло руки.
002096_RUSLAN|Что им готовый типографский набор?!
002097_RUSLAN|Подумаешь, убытки.
002098_RUSLAN|Государство не обеднеет.
002099_RUSLAN|У него можно красть до бесконечности.
002100_RUSLAN|Я пошел к Григорию Михайловичу Скульскому.
002101_RUSLAN|Бывший космополит, ветеран эстонской литературы мог дать полезный совет.
002102_RUSLAN|Григорий Михайлович сказал
002103_RUSLAN|Вам надо покаяться.
002104_RUSLAN|Это неважно.
002105_RUSLAN|Главное в чем-то покаяться.
002106_RUSLAN|Что-то признать.
002107_RUSLAN|Не такой уж вы ангел.
002108_RUSLAN|Я совсем не ангел.
002109_RUSLAN|Вот и покайтесь.
002110_RUSLAN|У каждого есть в чем покаяться.
002111_RUSLAN|Я не чувствую себя виноватым.
002112_RUSLAN|Этого достаточно.
002113_RUSLAN|Курение есть вредная, легкомысленная привычка.
002114_RUSLAN|Вот и напишите
002115_RUSLAN|Раскаиваясь в своем легкомыслии, я прошу. А дальше про книжку.
002116_RUSLAN|Покайтесь в туманной, загадочной форме.
002117_RUSLAN|Напишите Кэбину.
002118_RUSLAN|А вам приходилось каяться?
002119_RUSLAN|Сколько угодно.
002120_RUSLAN|Это мое обычное состояние.
002121_RUSLAN|В том, что я готовил покушение на Уборевича.
002122_RUSLAN|К счастью, в этот момент Уборевича арестовали.
002123_RUSLAN|За покушение на Блюхера, если не ошибаюсь.
002124_RUSLAN|А Блюхера за покушение на Якира.
002125_RUSLAN|Таллиннская эпопея завершилась.
002126_RUSLAN|Я уезжал в красивом ореоле политических гонений.
002127_RUSLAN|Какие-то люди украдкой жали мне руки
002128_RUSLAN|Ты не один, старик!
002129_RUSLAN|Ходили слухи, что я героически нес крамольный транспарант от Мустамяэ до здания цека.
002130_RUSLAN|А выступал не то за легализацию бриджа, не то за освобождение штангиста Мейуса, который из ревности придушил свою жену.
002131_RUSLAN|Я убедился, что все бесполезно.
002132_RUSLAN|Купил билет до Ленинграда.
002133_RUSLAN|Перед отъездом написал Кэбину.
002134_RUSLAN|Первому секретарю цека КП Эстонии
002135_RUSLAN|от корреспондента Советской Эстонии
002136_RUSLAN|С. Довлатова
002137_RUSLAN|Уважаемый Иван Густавович!
002138_RUSLAN|Решаюсь обратиться к вам в связи с личным делом, исключительно важным для меня.
002139_RUSLAN|Вот его суть.
002140_RUSLAN|С тесяча девятьсяот шестьдесят пятого года я занимаюсь журналистикой.
002141_RUSLAN|С шестьдесят восьмого член Союза.
002142_RUSLAN|С лета семьдесят третьего года корреспондент Советской Эстонии.
002143_RUSLAN|В сентябре семьдесят третьего года я представил в издательство Ээсти раамат сборник под общим названием Городские рассказы.
002144_RUSLAN|Книга была положительно отрецензирована, со мной заключили договор.
002145_RUSLAN|К началу семьдесят пятого года она прошла все инстанции, была набрана и одобрена в цека КПЭ.
002146_RUSLAN|Одновременно готовилось издание небольшой детской повести.
002147_RUSLAN|Трудно выразить, как много значит для начинающего автора первая книга.
002148_RUSLAN|Ведь я ждал ее более десяти лет.
002149_RUSLAN|И вот оба сборника один из них совершенно готовый к печати, запрещены.
002150_RUSLAN|Что же произошло?
002151_RUSLAN|Дело в том, что месяца три назад я передал часть моих рукописей некоему В. Котельникову.
002152_RUSLAN|с которым не был достаточно хорошо знаком.
002153_RUSLAN|В. Котельников намеревался показать их своему родственнику, главному редактору Кинокомитета тов.
002154_RUSLAN|Бельчикову, суждения которого могли быть мне полезны.
002155_RUSLAN|Затем мне стало известно, что подборка моих рассказов Зона объемом в стодесять машинописных страниц изъята у Котельникова сотрудниками кэгэбэ, а сан Котельников причастен к делу, по которому ведется следствие.
002156_RUSLAN|Повторяю, ничего предосудительного о Котельникове мне известно не было.
002157_RUSLAN|Рукопись передавалась с деловой и творческой целью.
002158_RUSLAN|«Зона это подборка рассказов, написанных девять двянадцать лет назад.
002159_RUSLAN|Они представляют собой записки надзирателя исправительно-трудовой колонии особого режима.
002160_RUSLAN|Они построены на автобиографическом материале.
002161_RUSLAN|Считаю возможным добавить, что за время службы я неоднократно поощрялся грамотами и знаками воинского отличия.
002162_RUSLAN|Рассказы эти первые опыты начинающего автора, подавленного и несколько бравирующего экзотичностью пережитого материала.
002163_RUSLAN|Я собирался продолжить работу над ними.
002164_RUSLAN|В окончательный вариант моей первой книги эти рассказы не входят.
002165_RUSLAN|Я надеюсь и предполагаю, что Зона при всем ее несовершенстве не могла быть и не стала орудием антисоветской пропаганды, и уж во всяком случае, я категорически не имел такого намерения.
002166_RUSLAN|Раскаиваясь в своем легкомыслии, я думаю все-таки, что наказание запрет на мою книгу превосходит мою непредумышленную вину.
002167_RUSLAN|Всю свою сознательную жизнь я мечтаю о профессиональной литературной деятельности.
002168_RUSLAN|С первой книгой, после десять лет ожидания, связаны все мои надежды.
002169_RUSLAN|Закрывая мне надолго дорогу к творчеству, литературные инстанции приводят меня к грани человеческого отчаяния.
002170_RUSLAN|Именно это, поверьте, глубокое чувство заставляет меня претендовать на Ваше время и Вашу снисходительность.
002171_RUSLAN|Уважаемый товарищ директор!
002172_RUSLAN|В июне семьдесят четвертого года издательство заключило со мной договор на книгу рассказов.
002173_RUSLAN|До этого рукопись была положительно отрецензирована доцентом ТГУ В. Беззубовым.
002174_RUSLAN|Редактор Э. Кураева проделала значительную работу.
002175_RUSLAN|Книгу сдали в набор.
002176_RUSLAN|Появились гранки, затем верстка.
002177_RUSLAN|Шел нормальный издательский цикл.
002178_RUSLAN|Внезапно я узнал, что книга таинственным образом приостановлена.
002179_RUSLAN|Никаких официальных сведений ни в одной из инстанций я получить не смог.
002180_RUSLAN|Причины запрета доходили до меня в виде частных, нелепых и фантастических слухов.
002181_RUSLAN|За книгу, мистическим способом уничтоженную, я получил сто процентов авторского вознаграждения.
002182_RUSLAN|И это единственный акт, доступный моему пониманию.
002183_RUSLAN|Повторяю, официальная версия запрета мне не известна.
002184_RUSLAN|Настоятельно прошу Вас разобраться в этом деле.
002185_RUSLAN|Государственный комитет Совета Министров эсэсэр
002186_RUSLAN|по делам издательств, полиграфии и книжной торговли
002187_RUSLAN|Копия в отдел пропаганды цека КПЭ
002188_RUSLAN|Издание Вашей книги было остановлено по известным Вам причинам.
002189_RUSLAN|В настоящее время вернуться к вопросу ее издания не представляется возможным также потому, что республиканское издательство по существующему положению издает на русском языке лишь произведения местных авторов.
002190_RUSLAN|Директор Р. Сийрак
002191_RUSLAN|Я снова написал.
002192_RUSLAN|В последний раз
002193_RUSLAN|Директору издательства Ээсти раамат
002194_RUSLAN|Копия в отдел пропаганды цека КПЭ
002195_RUSLAN|Уважаемый товарищ Сийрак!
002196_RUSLAN|очевидно, принимаете меня за идиота.
002197_RUSLAN|Чем еще объяснить характер Вашего письма?
002198_RUSLAN|Я спрашиваю о причинах, по которым не издают мою книгу.
002199_RUSLAN|Вы отвечаете . По известным Вам причинами.
002200_RUSLAN|И дальше издательство публикует только местных авторов.
002201_RUSLAN|Это после того. как со мной заключили договор, выплатили мне гонорар и книга прошла весь издательский цикл.
002202_RUSLAN|Не скрою, Ваша отписка показалась мне издевательской.
002203_RUSLAN|Еще раз объясняю литература дело моей жизни.
002204_RUSLAN|Вы ставите меня в положение, при котором нечего терять..
002205_RUSLAN|Простите за резкость.
002206_RUSLAN|Ответа не последовало.
002207_RUSLAN|ВОЗВРАЩЕНИЕ
002208_RUSLAN|Три года я не был в Ленинграде.
002209_RUSLAN|И вот приехал.
002210_RUSLAN|Встретился с друзьями.
002211_RUSLAN|Узнал последние новости.
002212_RUSLAN|Хейфец сидит, Виньковецкий уехал.
002213_RUSLAN|Марамзин уезжает на днях.
002214_RUSLAN|Поговорили на эту тему.
002215_RUSLAN|Один мой приятель сказал
002216_RUSLAN|Чем ты недоволен, если разобраться?
002217_RUSLAN|Тебя не печатают?
002218_RUSLAN|А Христа печатали?!..
002219_RUSLAN|Не печатают, зато ты жив.
002220_RUSLAN|Они тебя не печатают!
002221_RUSLAN|Подумаешь!..
002222_RUSLAN|Да ты бы их в автобус не пустил!
002223_RUSLAN|А тебя всего лишь не печатают.
002224_RUSLAN|Перспективы были самые туманные.
002225_RUSLAN|Раньше мы хоть в Союз писателей имели доступ.
002226_RUSLAN|Читали свои произведения.
002227_RUSLAN|Теперь и этого не было.
002228_RUSLAN|Вообще я заметил, что упадок гораздо стремительнее прогресса.
002229_RUSLAN|Мало того, прогресс имеет границы.
002230_RUSLAN|Упадок же беспределен.
002231_RUSLAN|Когда-то мы обсуждали рукописи с низовыми чиновниками.
002232_RUSLAN|Журналы вели с авторами демагогическую переписку.
002233_RUSLAN|Сейчас все изменилось.
002234_RUSLAN|Рукописи тормозились на первом же этапе.
002235_RUSLAN|Я отнес рассказы в Аврору и в Звезду.
002236_RUSLAN|Ирма Кудрова Звезда ответила мне по телефону
002237_RUSLAN|Понравилось.
002238_RUSLAN|Но вы же знаете, как это бывает.
002239_RUSLAN|То, что нравится мне, едва ли понравится Холопову.
002240_RUSLAN|В Авроре произошла совсем уж дикая история.
002241_RUSLAN|Лена Клепикова рассказы одобрила.
002242_RUSLAN|Передала их новому заведующему отделом Козлову.
002243_RUSLAN|К этому времени у него скопилось рукописей целая гора.
002244_RUSLAN|Физически сильный Козлов отнес все это на помойку.
002245_RUSLAN|Разве можно такую гору прочесть?!
002246_RUSLAN|Да еще малограмотному человеку.
002247_RUSLAN|Я получил из Авроры экземпляр одного из своих рассказов.
002248_RUSLAN|И записку на бланке
002249_RUSLAN|Общественно-политический и литературно-художественный
002250_RUSLAN|ежемесячный журнал цека вээлксэм, Союза писателей эрэсэфэсэр
002251_RUSLAN|и Ленинградской писательской организации
002252_RUSLAN|Дорогой Сережа!
002253_RUSLAN|Вот нашла экземпляр, сохранившийся после разбоя, учиненного Козловым.
002254_RUSLAN|Остальное, как вы знаете, пропало.
002255_RUSLAN|Будьте здоровы.
002256_RUSLAN|С Козловым я в дальнейшем познакомился.
002257_RUSLAN|Напыщенный и глупый человек.
002258_RUSLAN|Напоминает игрушечного Хемингуэя.
002259_RUSLAN|Я перелистал ленинградские журналы.
002260_RUSLAN|Тяжелое чувство охватило меня.
002261_RUSLAN|Не просто дрянь, а какая-то безликая вязкая серость.
002262_RUSLAN|Даже названия почти о динаковые Чайки летят к горизонту, Отвечаю за все, Продолжение следует, Звезды на ладони, Будущее начинается сегодня.
002263_RUSLAN|Будет ли этому конец?!..
002264_RUSLAN|СОЛО НА УНДЕРВУДЕ
002265_RUSLAN|Лениздат выпустил книжку.
002266_RUSLAN|Под фотоиллюстрацией значилось Личные вещи партизана Боснюка.
002267_RUSLAN|Пуля из его черепа и гвоздь, которым Боснюк ранил немецкого офицера.
002268_RUSLAN|Широко жил товарищ Боснюк.
002269_RUSLAN|Знаменитый писатель Раевский опубликовал новеллу из дореволюционной жизни.
002270_RUSLAN|В ней была такая фраза
002271_RUSLAN|Светлые локоны горничной выбивались из-под ее кружевного фартука.
002272_RUSLAN|Я искал работу.
002273_RUSLAN|Сунулся в многотиражку ЛОМО.
002274_RUSLAN|После республиканской газеты это было унизительно.
002275_RUSLAN|К счастью, работа оказалась временной.
002276_RUSLAN|Тут мне позвонил Воскобойников.
002277_RUSLAN|Он заведовал прозой в Костре.
002278_RUSLAN|Литсотрудник Галина уходила в декретный отпуск.
002279_RUSLAN|Воскобойников предлагал ее заменить
002280_RUSLAN|Галины не будет месяцев шесть.
002281_RUSLAN|А к тому времени она снова забеременеет.
002282_RUSLAN|Я был уверен, что меня не возьмут.
002283_RUSLAN|Все-таки орган цека комсомола.
002284_RUSLAN|А я как-никак скатился в болото.
002285_RUSLAN|Опорочил все самое дорогое.
002286_RUSLAN|Недели три решался этот вопрос.
002287_RUSLAN|Затем меня известили, что я должен в среду приступить к работе.
002288_RUSLAN|Это было для меня приятной неожиданностью.
002289_RUSLAN|Уверен, что мою кандидатуру согласовывали в обкоме.
002290_RUSLAN|Так положено.
002291_RUSLAN|А значит, обком не возражал.
002292_RUSLAN|Видно, есть такая метода не унижать до предела.
002293_RUSLAN|Не вынуждать к опрометчивым поступкам.
002294_RUSLAN|Я спросил одного из работников журнала
002295_RUSLAN|Кого мне опасаться в редакции?
002296_RUSLAN|Он ответил быстро и коротко
002297_RUSLAN|Об этом человеке стоит рассказать подробнее.
002298_RUSLAN|Начинал он с группой очень талантливой молодежи.
002299_RUSLAN|С Поповым, Ефимовым, Битовым, Марамзиным.
002300_RUSLAN|Неглупый и даровитый, он быстро разобрался в ситуации.
002301_RUSLAN|Понял, что угодить литературным хозяевам несложно.
002302_RUSLAN|Лавры изгоя его не прельщали.
002303_RUSLAN|Он начал печататься.
002304_RUSLAN|Его литературные данные составляли оптимальный вариант.
002305_RUSLAN|Ведь полная бездарность нерентабельна.
002306_RUSLAN|Талант настораживает.
002307_RUSLAN|Гениальность вызывает ужас.
002308_RUSLAN|Наиболее ходкая валюта умеренные литературные способности.
002309_RUSLAN|Он умерил свой талант.
002310_RUSLAN|Издал подряд шестнадцать книг.
002311_RUSLAN|Первые были еще ничего.
002312_RUSLAN|Но с каждым разом молодой писатель упрощал свои задачи.
002313_RUSLAN|Последние его книги сугубо утилитарны.
002314_RUSLAN|Это биографии вождей, румяные политические сказки.
002315_RUSLAN|Производил он их умело, быстро, доброкачественно.
002316_RUSLAN|Получше, чем многие другие.
002317_RUSLAN|Он растерял товарищей своей молодости.
002318_RUSLAN|Беспредельная уступчивость и жажда комфорта превратили его в законченного функционера.
002319_RUSLAN|Оставив живую творческую среду, он не примкнул и к разветвленной шайке литературных мешочников.
002320_RUSLAN|Наглухо застрял между этажами.
002321_RUSLAN|Женственная пугливость делала его игрушкой любого злодейского начинания.
002322_RUSLAN|За каждым новым падением следовало искреннее раскаяние.
002323_RUSLAN|И в конечном счете полное безысходное одиночество.
002324_RUSLAN|К нему относились скептически.
002325_RUSLAN|Причем как литературные вельможи, так и художественная богема.
002326_RUSLAN|Его угодливая робость вызывала пренебрежение начальства.
002327_RUSLAN|Высокий материальный статус законно раздражал бедняков.
002328_RUSLAN|К чести его добавлю он едва ли заблуждался на собственный счет.
002329_RUSLAN|Он знал, что делает.
002330_RUSLAN|Наглядно мучился и принимал какие-то решения.
002331_RUSLAN|Вся жизнь его свидетельствует нет большей трагедии для мужчины, чем полное отсутствие характера.
002332_RUSLAN|СОЛО НА УНДЕРВУДЕ
002333_RUSLAN|Писателю Воскобойникову дали мастерскую.
002334_RUSLAN|Там не было уборной.
002335_RUSLAN|Находилась мастерская рядом с вокзалом Так что Воскобойников пользовался железнодорожным сортиром.
002336_RUSLAN|Но было одно затруднение.
002337_RUSLAN|После двенадцати ночи вокзал охраняли милиционеры.
002338_RUSLAN|В здание пропускали лишь граждан с билетами.
002339_RUSLAN|Тогда Воскобойников приобрел месячную карточку до ближайшей станции.
002340_RUSLAN|Если не ошибаюсь, до Боровой.
002341_RUSLAN|Стоила карточка рубля два.
002342_RUSLAN|Полторы копейки за мероприятие.
002343_RUSLAN|Воскобойников стал единственным жителем Ленинграда, который мочился не бесплатно.
002344_RUSLAN|Характерная для него история.
002345_RUSLAN|Однажды Воскобойникова подвели американские туристы.
002346_RUSLAN|Может, не явились в гости.
002347_RUSLAN|Что-то в этом роде.
002348_RUSLAN|Воскобойников слегка обиделся, но пошутил
002349_RUSLAN|Я напишу письмо Джимми Картеру.
002350_RUSLAN|Что это. мол, за безобразие?!
002351_RUSLAN|Даже не позвонили.
002352_RUSLAN|А Бродский Воскобойникову говорит
002353_RUSLAN|Ты напиши до востребования.
002354_RUSLAN|А то Джимми Картер ежедневно бегает на почту и все убивается снова от Воскобойникова ни звука.
002355_RUSLAN|Честно говоря, ко мне Воскобойников относился неплохо.
002356_RUSLAN|Вот и теперь сам предложил работу.
002357_RUSLAN|Хотя вполне мог подыскать более несомненную кандидатуру.
002358_RUSLAN|В детской прозе я не разбираюсь.
002359_RUSLAN|Диплома у меня нет.
002360_RUSLAN|Влиятельных покровителей тем более.
002361_RUSLAN|И все-таки он настоял.
002362_RUSLAN|Мне было непонятно, зачем я им понадобился?
002363_RUSLAN|Лосев это было до его отъезда на Запад пояснил мне
002364_RUSLAN|Вы человек с какими-то моральными проблесками.
002365_RUSLAN|А это большой дефицит.
002366_RUSLAN|Если взять негодяя, он постепенно вытеснит литсотрудника Галину.
002367_RUSLAN|А может быть, и самого Воскобойникова.
002368_RUSLAN|Короче, ваше преимущество безвредность.
002369_RUSLAN|Это, говорю, мы еще посмотрим.
002370_RUSLAN|КЛУБОК ЗМЕЙ
002371_RUSLAN|Я убедился в том, что редакционные принципы неизменны.
002372_RUSLAN|Система везде одна и та же.
002373_RUSLAN|Есть люди, которые умеют писать.
002374_RUSLAN|И есть люди, призванные командовать.
002375_RUSLAN|Пишущие мало зарабатывают.
002376_RUSLAN|Чаще улыбаются.
002377_RUSLAN|Больше пьют.
002378_RUSLAN|Платят алименты.
002379_RUSLAN|Начальство же состоит, в основном, из разросшихся корректоров, машинисток, деятелей профсоюзов.
002380_RUSLAN|Чувствуя свое творческое бессилие, эти люди всю жизнь шли надежной административной тропой.
002381_RUSLAN|Отсутствие профессиональных данных компенсировалось совершенной благонадежностью.
002382_RUSLAN|Пишущие не очень дорожат своей работой.
002383_RUSLAN|Командующие судорожно за нее цепляются.
002384_RUSLAN|Командиров можно лишить их привилегий.
002385_RUSLAN|Пишущим нечего терять.
002386_RUSLAN|Заместителем редактора Костра был старый пионервожатый Юран.
002387_RUSLAN|За восемь месяцев я так и не понял, что составляет круг его обязанностей.
002388_RUSLAN|Неизменно выпивший, он часами бродил по коридору.
002389_RUSLAN|Порой его начинала мучить совесть.
002390_RUSLAN|Юран заходил в одну из комнат, где толпилось побольше народу.
002391_RUSLAN|Брал трубку
002392_RUSLAN|Это метеостанция?
002393_RUSLAN|Фролова, пожалуйста!
002394_RUSLAN|Секция юных натуралистов?
002395_RUSLAN|Валерия Модестовна у себя?
002396_RUSLAN|Ах, в отпуске?
002397_RUSLAN|Комбинат бытового обслуживания?
002398_RUSLAN|Можно попросить Климовицкого?
002399_RUSLAN|Передайте ему, что звонил Юран.
002400_RUSLAN|Важное дело.
002401_RUSLAN|Секретарша однажды шепнула мне
002402_RUSLAN|Обрати внимание.
002403_RUSLAN|Юран набирает пять цифр.
002404_RUSLAN|Не шесть, а пять.
002405_RUSLAN|И говорит разную чепуху в пустую трубку.
002406_RUSLAN|Симулирует производственное рвение.
002407_RUSLAN|Редактировал Костер детский писатель Сахарнов.
002408_RUSLAN|Я прочитал его книги.
002409_RUSLAN|Они мне понравились.
002410_RUSLAN|Непритязательные морские истории.
002411_RUSLAN|Он выпускал шесть-семь книжек за год.
002412_RUSLAN|Недаром считают, что ресурсы океана безграничны.
002413_RUSLAN|Дельфины нравились Сахарнову больше, чем люди.
002414_RUSLAN|Он этого даже не скрывал.
002415_RUSLAN|И я его понимаю.
002416_RUSLAN|Трудолюбивый и дисциплинированный, он занимался собственной литературой.
002417_RUSLAN|Журнал был для неким символом, пакетом акций, золотым обеспечением.
002418_RUSLAN|При этом Сахарнов умел быть обаятельным.
002419_RUSLAN|Обаяние же, как известно, уравновешивает любые пороки.
002420_RUSLAN|Короче, он мне нравился.
002421_RUSLAN|Тем более что критерии у меня пониженные.
002422_RUSLAN|СОЛО НА УНДЕРВУДЕ
002423_RUSLAN|Михаил Светлов говорил
002424_RUSLAN|Порядочный человек это тот, кто делает гадости без удовольствия.
002425_RUSLAN|У редактора был денщик, мальчик на побегушках Хохлов.
002426_RUSLAN|Когда-то редактор возвысил его до штатного места.
002427_RUSLAN|И вот теперь Хохлов демонстрировал рабскую преданность.
002428_RUSLAN|В конце дня он ловил Сахарнову такси.
002429_RUSLAN|Причем стаскивал джемпер и мчался на улицу в рубашке.
002430_RUSLAN|Особенно зимой.
002431_RUSLAN|То есть совершал на глазах у босса рискованный подвиг.
002432_RUSLAN|Все, что я знал о нем, было таинственно.
002433_RUSLAN|И уголовно наказуемо.
002434_RUSLAN|Сначала он хотел всучить мне автограф Льва Толстого, подделанный дрожащей неискусной рукой.
002435_RUSLAN|Затем утраченный секрет изготовления тульских пряников.
002436_RUSLAN|Потом объявил в журнале тиражом шестьсот тысяч конкурс юных нумизматов.
002437_RUSLAN|В редакцию хлынул денежный поток.
002438_RUSLAN|Школьники высылали свои коллекции.
002439_RUSLAN|Хохлов их беспардонно присваивал.
002440_RUSLAN|Вслед за деньгами явился милицейский наряд.
002441_RUSLAN|Друга малышей едва не посадили года на три.
002442_RUSLAN|Выручил его Сахарнов.
002443_RUSLAN|Отделом спорта заведовал Верховский, добродушный, бессловесный человек.
002444_RUSLAN|Он неизменно пребывал в глубоком самозабвении.
002445_RUSLAN|По темпераменту был равен мертвому кавказцу.
002446_RUSLAN|Любая житейская мелочь побуждала Верховского к тяжким безрезультатным раздумьям.
002447_RUSLAN|Однажды я мимоходом спросил его
002448_RUSLAN|Штопор есть?
002449_RUSLAN|Верховский задумался.
002450_RUSLAN|Несколько раз пересек мой кабинет.
002451_RUSLAN|Потом сказал
002452_RUSLAN|Сейчас я иду обедать.
002453_RUSLAN|Буду после трех.
002454_RUSLAN|И мы вернемся к этому разговору.
002455_RUSLAN|Тема интересная.
002456_RUSLAN|Мукузани было выпито.
002457_RUSLAN|Художник Зуев без усилии выдавил пробку корявым мизинцем.
002458_RUSLAN|Наконец появился Верховский.
002459_RUSLAN|Уныло взглянул на меня и сказал
002460_RUSLAN|Штопора у меня, к сожалению, нет.
002461_RUSLAN|Есть пилочка для ногтей.
002462_RUSLAN|Самой шумной в редакции была Пожидаева.
002463_RUSLAN|Этакий пятидесятилетний сорванец.
002464_RUSLAN|Вечно уязвленная, голосистая, заплаканная, она повсюду различала козни и наветы.
002465_RUSLAN|Начав типографским корректором, она переросла в заведующую.
002466_RUSLAN|Трагическая жизнь интеллигента, не соответствующего занимаемой должности, превратила ее в оживленную мегеру.
002467_RUSLAN|Наибольшую антипатию вызывала у меня Копорина, ответственный секретарь журнала.
002468_RUSLAN|Она тоже по злосчастному совпадению начинала корректором.
002469_RUSLAN|Поиски ошибок стали для нее единственным импульсом.
002470_RUSLAN|Не из атомов состояло все кругом!
002471_RUSLAN|Все кругом состояло из непростительных ошибок.
002472_RUSLAN|Ошибок мелких, крупных, пунктуационных, стилистических, гражданских, нравственных, военных, административных.
002473_RUSLAN|В мире ошибок Конорина чувствовала себя телевизионной башней, уцелевшей после землетрясения.
002474_RUSLAN|Любое проявление жизни травмировало Копорину, она ненавидела юмор, пирожные, свадьбы, Европу, косметику, шашки, такси, разговоры, мультипликационные фильмы.
002475_RUSLAN|Ее раздражали меченосцы в аквариуме.
002476_RUSLAN|Помню, она возмущенно крикнула мне
002477_RUSLAN|Вы улыбались на редакционном совещании!..
002478_RUSLAN|На почетном месте в ее шкафу хранилась биография Сталина.
002479_RUSLAN|В редакции с Копориной без повода не заговаривали даже мерзавцы.
002480_RUSLAN|Просить у нес одолжения считалось абсурдом.
002481_RUSLAN|Все равно что одолжить у скорпиона жало.
002482_RUSLAN|Я работал в Костре.
002483_RUSLAN|То есть из жертвы литературного режима превратился в функционера этого режима.
002484_RUSLAN|Функционер очень емкое слово.
002485_RUSLAN|Занимая официальную должность, ты становишься человеком функции.
002486_RUSLAN|Вырваться за диктуемые ею пределы невозможно без губительного скандала, функция подавляет тебя.
002487_RUSLAN|В угоду функции твои представления незаметно искажаются.
002488_RUSLAN|И ты уже не принадлежишь себе.
002489_RUSLAN|Раньше я, будучи гонимым автором, имел все основания ненавидеть литературных чиновников.
002490_RUSLAN|Теперь меня самого ненавидели.
002491_RUSLAN|Я вел двойную жизнь.
002492_RUSLAN|В Костре исправно душил живое слово.
002493_RUSLAN|Затем надевал кепку и шел в Детгиз, Аврору, Советский писатель.
002494_RUSLAN|Там исправно душили меня.
002495_RUSLAN|Я был одновременно хищником и жертвой.
002496_RUSLAN|Первое время действовал более или менее честно.
002497_RUSLAN|Вынимал из кучи макулатуры талантливые рукописи, передавал начальству.
002498_RUSLAN|Начальство мне их брезгливо возвращало.
002499_RUSLAN|Постепенно я уподобился моим коллегам из Невы.
002500_RUSLAN|На первой же стадии внушал молодому автору
002501_RUSLAN|Старик, это безнадежно!
002502_RUSLAN|Но ведь печатаете же бог знает что!..
002503_RUSLAN|Да, мы печатали бог знает что!
002504_RUSLAN|Не мог же я увольняться из-за каждого бездарного рассказа, появившегося в Костре!..
002505_RUSLAN|Короче говоря, моя редакторская деятельность подвигами не ознаменовалась.
002506_RUSLAN|К этому времени журнал безнадежно утратил свои преимущества.
002507_RUSLAN|Традиции Маршака и Чуковского были преданы забвению.
002508_RUSLAN|Горны и барабаны заглушили щебетание птиц.
002509_RUSLAN|Все больше уделялось места публицистике.
002510_RUSLAN|Этими материалами заведовал Герман Беляев, хороший журналист из тех, что продаются лишь однажды.
002511_RUSLAN|По существу, он был добрым и порядочным человеком.
002512_RUSLAN|Как большинство российских алкоголиков.
002513_RUSLAN|Но в жестко обозначенных границах своего понимания действительности.
002514_RUSLAN|Он был слеп ко всему, что лежало за горизонтом его разумения.
002515_RUSLAN|Кроме того, номенклатурные должности заметно развратили его.
002516_RUSLAN|Приобщили к малодоступным житейским благам.
002517_RUSLAN|В этом отношении характерна история с Лосевым.
002518_RUSLAN|АМЕРИКАНСКИЙ ДЯДЮШКА
002519_RUSLAN|Лосев заведовал массовым отделом.
002520_RUSLAN|Проработал в Костре четырнадцать лет.
002521_RUSLAN|Пережил трех редакторов.
002522_RUSLAN|Относились к нему в редакции с большим почтением.
002523_RUSLAN|Его корректный тихий голос почти всегда бывал решающим.
002524_RUSLAN|Мало этого, кукольные пьесы Лосева шли в двадцати театрах.
002525_RUSLAN|Что приносило до шестисот рублей ежемесячно.
002526_RUSLAN|Четырехкомнатная квартира, финская мебель, замша, поездки на юг Лосев достиг всех стандартов отечественного благополучия.
002527_RUSLAN|Втайне он писал лирические стихи, которые нравились Бродскому.
002528_RUSLAN|Неожиданно Лосев подал документы в ОВИР.
002529_RUSLAN|В Костре началась легкая паника.
002530_RUSLAN|Все-таки орган цека комсомола.
002531_RUSLAN|А тут дезертир в редакции.
002532_RUSLAN|Разумно действовал один Сахарнов.
002533_RUSLAN|Он хотел, чтобы вся эта история прошла без лишнего шума.
002534_RUSLAN|Остальные жаждали крови, требовали собрания, буйных дискуссий.
002535_RUSLAN|В том числе и Беляев.
002536_RUSLAN|Помню, мы выпивали с ним около здания Штаба.
002537_RUSLAN|И Беляев спросил
002538_RUSLAN|Знаешь, почему уезжает твой друг?
002539_RUSLAN|Видно, хочет жить по-человечески.
002540_RUSLAN|У него в Америке богатый дядя.
002541_RUSLAN|Да брось ты, Герман!
002542_RUSLAN|Зачем ему американский дядюшка!
002543_RUSLAN|У Лосева отец известный драматург.
002544_RUSLAN|И сам он зарабатывает неплохо.
002545_RUSLAN|Так что причина не в этом.
002546_RUSLAN|А я тебе говорю, не унимался Беляев, что дядя существует.
002547_RUSLAN|Причем миллионер, и даже нефтяной король.
002548_RUSLAN|Мне надоело спорить
002549_RUSLAN|А может, ты и прав.
002550_RUSLAN|Еще больше поразило меня другое.
002551_RUSLAN|В редакции повторялась одна и та же фраза Ведь он хорошо зарабатывал.
002552_RUSLAN|Людям в голову не приходило, что можно руководствоваться какими-то соображениями помимо денежных.
002553_RUSLAN|Да и не могло им такое в голову прийти.
002554_RUSLAN|Ведь тогда каждому следовало бы признать Человек бежит от нас!
002555_RUSLAN|ЧЕМ ХУЖЕ, ТЕМ ЛУЧШЕ
002556_RUSLAN|Летом семьдесят шестого года я опять послал книгу в издательство.
002557_RUSLAN|На этот раз в Советский писатель.
002558_RUSLAN|Впервые я обратился сюда пять лет назад.
002559_RUSLAN|Меня тогда познакомили с издательским редактором.
002560_RUSLAN|Она предложила мне зайти.
002561_RUSLAN|Рукопись потом лежала у нее четыре месяца.
002562_RUSLAN|Я появлялся каждые две-три недели.
002563_RUSLAN|Редактор опускала полные слез глаза
002564_RUSLAN|Это так своеобычно.
002565_RUSLAN|Однако книга моя так и не была зарегистрирована.
002566_RUSLAN|Я не обижался.
002567_RUSLAN|Знал, что прав у редактора никаких.
002568_RUSLAN|Допустим, я отдам вашу книгу на рецензию.
002569_RUSLAN|А вдруг ее зарежут?
002570_RUSLAN|Когда еще вы напишете вторую?
002571_RUSLAN|уныло шептала она.
002572_RUSLAN|Я уже написал вторую книгу.
002573_RUSLAN|Ее тоже зарежут.
002574_RUSLAN|Нужно будет ждать третью.
002575_RUSLAN|Я уже написал третью книгу.
002576_RUSLAN|Ей тоже зарежут.
002577_RUSLAN|У меня есть четвертая.
002578_RUSLAN|К этому времени у меня были шесть готовых сборников.
002579_RUSLAN|Редактор хотела мне помочь.
002580_RUSLAN|Но что она могла бесправная, запуганная, робкая?!..
002581_RUSLAN|Теперь я решил действовать четко и официально.
002582_RUSLAN|Никаких товарищеских переговоров.
002583_RUSLAN|Регистрирую книгу.
002584_RUSLAN|Жду рецензии.
002585_RUSLAN|Что, собственно, будет потом, я не знал.
002586_RUSLAN|Я был уверен, что рукопись мне возвратят.
002587_RUSLAN|Зачем же, спрашивается, тел я в издательство?
002588_RUSLAN|Неискушенному человеку это трудно объяснить.
002589_RUSLAN|Казалось бы, все понимаешь.
002590_RUSLAN|И все-таки надеешься.
002591_RUSLAN|Книгу зарегистрировали.
002592_RUSLAN|Я положил ее на стол Чепурову.
002593_RUSLAN|Главный редактор увидел название и сразу же заметно поскучнел.
002594_RUSLAN|Он ждал чего-нибудь такого Герои рядом или, как минимум, Душа в строю.
002595_RUSLAN|А тут загадочные и неясные Пять углов.
002596_RUSLAN|Может быть, речь идет о пятиконечной звезде?
002597_RUSLAN|Значит, глумление над символом?
002598_RUSLAN|Я ждал три месяца.
002599_RUSLAN|Потом зашел в издательство.
002600_RUSLAN|Это так своеобычно, начала было редактор.
002601_RUSLAN|Я вежливо прервал ее
002602_RUSLAN|Когда будет готова рецензия?
002603_RUSLAN|Я еще не отдавала.
002604_RUSLAN|Хочу найти такого рецензента.
002605_RUSLAN|Отдайте любому.
002606_RUSLAN|Мне все равно.
002607_RUSLAN|Но ведь книгу зарежут!
002608_RUSLAN|Тогда я буду действовать иначе.
002609_RUSLAN|Мне надоело.
002610_RUSLAN|Есть у вас какой-нибудь список постоянных рецензентов?
002611_RUSLAN|Кто там первый?
002612_RUSLAN|Отдайте ему.
002613_RUSLAN|Авраменко поэт.
002614_RUSLAN|Кроме того, он недавно умер.
002615_RUSLAN|А кто последний?
002616_RUSLAN|Господь с вами.
002617_RUSLAN|Дайте Урбану.
002618_RUSLAN|Действительно.
002619_RUSLAN|Как я не сообразила?!
002620_RUSLAN|Урбан знающий и принципиальный человек.
002621_RUSLAN|Он поймет, насколько это своеобычно.
002622_RUSLAN|Я ждал еще три месяца.
002623_RUSLAN|Потом написал в издательство
002624_RUSLAN|Уважаемые товарищи!
002625_RUSLAN|В июле семьдесят пятого года я зарегистрировал у вас книгу Пять углов роман в двух частях.
002626_RUSLAN|Прошло шесть месяцев.
002627_RUSLAN|Ни рецензии, ни устного отзыва я так и не получил.
002628_RUSLAN|За это время я написал третью часть романа Судейский протокол.
002629_RUSLAN|Приступаю к написанию четвертой.
002630_RUSLAN|Как видите, темпы моей работы опережают издательские настолько, что выразить это можно лишь арифметическим парадоксом.
002631_RUSLAN|С уважением С. Довлатов.
002632_RUSLAN|Смысл и цели этого письма казались мне туманными.
002633_RUSLAN|Особенно неясным выглядел финал.
002634_RUSLAN|Кстати, чаще всего именно такие письма оказываются действенными.
002635_RUSLAN|Поскольку вызывают у начальства тревогу.
002636_RUSLAN|СОЛО НА УНДЕРВУДЕ
002637_RUSLAN|На одном ленинградском заводе произошел такой случай.
002638_RUSLAN|Старый рабочий написал директору письмо.
002639_RUSLAN|Взял лист наждачной бумаги и на оборотной стороне вывел
002640_RUSLAN|Когда мне наконец предоставят отдельное жилье?
002641_RUSLAN|Удивленный директор вызвал рабочего Что это за фокус с наждаком!
002642_RUSLAN|Рабочий ответил Обыкновенный лист ты бы использовал в сортире.
002643_RUSLAN|А так еще подумаешь малость.
002644_RUSLAN|И рабочему, представьте себе, дали комнату.
002645_RUSLAN|А директор впоследствии не расставался с этим письмом.
002646_RUSLAN|В Смольном его демонстрировал на партийной конференции.
002647_RUSLAN|Через шесть дней мне позвонили.
002648_RUSLAN|Рецензия была готова.
002649_RUSLAN|Так я еще раз убедился, что доля абсурда совершенно необходима в ответственных предприятиях.
002650_RUSLAN|До этого мне стало известно, что Урбан готовит положительную рецензию.
002651_RUSLAN|Общие знакомые говорили, что роман ему понравился.
002652_RUSLAN|И вот рецензия готова.
002653_RUSLAN|Редактор позвонила
002654_RUSLAN|Я пошел в издательство.
002655_RUSLAN|Рецензия довольно своеобычная, прошептала она.
002656_RUSLAN|Я быстро прочел
002657_RUSLAN|Сергей Довлатов писать умеет.
002658_RUSLAN|Речь у него живая и стремительная, характеристики острые и запоминающиеся.
002659_RUSLAN|Он чувствует психологические ситуации и умеет рисовать их.
002660_RUSLAN|Диалоги часто включают не только экспрессивную нагрузку, но и серьезные мысли.
002661_RUSLAN|Комлименты насторожили меня.
002662_RUSLAN|Я, как обычно, деловито заглянул в конец
002663_RUSLAN|Издавать роман в подобном виде вряд ли представляется целесообразным.
002664_RUSLAN|Остальное можно и не читать.
002665_RUSLAN|Что ж. Примерно этого я и ожидал.
002666_RUSLAN|И все-таки расстроился.
002667_RUSLAN|Меня расстроило явное нарушение правил.
002668_RUSLAN|Когда тебя убивают враги, это естественно.
002669_RUSLAN|Мы бы их в автобус не пустили.
002670_RUSLAN|Но ведь Урбан действительно талантливый человек.
002671_RUSLAN|Знаю я наших умных и талантливых критиков.
002672_RUSLAN|Одиннадцать месяцев в году занимаются проблемами чередования согласных у Рабиндраната Тагора.
002673_RUSLAN|Потом им дают на рецензию современного автора.
002674_RUSLAN|Да еще и не вполне официального.
002675_RUSLAN|И тогда наши критики закатывают рукава.
002676_RUSLAN|Мобилизуют весь свой талант, весь ум, всю объективность.
002677_RUSLAN|Всю свою неудовлетворенную требовательность.
002678_RUSLAN|И с этой вершины голодными ястребами кидаются на добычу.
002679_RUSLAN|Им скомандовали можно!
002680_RUSLAN|Им разрешили показать весь свой ум, весь талант, всю меру безопасной объективности.
002681_RUSLAN|Урбан написал справедливую рецензию.
002682_RUSLAN|Написал ее так, будто моя книга уже вышла.
002683_RUSLAN|И лежит на прилавке.
002684_RUSLAN|И вокруг лежат еще более замечательные сочинения, на которые я должен равняться.
002685_RUSLAN|То есть Урбан написал рецензию как страстный борец за вечные истины.
002686_RUSLAN|Сунулся бы к малограмотному Раевскому!
002687_RUSLAN|Ему бы показали вечные истины!
002688_RUSLAN|Ему бы показали объективность!..
002689_RUSLAN|Умный критик прекрасно знает, что можно.
002690_RUSLAN|Еще лучше знает, чего нельзя.
002691_RUSLAN|Я потом его встретил.
002692_RUSLAN|На вид рано сформировавшийся подросток.
002693_RUSLAN|Он заговорил с тревожным юмором
002694_RUSLAN|Хотите, наверное, меня побить?
002695_RUSLAN|Нет, солгал я. за что?
002696_RUSLAN|Вы написали объективную рецензию.
002697_RUSLAN|Урбан страшно оживился
002698_RUSLAN|Знаете, интересная рукопись побуждает к высоким требованиям.
002699_RUSLAN|А бездарная наоборот.
002700_RUSLAN|Ясно, думаю.
002701_RUSLAN|Бездарная рукопись побуждает к низким требованиям.
002702_RUSLAN|В силу этих требований ее надо одобрить, издать.
002703_RUSLAN|Интересная побуждает к высоким требованиям.
002704_RUSLAN|С высоты этих требований ее надлежит уничтожить.
002705_RUSLAN|С издательскими хлопотами я решил покончить навсегда.
002706_RUSLAN|Есть бумага, перо, десяток читателей.
002707_RUSLAN|И десяток писателей.
002708_RUSLAN|Жалкая кучка народа перед разведенным мостом.
002709_RUSLAN|ПОТОМКИ ДЖОРДАНО БРУНО
002710_RUSLAN|Заканчивалась моя работа в Костре.
002711_RUSLAN|Литсотрудник Галина возвращалась из декретного отпуска.
002712_RUSLAN|Опубликовать что-то стоящее я уже не рассчитывал.
002713_RUSLAN|Подчинился естественному ходу жизни.
002714_RUSLAN|Являлся к двум и шел обедать.
002715_RUSLAN|Потом отвечал на запросы уязвленных авторов.
002716_RUSLAN|Когда-то я сочинял им длинные откровенные письма.
002717_RUSLAN|Теперь ограничивался двумя строчками
002718_RUSLAN|Уважаемый товарищ!
002719_RUSLAN|Ваша рукопись не отвечает требованиям Костра.
002720_RUSLAN|На досуге я пытался уяснить, кто же имеет реальные шансы опубликоваться?
002721_RUSLAN|Выявил семь категорий
002722_RUSLAN|Знаменитый автор, видный литературный чиновник, само имя которого является пропуском.
002723_RUSLAN|Шансы сто процентов.
002724_RUSLAN|Рядовой официальный профессионал, личный друг Сахарнова.
002725_RUSLAN|Шансы семь из десяти.
002726_RUSLAN|Чиновник параллельного ведомства, с которым необходимо жить дружно.
002727_RUSLAN|Пять из десяти.
002728_RUSLAN|Неизвестный автор, чудом создавший произведение одновременно талантливое и конъюнктурное.
002729_RUSLAN|Четыре из десяти.
002730_RUSLAN|Неизвестный автор, создавший бездарное конъюнктурное произведение.
002731_RUSLAN|Три из десяти.
002732_RUSLAN|Просто талантливый автор.
002733_RUSLAN|Шансы близки к нулю.
002734_RUSLAN|Случай почти уникальный.
002735_RUSLAN|Чреват обкомовскими санкциями.
002736_RUSLAN|Бездарный автор, при этом еще и далекий от конъюнктуры.
002737_RUSLAN|Этот вариант я не рассматриваю.
002738_RUSLAN|Шансы здесь измеряются отрицательными величинами.
002739_RUSLAN|Наконец-то я понял, что удерживает Сахарнова в Костре.
002740_RUSLAN|Что привлекло сюда Воскобойникова.
002741_RUSLAN|Казалось бы, зачем им это нужно?
002742_RUSLAN|Лишние хлопоты, переживания, административные заботы.
002743_RUSLAN|Из-за каких-то двухсот пятидесяти рублей.
002744_RUSLAN|Пиши себе книги.
002745_RUSLAN|Не так все просто.
002746_RUSLAN|Журнал это своего рода достояние, валюта, обменный фонд.
002747_RUSLAN|Мы печатаем Козлова из Авроры.
002748_RUSLAN|Козлов печатает нас.
002749_RUSLAN|Или хвалит на бюро обкома.
002750_RUSLAN|Или не ругает.
002751_RUSLAN|Мы даем заработать Трофимкину Искорка.
002752_RUSLAN|Трофимкин, в свою очередь.
002753_RUSLAN|И так далее.
002754_RUSLAN|Вызывает меня Сахарнов
002755_RUSLAN|Вы эту рукопись читали?
002756_RUSLAN|По-моему, дрянь.
002757_RUSLAN|Знаете, кто автор?
002758_RUSLAN|Какой-то Володичев.
002759_RUSLAN|Или Владимиров.
002760_RUSLAN|Фамилия автора Рамзес.
002761_RUSLAN|Что значит Рамзес?!
002762_RUSLAN|Не пугайте меня!
002763_RUSLAN|Есть в правлении такой Рамзес.
002764_RUSLAN|Володя Рамзес.
002765_RUSLAN|Владимиров его псевдоним.
002766_RUSLAN|И этот Рамзес, между прочим, ведает заграничными командировками.
002767_RUSLAN|Так что будем печатать.
002768_RUSLAN|Но это совершенно безграмотная рукопись!
002769_RUSLAN|Перепишите.
002770_RUSLAN|Мы вам аккордно заплатим.
002771_RUSLAN|У нас есть специальный фонд Литобработка мемуаров деятелей революции.
002772_RUSLAN|Так он еще и старый большевик?
002773_RUSLAN|Володе Рамзесу лет сорок, но он, повторяю, ведает заграничными командировками.
002774_RUSLAN|В результате я стал на авторов как-то иначе поглядывать.
002775_RUSLAN|Приезжал к нам один из Мурманска Яковлев.
002776_RUSLAN|Привез рассказ.
002777_RUSLAN|Так себе, ничего особенного.
002778_RUSLAN|На тему собака Друг человека.
002779_RUSLAN|Я молчал, молчал, а потом говорю
002780_RUSLAN|Интересно, в Мурманске есть копченая рыба?
002781_RUSLAN|Автор засуетился, портфель расстегнул.
002782_RUSLAN|Достает копченого леща.
002783_RUSLAN|Напечатали.
002784_RUSLAN|Собака Друг человека.
002785_RUSLAN|Какие тут могут быть возражения?..
002786_RUSLAN|Опубликовал Нину Катерли.
002787_RUSLAN|Принесла мне батарейки для транзистора.
002788_RUSLAN|Иван Сабило устроил мою дочку в плавательный бассейн.
002789_RUSLAN|В общем, дело пошло.
002790_RUSLAN|Неизвестно, чем бы все это кончилось.
002791_RUSLAN|Так, не дай Господь, и в люди пробиться можно.
002792_RUSLAN|Тут, к счастью, Галина позвонила, истекал ее декретный отпуск.
002793_RUSLAN|Прощай, Костер!
002794_RUSLAN|Прощай, гибнущий журнал с инквизиторским названием!
002795_RUSLAN|Потомок Джордано Бруно легко расстается с тобой.
002796_RUSLAN|Круг замкнулся.
002797_RUSLAN|И выбрался я на свет Божий.
002798_RUSLAN|И пришел к тому, с чего начал.
002799_RUSLAN|Долги, перо, бумага, свет в неведомом окошке.
002800_RUSLAN|Круг замкнулся.
002801_RUSLAN|двадцать третьего апреля семьдесят шестого года.
002802_RUSLAN|Раннее утро.
002803_RUSLAN|Спят волнистые попугайчики Федя и Клава.
002804_RUSLAN|С вечера их клетку накрыли тяжелым платком.
002805_RUSLAN|Вот они и думают, что продолжается ночь.
002806_RUSLAN|Хорошо им живется в неволе.
002807_RUSLAN|Вот и закончена книга, плохая, хорошая.
002808_RUSLAN|Дерево не может быть плохим или хорошим.
002809_RUSLAN|Расти, моя корявая сосенка!
002810_RUSLAN|Да не бывать тебе корабельною мачтой!
002811_RUSLAN|Словом, а не делом отвечаю я тем, кто замучил меня.
002812_RUSLAN|Словом, а не делом!
002813_RUSLAN|Я даже хочу принести благодарность этим таинственным силам.
002814_RUSLAN|Ведь мне оказана большая честь пострадать за свою единственную любовь!
002815_RUSLAN|А кончу я последней записью из Соло на ундервуде
002816_RUSLAN|Самое большое несчастье моей жизни гибель Анны Карениной!
002817_RUSLAN|Часть вторая.
002818_RUSLAN|Невидимая газета
002819_RUSLAN|ПРЕДИСЛОВИЕ
002820_RUSLAN|Пятый год я разгуливаю вверх ногами.
002821_RUSLAN|С того дня, как мы перелетели через океан.
002822_RUSLAN|Если верить, что земля действительно круглая.
002823_RUSLAN|Мы это наше безумное семейство, где каждый вечно прав.
002824_RUSLAN|В конце семьдесят девятого года мы дружно эмигрировали.
002825_RUSLAN|Хотя атмосфера взаимной правоты не очень-то располагает к совместным действиям.
002826_RUSLAN|У нас были разнообразные претензии к советской власти.
002827_RUSLAN|Мать страдала от бедности и хамства.
002828_RUSLAN|Жена единственная христианка в басурманской семье ненавидела антисемитизм.
002829_RUSLAN|Крамольные взгляды дочери были незначительной частью ее полного отрицания мира.
002830_RUSLAN|Я жаловался, что меня не печатают.
002831_RUSLAN|Последний год в Союзе был довольно оживленным.
002832_RUSLAN|Я не работал.
002833_RUSLAN|Жена уволилась еще раньше, нагрубив чиновнику-антисемиту с подозрительной фамилией Миркин.
002834_RUSLAN|Возле нашего подъезда бродили загадочные личности.
002835_RUSLAN|Дочка бросила школу.
002836_RUSLAN|Мы боялись выпускать ее из дома.
002837_RUSLAN|Потом меня неожиданно забрали и отвезли в Каляевский спецприемник.
002838_RUSLAN|Я обвинялся в тунеядстве, притонодержательстве и распространении нелегальной литературы.
002839_RUSLAN|В качестве нелегальной литературы фигурировали мои собственные произведения.
002840_RUSLAN|Как говорил Зощенко, тюрьма не место для интеллигентного человека.
002841_RUSLAN|Худшее, что я испытал там необходимость оправляться публично.
002842_RUSLAN|Хотя некоторые проделывали это с шумным, торжествующим воодушевлением.
002843_RUSLAN|Мне вспоминается такая сцена.
002844_RUSLAN|Заболел мой сокамерник, обвинявшийся в краже цистерны бензина.
002845_RUSLAN|Вызвали фельдшера, который спросил
002846_RUSLAN|Что у тебя болит?
002847_RUSLAN|Живот и голова.
002848_RUSLAN|Фельдшер вынул таблетку, разломил ее на две части и строго произнес
002849_RUSLAN|Это от головы.
002850_RUSLAN|А это от живота.
002851_RUSLAN|Да смотри, не перепутай.
002852_RUSLAN|Выпустили меня на девятые сутки.
002853_RUSLAN|Я так и не понял, что случилось.
002854_RUSLAN|Забрали без повода и выпустили без объяснений.
002855_RUSLAN|Может, подействовали сообщения в западных газетах.
002856_RUSLAN|Да и по радио упоминали мою фамилию.
002857_RUSLAN|Говорят, литовские математики неофициально проделали опыт.
002858_RUSLAN|Собрали около тысячи фактов загадочного поведения властей.
002859_RUSLAN|Заложили данные в кибернетическую машину.
002860_RUSLAN|Попросили ее дать оценку случившемуся.
002861_RUSLAN|Машина вывела заключение намеренный алогизм.
002862_RUSLAN|А затем, по слухам, добавила короткое всеобъемлющее ругательство.
002863_RUSLAN|Все это кажется мне сейчас таким далеким.
002864_RUSLAN|Время, умноженное на пространство, творит чудеса.
002865_RUSLAN|Пятый год я разгуливаю вверх ногами.
002866_RUSLAN|И все не могу к этому привыкнуть.
002867_RUSLAN|Ведь мы поменяли не общественный строй.
002868_RUSLAN|Не географию и климат.
002869_RUSLAN|Не экономику, культуру или язык.
002870_RUSLAN|И тем более не собственную природу.
002871_RUSLAN|Люди меняют одни печали на другие, только и всего.
002872_RUSLAN|Я выбрал здешние печали и, кажется, не ошибся.
002873_RUSLAN|Теперь у меня есть все, что надо.
002874_RUSLAN|У меня есть даже американское прошлое.
002875_RUSLAN|Я так давно живу в Америке, что могу уже рассказывать о своих здешних печалях.
002876_RUSLAN|Например, о том, как мы делали газету.
002877_RUSLAN|Недаром говорят, что Америка страна зубных врачей и журналистов.
002878_RUSLAN|Оказалось, быть русским журналистом в Америке нелегкое дело.
002879_RUSLAN|Зубным врачам из Гомеля приходится легче.
002880_RUSLAN|Однако мы забежали вперед.
002881_RUSLAN|Мы поселились в одной из русских колоний Нью-Йорка.
002882_RUSLAN|В одном из шести громадных домов, занятых почти исключительно российскими беженцами.
002883_RUSLAN|У нас свои магазины, прачечные, химчистки, фотоателье, экскурсионное бюро.
002884_RUSLAN|Свои таксисты, миллионеры, религиозные деятели, алкоголики, гангстеры и проститутки.
002885_RUSLAN|СОЛО НА УНДЕРВУДЕ
002886_RUSLAN|Напротив моего дома висит объявление
002887_RUSLAN|Переводы с английского на русский и обратно.
002888_RUSLAN|Спросить Риту или Яшу.
002889_RUSLAN|Также продается итальянский столик на колесах.
002890_RUSLAN|Кроме нас в этом районе попадаются американские евреи, индусы, гаитяне, чернокожие.
002891_RUSLAN|Не говоря, разумеется, о коренных жителях.
002892_RUSLAN|Коренных жителей мы называем иностранцами.
002893_RUSLAN|Нас слегка раздражает, что они говорят по-английски.
002894_RUSLAN|Мы считаем, что это бестактность.
002895_RUSLAN|К неграм мы относимся с боязливым пренебрежением.
002896_RUSLAN|Мы убеждены, что все они насильники и бандиты.
002897_RUSLAN|Даже косоглазая Фира боится изнасилования.
002898_RUSLAN|Я думаю, зря.
002899_RUSLAN|Она говорит
002900_RUSLAN|Зимой и летом надеваю байковые рейтузы.
002901_RUSLAN|СОЛО НА УНДЕРВУДЕ
002902_RUSLAN|В Союзе к чернокожим относятся любовно и бережно.
002903_RUSLAN|Вспоминаю, как по телевидению демонстрировался боксерский матч.
002904_RUSLAN|Негр, черный, как вакса, дрался с белокурым поляком.
002905_RUSLAN|Московский комментатор деликатно пояснил
002906_RUSLAN|Чернокожего боксера вы можете отличить по светло-голубой каемке на трусах.
002907_RUSLAN|Как-то мы с Фирой разговорились возле лифта.
002908_RUSLAN|Фира пожаловалась на свое одиночество.
002909_RUSLAN|Давала, говорит, объявление в газету никакого эффекта.
002910_RUSLAN|Все приличные мужчины женаты.
002911_RUSLAN|А годы идут.
002912_RUSLAN|Мне захотелось чем-то ее утешить.
002913_RUSLAN|Ты, говорю, еще встретишь хорошего человека.
002914_RUSLAN|Не отчаивайся.
002915_RUSLAN|У меня с женой тоже были всякие неприятности.
002916_RUSLAN|Мы даже чуть не развелись.
002917_RUSLAN|А потом все наладилось.
002918_RUSLAN|Я твою жену хорошо понимаю, откликнулась Фира, каждая русская баба в Америке держится за свое говно.
002919_RUSLAN|В любом случае чужое еще хуже.
002920_RUSLAN|Вот попадется какой-нибудь шварц.
002921_RUSLAN|Кстати, негры в этом районе люди интеллигентные.
002922_RUSLAN|Я думаю, они нас сами побаиваются.
002923_RUSLAN|Однажды Хася Лазаревна с четвертого этажа забыла кошелек в аптеке.
002924_RUSLAN|И черный парень, который там работал, бежал за Хасей метров двести.
002925_RUSLAN|Будучи настигнутой, Хася так обрадовалась, что поцеловала его в щеку.
002926_RUSLAN|Негр вскрикнул от ужаса.
002927_RUSLAN|Моя жена, наблюдавшая эту сцену, потом рассказывала
002928_RUSLAN|Он, знаешь, так перепугался!
002929_RUSLAN|Впервые я увидела совершенно белого негра.
002930_RUSLAN|В общем, район у нас спокойный.
002931_RUSLAN|Не то что Брайтон или даже Фар Раковей.
002932_RUSLAN|Многие из русских эмигрантов научились зарабатывать приличные деньги.
002933_RUSLAN|Наиболее удачливые купили собственные дома.
002934_RUSLAN|А неудачники поняли главный экономический закон.
002935_RUSLAN|Хорошо здесь живется миллионерам и нищим.
002936_RUSLAN|Правда, миллионером в русской колонии считают любого терапевта, не говоря о дантистах.
002937_RUSLAN|Много и тяжело работают представители среднего класса.
002938_RUSLAN|Выше какого-то уровня подняться нелегко.
002939_RUSLAN|И ниже определенной черты скатиться трудно.
002940_RUSLAN|Самые мудрые из эмигрантов либо по-настоящему разбогатели, либо вконец обнищали.
002941_RUSLAN|А мы с женой все еще где-то посередине.
002942_RUSLAN|Сыты, одеты, бывали в Европе.
002943_RUSLAN|Меню в ресторане читаем слева направо.
002944_RUSLAN|А ведь первую кровать я отыскал на мусорной свалке.
002945_RUSLAN|То. да, четыре года назад мы оказались в совершенно пустой квартире.
002946_RUSLAN|Хорошее было время.
002947_RUSLAN|МЫ СТРОИМ ПЛАНЫ
002948_RUSLAN|Перед отъездом все мои друзья твердили
002949_RUSLAN|Главное, вырваться на свободу.
002950_RUSLAN|Бежать из коммунистического ада.
002951_RUSLAN|Остальное не имеет значения.
002952_RUSLAN|Я задавал им каверзные вопросы
002953_RUSLAN|Что же ты будешь делать в этой фантастической Америке?
002954_RUSLAN|Кому там нужен русский журналист?
002955_RUSLAN|Друзья начинали возмущаться
002956_RUSLAN|Наш долг рассказать миру правду о коммунизме!
002957_RUSLAN|Святое дело.
002958_RUSLAN|И все же, как будет с пропитанием?
002959_RUSLAN|В ответ раздавалось
002960_RUSLAN|Если надо, пойду таскать мешки.
002961_RUSLAN|Тарелки мыть.
002962_RUSLAN|Самые дальновидные неуверенно произносили
002963_RUSLAN|Я слышал, в Америке можно жить на государственное пособие.
002964_RUSLAN|Лишь немногие действовали разумно, то есть постигали английский, учились водить машину.
002965_RUSLAN|Остальные в лучшем случае запасались дефицитными товарами.
002966_RUSLAN|СОЛО НА УНДЕРВУДЕ
002967_RUSLAN|Мой друг Шулькевич вывез из Ленинграда семь ратиновых отрезов на пальто.
002968_RUSLAN|Впоследствии на Западе сшил. говорят, из них чехол для микроавтобуса..
002969_RUSLAN|И все же большинство моих друзей, главным образом, рассуждало на философско-политические темы.
002970_RUSLAN|Был такой популярный мотив в рассуждениях
002971_RUSLAN|Мы уезжаем ради своих детей.
002972_RUSLAN|Чтобы они росли на свободе.
002973_RUSLAN|Забыли про ужасы тоталитаризма.
002974_RUSLAN|Я соглашался, что это веский довод.
002975_RUSLAN|Хотя сам уезжал и не ради детей.
002976_RUSLAN|Мне хотелось заниматься литературой.
002977_RUSLAN|Знакомый журналист Дроздов говорил мне
002978_RUSLAN|Лично я, старик, устроен неплохо!
002979_RUSLAN|Я хочу, чтобы Димка, Ромка и Наташка выросли свободными людьми.
002980_RUSLAN|Ты меня понимаешь, старик?
002981_RUSLAN|Я вяло бормотал
002982_RUSLAN|Что мы знаем о своих детях?
002983_RUSLAN|Как можно предвидеть, где они будут счастливы?!..
002984_RUSLAN|Дроздов готовился к отъезду.
002985_RUSLAN|Научил своих бойких детишек трем американским ругательствам.
002986_RUSLAN|Затем произошло несчастье.
002987_RUSLAN|Жена Лариса уличила Дроздова в мимолетной супружеской измене.
002988_RUSLAN|Лариса избила мужа комнатной телевизионной антенной, а главное решила не ехать.
002989_RUSLAN|Детей по закону оставили с матерью.
002990_RUSLAN|Заметно повеселевший Дроздов уехал без семьи.
002991_RUSLAN|Теперь он говорил
002992_RUSLAN|Каждый из нас вправе распоряжаться лишь собственной жизнью.
002993_RUSLAN|Решать что-либо за своих детей мы не вправе.
002994_RUSLAN|О Дроздове мы еще вспомним, и не раз.
002995_RUSLAN|Подготовиться к эмиграции невозможно.
002996_RUSLAN|Невозможно подготовиться к собственному рождению.
002997_RUSLAN|Невозможно подготовиться к загробной жизни.
002998_RUSLAN|Можно только смириться.
002999_RUSLAN|Поэтому мы ограничивались разговорами.
003000_RUSLAN|СОЛО НА УНДЕРВУДЕ
003001_RUSLAN|Мой знакомый Щепкин работал синхронным переводчиком в ленинградском Доме кино.
003002_RUSLAN|И довелось ему переводить американский фильм.
003003_RUSLAN|События развивались в Нью-Йорке и Париже.
003004_RUSLAN|Действие переносилось туда и обратно.
003005_RUSLAN|Причем в картине был использован довольно заурядный трюк.
003006_RUSLAN|Вернее, две банальные эмблемы.
003007_RUSLAN|Если показывали Францию, то неизменно возникала Эйфелева башня.
003008_RUSLAN|А если показывали Соединенные Штаты, то Бруклинский мост.
003009_RUSLAN|Каждый раз Щепкин педантично выговаривал
003010_RUSLAN|Наконец, он понял, что это глупо, и замолчал.
003011_RUSLAN|И тогда раздался недовольный голос
003012_RUSLAN|Какая станция?
003013_RUSLAN|Щепкин немного растерялся и говорит
003014_RUSLAN|Тот же голос
003015_RUSLAN|ТЕЛЕЖКА С ХЛЕБНЫМ КВАСОМ
003016_RUSLAN|Как я уже говорил, наш район Форест-Хиллс считается довольно изысканным.
003017_RUSLAN|Правда, мы живем в худшей его части, на границе с Короной.
003018_RUSLAN|Под нашими окнами Сто восьмая улица.
003019_RUSLAN|Выйдешь из дома, слева железнодорожная линия, мост, правее торговый центр.
003020_RUSLAN|Чуть дальше к северо-востоку Мидоу-озеро.
003021_RUSLAN|Южнее шумный Квинс бульвар.
003022_RUSLAN|Русский Форест-Хиллс простирается от железнодорожной ветки до Шестидесятых улиц.
003023_RUSLAN|Я все жду, когда здесь появится тележка с хлебным квасом.
003024_RUSLAN|Не думаю, что это разорит хозяев фирмы Пепси-кола.
003025_RUSLAN|По утрам вокруг нашего дома бегают физкультурники.
003026_RUSLAN|Мне нравятся их разноцветные костюмы.
003027_RUSLAN|Все они местные жители.
003028_RUSLAN|Русские эмигранты такими глупостями не занимаются.
003029_RUSLAN|Мы по утрам садимся завтракать.
003030_RUSLAN|Мы единственные в Америке завтракаем как положено.
003031_RUSLAN|Едим. например, котлеты с макаронами.
003032_RUSLAN|Детей мы наказываем за одно-единственное преступление.
003033_RUSLAN|Если они чего-то не доели.
003034_RUSLAN|СОЛО НА УНДЕРВУДЕ
003035_RUSLAN|Наша шестилетняя соседка Лиля говорит
003036_RUSLAN|Пока жива мама, я должна научиться готовить.
003037_RUSLAN|Начиналась моя жизнь в Америке крайне безмятежно.
003038_RUSLAN|Месяцев шесть, как подобает российскому литератору, валялся на диване.
003039_RUSLAN|Какие-то деньги нам выдавали благотворительные организации.
003040_RUSLAN|Какую-то мебель и ворох одежды притащили американские соседи.
003041_RUSLAN|Кроме того, помогали старые друзья, уехавшие раньше нас.
003042_RUSLAN|Они давали нам ценные практические указания.
003043_RUSLAN|Потом моя жена довольно быстро нашла работу.
003044_RUSLAN|Устроилась машинисткой в русскую газету Слово и дело.
003045_RUSLAN|Это была старейшая и в ту пору единственная русская газета на Западе.
003046_RUSLAN|Редактировал ее бывший страховой агент, выпускник Таганрогского коммерческого училища Боголюбов.
003047_RUSLAN|Настоящую его фамилию Штемпель мы узнали позже.
003048_RUSLAN|Моя жена зарабатывала около ста пятидесяти долларов в неделю.
003049_RUSLAN|Тогда нам казалось, что это большие деньги.
003050_RUSLAN|Домой она возвращалась поздно.
003051_RUSLAN|Мои накопившиеся за день философские соображения выслушивала без особого интереса.
003052_RUSLAN|Во многих русских семьях происходила такая же история.
003053_RUSLAN|Интеллигентные мужья лежали на продавленных диванах.
003054_RUSLAN|Интеллигентные жены кроили дамские сумочки на галантерейных фабриках.
003055_RUSLAN|Почему-то жены легче находили работу.
003056_RUSLAN|Может, у наших жен сильнее чувство ответственности?
003057_RUSLAN|А нас просто сдерживает бремя интеллекта?
003058_RUSLAN|Я валялся на диване и мечтал получить работу.
003059_RUSLAN|Причем какую угодно.
003060_RUSLAN|Только непонятно, какую именно.
003061_RUSLAN|Кому я, русский журналист и литератор, мог предложить свои услуги?
003062_RUSLAN|Тем более что английского я не знал.
003063_RUSLAN|Как, впрочем, не знаю и теперь.
003064_RUSLAN|СОЛО НА УНДЕРВУДЕ
003065_RUSLAN|Как-то мы с женой случайно оказались в зоомагазине.
003066_RUSLAN|У двери висела клетка с попугаем.
003067_RUSLAN|Я почему-то решил, что это какаду.
003068_RUSLAN|У попугая была семитская физиономия, зеленые крылья, желтый гребень и оранжевый хвост.
003069_RUSLAN|Неожиданно он что-то выкрикнул противным хриплым голосом.
003070_RUSLAN|Обрати внимание, сказала моя жена, даже какаду говорит по-английски лучше нас.
003071_RUSLAN|Шесть месяцев я пролежал на диване.
003072_RUSLAN|Порой заходили друзья и ложились на соседний диван.
003073_RUSLAN|У нас было три дивана, и все разноцветные.
003074_RUSLAN|Излюбленным нашим занятием было ругать американцев.
003075_RUSLAN|Американцы наивные, черствые, бессердечные.
003076_RUSLAN|Дружить с американцами невозможно.
003077_RUSLAN|Водку пьют микроскопическими дозами.
003078_RUSLAN|Все равно что из крышек от зубной пасты.
003079_RUSLAN|Мировые проблемы американцев не волнуют.
003080_RUSLAN|Главный их девиз Смотри на вещи просто!  И никакой вселенской скорби!..
003081_RUSLAN|С женой разводятся идут к юристу.
003082_RUSLAN|Нет чтобы душу излить товарищам по работе.
003083_RUSLAN|Сны рассказывают психоаналитикам.
003084_RUSLAN|Как будто им трудно Другу позвонить среди ночи.
003085_RUSLAN|И так далее.
003086_RUSLAN|В стране беспорядок.
003087_RUSLAN|Бензин дорожает.
003088_RUSLAN|От чернокожих нет спасенья.
003089_RUSLAN|А главное демократия под угрозой.
003090_RUSLAN|Не сегодня, так завтра пошатнется и рухнет.
003091_RUSLAN|Но мы ее спасем!
003092_RUSLAN|Расскажем всему миру правду о тоталитаризме.
003093_RUSLAN|Научим президента Картера руководить страной.
003094_RUSLAN|Дадим ему ряд полезных указаний.
003095_RUSLAN|Транзисторы у чернокожих подростков конфисковать!
003096_RUSLAN|Кубу в срочном порядке оккупировать!
003097_RUSLAN|По Тегерану водородной бомбой хлоп!
003098_RUSLAN|И тому подобное.
003099_RUSLAN|Я в таких случаях больше молчал.
003100_RUSLAN|Америка мне нравилась.
003101_RUSLAN|После Каляевского спецприемника мне нравилось решительно все.
003102_RUSLAN|И нравится до сих пор.
003103_RUSLAN|Единственное, чего я здесь категорически не принимаю спички.
003104_RUSLAN|Как это ни удивительно, даже спички бывают плохие и хорошие.
003105_RUSLAN|Так что же говорить о нас самих?!
003106_RUSLAN|Остальное нам с женой более или менее подходит.
003107_RUSLAN|Мне нравилась Америка.
003108_RUSLAN|Просто ей было как-то не до меня.
003109_RUSLAN|Как-то раз моя жена сказала
003110_RUSLAN|Зайди к Боголюбову.
003111_RUSLAN|Он хитрый, мелкий, но довольно симпатичный.
003112_RUSLAN|Все-таки закончил царскую гимназию.
003113_RUSLAN|Может, возьмет тебя на работу литсотрудником или хотя бы корректором.
003114_RUSLAN|Чем ты рискуешь?
003115_RUSLAN|И я решил пойду.
003116_RUSLAN|Когда меня накануне отъезда забрали, в газете появилась соответствующая информация.
003117_RUSLAN|И вообще, я был чуть ли не диссидентом.
003118_RUSLAN|Жена меня предупредила
003119_RUSLAN|Гостей у нас встречают по-разному.
003120_RUSLAN|В зависимости от политической репутации.
003121_RUSLAN|Самых знаменитых диссидентов приглашают в итальянский ресторан.
003122_RUSLAN|С менее известными Боголюбов просто разговаривает в кабинете.
003123_RUSLAN|Угощает их растворимым кофе.
003124_RUSLAN|Еще более скромных гостей принимает заместитель редактора Троицкий.
003125_RUSLAN|Остальных вообще не принимают.
003126_RUSLAN|Я забеспокоился
003127_RUSLAN|Кого это вообще не принимают?
003128_RUSLAN|Ну тех, кто просит денег.
003129_RUSLAN|Или выдает себя за кого-то другого.
003130_RUSLAN|Например, за кого?
003131_RUSLAN|За родственника Солженицына или Николая Второго.
003132_RUSLAN|Но больше всего их раздражают люди с претензиями.
003133_RUSLAN|Те, кто недоволен газетой.
003134_RUSLAN|Считается, что они потворствуют мировому коммунизму.
003135_RUSLAN|И вообще, будь готов к тому, что это довольно гнусная лавочка.
003136_RUSLAN|Моя жена всегда преувеличивает.
003137_RUSLAN|Шесть месяцев я регулярно читал газету Слово и дело.
003138_RUSLAN|В ней попадались очень любопытные материалы.
003139_RUSLAN|Правда, слог редакционных заметок был довольно убогим.
003140_RUSLAN|Таким языком объяснялись лакеи в произведениях Гоголя и Достоевского.
003141_RUSLAN|С примесью нынешней фельетонной риторики.
003142_RUSLAN|Например, без конца мне встречался такой оборот .
003143_RUSLAN|С энергией, достойной лучшего применения.
003144_RUSLAN|А также Комментарии излишни!
003145_RUSLAN|При этом Боголюбов тщательно избегал в статьях местоимения я. Использовал, например, такую формулировку Пишущий эти строки.
003146_RUSLAN|Но все это были досадные мелочи.
003147_RUSLAN|А так газета производила далеко не безнадежное впечатление.
003148_RUSLAN|Редакция Слова и дела занимала пять комнат.
003149_RUSLAN|Одну большую и четыре поменьше.
003150_RUSLAN|В большой сидели творческие работники.
003151_RUSLAN|Она была разделена фанерными перегородками.
003152_RUSLAN|В остальных помещались главный редактор, его заместитель, бухгалтер с администратором и техническая часть.
003153_RUSLAN|К технической части относились наборщики, метранпажи и рекламные агенты.
003154_RUSLAN|СОЛО НА УНДЕРВУДЕ
003155_RUSLAN|Рекламное объявление в газете Слово и дело
003156_RUSLAN|Дипломированный гинеколог Лейбович.
003157_RUSLAN|За умеренную плату клиент может иметь все самое лучшее!
003158_RUSLAN|Аборт, гарантированное установление внематочной беременности, эффективные противозачаточные таблетки.
003159_RUSLAN|Встретили меня по низкому разряду.
003160_RUSLAN|То есть разве что не выпроводили.
003161_RUSLAN|Пригласили в кабинет заместителя редактора.
003162_RUSLAN|А потом уже туда заглянул и сам Боголюбов.
003163_RUSLAN|Видимо, редакция избрала для меня какой-то промежуточный уровень гостеприимства.
003164_RUSLAN|Кофе не предложили.
003165_RUSLAN|Мало того, заместитель редактора спросил
003166_RUSLAN|Надеюсь, вы завтракали?
003167_RUSLAN|Вопрос показался мне бестактным.
003168_RUSLAN|Точнее, обескуражила сама формулировка, интонация надежды.
003169_RUSLAN|Но я кивнул.
003170_RUSLAN|Могу поклясться, что заместитель редактора оживился.
003171_RUSLAN|Это был высокий, плотный и румяный человек лет сорока.
003172_RUSLAN|Его манеры отличались, той степенью заурядной безупречности, которая рождает протест.
003173_RUSLAN|Он напоминал прогрессивного горкомовского чиновника эпохи Хрущева.
003174_RUSLAN|В голосе его звенели чеканные требовательные нотки
003175_RUSLAN|Устроились?..
003176_RUSLAN|Прекрасно!..
003177_RUSLAN|Квартиру сняли?..
003178_RUSLAN|Замечательно!..
003179_RUSLAN|Мамаша на пенсии?..
003180_RUSLAN|Великолепно!..
003181_RUSLAN|Ваша жена работает у нас?..
003182_RUSLAN|Припоминаю.
003183_RUSLAN|А вам советую поступить на курсы медсестер.
003184_RUSLAN|Очевидно, я вздрогнул, потому что заместитель добавил
003185_RUSLAN|Вернее, медбратьев.
003186_RUSLAN|Короче медицинских работников среднего звена.
003187_RUSLAN|Что поможет вам создать материальную базу.
003188_RUSLAN|В Америке это главное!
003189_RUSLAN|Хотя должен предупредить, что работа в госпитале не из легких.
003190_RUSLAN|Кому-то она вообще противопоказана.
003191_RUSLAN|Некоторые теряют сознание при виде крови.
003192_RUSLAN|Многим неприятен кал.
003193_RUSLAN|Он взглянул на меня требовательно и строго.
003194_RUSLAN|Я начал что-то вяло бормотать
003195_RUSLAN|Да так, говорю, знаете ли, не особенно.
003196_RUSLAN|А литературу не бросайте, распорядился Троицкий, пишите.
003197_RUSLAN|Кое-что мы, я думаю, сможем опубликовать в нашей газете.
003198_RUSLAN|И потом, уже без всякой логики, заместитель редактора добавил
003199_RUSLAN|Предупреждаю, гонорары у нас более чем скромные.
003200_RUSLAN|Но требования исключительно высокие.
003201_RUSLAN|В этот момент заглянул Боголюбов и ласково произнес
003202_RUSLAN|А, здравствуйте, голубчик, здравствуйте.
003203_RUSLAN|Таким я вас себе и представлял!..
003204_RUSLAN|Затем он вопросительно посмотрел на Троицкого,
003205_RUSLAN|Это господин Довлатов, подсказал тот, из Ленинграда.
003206_RUSLAN|Мы писали о его аресте.
003207_RUSLAN|Помню, помню, скорбно выговорил редактор, помню.
003208_RUSLAN|Отлично помню.
003209_RUSLAN|Еще один безымянный узник ГУЛАГа.
003210_RUSLAN|Он так и сказал про меня безымянный!
003211_RUSLAN|Еще одно жертвоприношение коммунистическому Молоху.
003212_RUSLAN|Еще один свидетель кровавой агонии большевизма.
003213_RUSLAN|Потом с еще большим трагизмом редактор добавил
003214_RUSLAN|И все же не падайте духом!
003215_RUSLAN|Религиозное возрождение ширится!
003216_RUSLAN|Волна протестов нарастает!
003217_RUSLAN|Советская идеология мертва!
003218_RUSLAN|Тоталитаризм обречен!..
003219_RUSLAN|Казалось бы, редактор говорил нормальные вещи.
003220_RUSLAN|Однако слушать его почему-то не хотелось.
003221_RUSLAN|Редактору было за восемьдесят.
003222_RUSLAN|Маленький, толстый, подвижный, он напоминал безмерно истаскавшегося гимназиста.
003223_RUSLAN|Пережив знаменитых сверстников, Боголюбов автоматически возвысился.
003224_RUSLAN|Около четырехсот некрологов было подписано его фамилией.
003225_RUSLAN|Он стал чуть ли не единственным живым бытописателем довоенной эпохи.
003226_RUSLAN|В его мемуарах снисходительно упоминались Набоков.
003227_RUSLAN|Бунин, Рахманинов, Шагал.
003228_RUSLAN|Они представали заурядными, симпатичными, чуточку назойливыми людьми.
003229_RUSLAN|Например, Боголюбов писал
003230_RUSLAN|. Глубокой ночью мне позвонил Иван Бунин.
003231_RUSLAN|На перроне меня остановил изрядно запыхавшийся Шагал.
003232_RUSLAN|В эту бильярдную меня затащил Набоков.
003233_RUSLAN|Боясь обидеть Рахманинова, я все-таки зашел на его концерт.
003234_RUSLAN|Выходило, что знаменитости настойчиво преследовали Боголюбова.
003235_RUSLAN|Хотя почему-то в своих мемуарах его не упомянули.
003236_RUSLAN|Лет тридцать назад Боголюбов выпустил сборник рассказов.
003237_RUSLAN|Я их прочел.
003238_RUSLAN|Мне запомнилось такое выражение
003239_RUSLAN|Ричарду улыбалась дочь хозяина фермы, на которой он провел трое суток.
003240_RUSLAN|В разговоре Боголюбов часто использовал такой оборот
003241_RUSLAN|Я хочу сказать только одно. За этим следовало Во-первых.
003242_RUSLAN|Боголюбов оборвал свою речь неожиданно.
003243_RUSLAN|Как будто выключил заезженную пластинку.
003244_RUSLAN|И тотчас же заговорил опять, но уже без всякой патетики
003245_RUSLAN|Знаю, знаю ваши стесненные обстоятельства.
003246_RUSLAN|От всей души желал бы помочь.
003247_RUSLAN|К сожалению, в очень незначительных пределах.
003248_RUSLAN|Художественный фонд на грани истощения.
003249_RUSLAN|В отчетном году пожертвования резко сократились.
003250_RUSLAN|Тем не менее я готов выписать чек.
003251_RUSLAN|А вы уж соблаговолите дать расписку.
003252_RUSLAN|Искренне скорблю о мизерных.
003253_RUSLAN|размерах вспомоществования.
003254_RUSLAN|Как говорится, чем богаты, тем и рады.
003255_RUSLAN|Я набрался мужества и остановил его
003256_RUSLAN|Деньги не проблема.
003257_RUSLAN|У нас все хорошо.
003258_RUSLAN|Впервые редактор посмотрел на меня с интересом.
003259_RUSLAN|Затем, едва не прослезившись, обронил
003260_RUSLAN|Троицкий в свою очередь разглядывал меня не без уважения.
003261_RUSLAN|Как будто я совершил на его глазах воистину диссидентский подвиг.
003262_RUSLAN|О работе мы так и не заговорили.
003263_RUSLAN|Я попрощался и с облегчением вышел на Бродвей.
003264_RUSLAN|Три города прошли через мою жизнь.
003265_RUSLAN|Первым был Ленинград.
003266_RUSLAN|Без труда и усилий далась Ленинграду осанка столицы.
003267_RUSLAN|Вода и камень определили его горизонтальную помпезную стилистику.
003268_RUSLAN|Благородство здесь так же обычно, как нездоровый цвет лица, долги и вечная самоирония.
003269_RUSLAN|Ленинград обладает мучительным комплексом духовного центра, несколько ущемленного в своих административных правах.
003270_RUSLAN|Сочетание неполноценности и превосходства делает его весьма язвительным господином.
003271_RUSLAN|Такие города есть в любой приличной стране.
003272_RUSLAN|В Италии Милан.
003273_RUSLAN|Во Франции Лион.
003274_RUSLAN|В Соединенных Штатах Бостон.
003275_RUSLAN|Ленинград называют столицей русской провинции.
003276_RUSLAN|Я думаю, это наименее советский город России.
003277_RUSLAN|Следующим был Таллинн.
003278_RUSLAN|Некоторые считают его излишне миниатюрным, кондитерским, приторным.
003279_RUSLAN|Я-то знаю, что пирожные эти с начинкой.
003280_RUSLAN|Таллинн город вертикальный, интровертный.
003281_RUSLAN|Разглядываешь готические башни, а думаешь о себе.
003282_RUSLAN|Это наименее советский город Прибалтики.
003283_RUSLAN|Штрафная пересылка между Востоком и Западом.
003284_RUSLAN|Жизнь моя долгие годы катилась с Востока на Запад.
003285_RUSLAN|Третьим городом этой жизни стал Нью-Йорк.
003286_RUSLAN|Нью-Йорк хамелеон.
003287_RUSLAN|Широкая улыбка на его физиономии легко сменяется презрительной гримасой.
003288_RUSLAN|Нью-Йорк расслабляюще безмятежен и смертельно опасен.
003289_RUSLAN|Размашисто щедр и болезненно скуп.
003290_RUSLAN|Готов облагодетельствовать тебя, но способен и разорить без минуты колебания.
003291_RUSLAN|Его архитектура напоминает кучу детских игрушек.
003292_RUSLAN|Она кошмарна настолько, что достигает известной гармонии.
003293_RUSLAN|Его эстетика созвучна железнодорожной катастрофе.
003294_RUSLAN|Она попирает законы школьной геометрии.
003295_RUSLAN|Издевается над земным притяжением.
003296_RUSLAN|Освежает в памяти холсты третьестепенных кубистов.
003297_RUSLAN|Нью-Йорк реален.
003298_RUSLAN|Он совершенно не вызывает музейного трепета.
003299_RUSLAN|Он создан для жизни, труда, развлечений и гибели.
003300_RUSLAN|Памятники истории здесь отсутствуют.
003301_RUSLAN|Настоящее, прошлое и будущее тянутся в одной упряжке.
003302_RUSLAN|Случись революция нечего будет штурмовать.
003303_RUSLAN|Здесь нет ощущения места.
003304_RUSLAN|Есть чувство корабля, набитого миллионами пассажиров.
003305_RUSLAN|Этот город столь разнообразен, что понимаешь здесь есть угол и для тебя.
003306_RUSLAN|Думаю, что Нью-Йорк мой последний, решающий, окончательный город.
003307_RUSLAN|Отсюда можно бежать только на Луну.
003308_RUSLAN|МЫ ПРИНИМАЕМ РЕШЕНИЕ
003309_RUSLAN|В нашем доме поселилось четверо бывших советских журналистов.
003310_RUSLAN|Первым занял студию Лева Дроздов.
003311_RUSLAN|Затем с его помощью нашел квартиру Эрик Баскин.
003312_RUSLAN|Мы с женой поступили некрасиво.
003313_RUSLAN|А именно пообещали взятку суперу Мигуэлю.
003314_RUSLAN|Через месяц наши проблемы были решены.
003315_RUSLAN|За нами перебрался из Бронкса Виля Мокер.
003316_RUSLAN|И тоже не без содействия Мигуэля.
003317_RUSLAN|Взятки у нас явление распространенное.
003318_RUSLAN|Раньше, говорят, этого не было.
003319_RUSLAN|Затем появились мы, советские беженцы.
003320_RUSLAN|И навели свои порядки.
003321_RUSLAN|Постепенно в голосе нашего супера зазвучали интонации московского домоуправа
003322_RUSLAN|Крыша протекает?..
003323_RUSLAN|Окно не закрывается?..
003324_RUSLAN|Стена, говорите, треснула?..
003325_RUSLAN|Зайду, когда будет время.
003326_RUSLAN|Вас много, а я один.
003327_RUSLAN|В этот момент надо сунуть ему чудодейственную зеленую бумажку.
003328_RUSLAN|Лицо Мигуэля сразу добреет.
003329_RUSLAN|Через пять минут он является с инструментами.
003330_RUSLAN|Соседи говорят это все появилось недавно.
003331_RUSLAN|Выходит, это наша заслуга.
003332_RUSLAN|Как выражается Мокер нежные ростки социализма.
003333_RUSLAN|Мы собирались почти каждый вечер.
003334_RUSLAN|Дроздов был настроен оптимистически.
003335_RUSLAN|Мы на свободе!
003336_RUSLAN|Мы дышим полной грудью!
003337_RUSLAN|Говорим все, что думаем!
003338_RUSLAN|Уверенно смотрим в будущее!..
003339_RUSLAN|СОЛО НА УНДЕРВУДЕ
003340_RUSLAN|Мокер называл Дроздова
003341_RUSLAN|Толпа из одного человека.
003342_RUSLAN|Лично мне будущее представлялось туманным.
003343_RUSLAN|Баскину тоже.
003344_RUSLAN|Мокер явно что-то задумал, но, хитро улыбаясь, помалкивал.
003345_RUSLAN|Существуют различные курсы программистов, ювелиров, бухгалтеров.
003346_RUSLAN|Тон у меня был неуверенный.
003347_RUSLAN|Мне было далеко за тридцать.
003348_RUSLAN|Дроздову и Мокеру под сорок.
003349_RUSLAN|Баскину за пятьдесят.
003350_RUSLAN|Нелегко в эти годы менять профессию.
003351_RUSLAN|Мы слышали, что западные люди к таким вещам относятся проще.
003352_RUSLAN|Был человек коммерсантом, разорился, пошел водить такси.
003353_RUSLAN|Или наоборот.
003354_RUSLAN|Но мы-то устроены по-другому.
003355_RUSLAN|Ведь журналистика, литература это наша судьба!
003356_RUSLAN|Наше святое призвание!
003357_RUSLAN|Какая уж тут бухгалтерия?!
003358_RUSLAN|И тем более ювелирное дело.
003359_RUSLAN|Не говоря о программировании.
003360_RUSLAN|К нашим сборищам часто присоединялась местная интеллигенция.
003361_RUSLAN|В том числе конферансье Беленький, музыковед Ирина Гольц, фарцовщик Акула, экономист Скафарь, загадочный религиозный деятель Лемкус.
003362_RUSLAN|Всех нас объединяли поиски работы.
003363_RUSLAN|Вернее хотя бы какого-то заработка.
003364_RUSLAN|Все мы по очереди делились новой информацией.
003365_RUSLAN|Впоследствии откровенничали реже.
003366_RUSLAN|Каждый был занят собственным трудоустройством.
003367_RUSLAN|Но тогда в нас еще сохранялся идеализм.
003368_RUSLAN|Конферансье Беленький с порога восклицал
003369_RUSLAN|Я слышал, есть место на питомнике лекарственных змей.
003370_RUSLAN|Работа несложная.
003371_RUSLAN|Главное кормить их четыре раза в сутки.
003372_RUSLAN|Кое-что убрать, там, вымыть, подмести.
003373_RUSLAN|Платят сто шестьдесят в неделю.
003374_RUSLAN|И голодным, между прочим, не останешься.
003375_RUSLAN|гадливо настораживался Баскин.
003376_RUSLAN|Что это значит?
003377_RUSLAN|Что ты хочешь этим сказать?
003378_RUSLAN|Беленький в свою очередь повышал голос
003379_RUSLAN|Думаешь, чем их тут кормят?
003380_RUSLAN|Ни хрена подобного!
003381_RUSLAN|Это тебе не совдепия!
003382_RUSLAN|Тут змеи питаются лучше, чем наши космонавты.
003383_RUSLAN|Все предусмотрено белки, жиры, углеводы.
003384_RUSLAN|На лице у Баскина выражалось крайнее отвращение
003385_RUSLAN|Неужели будешь есть из одного корыта со змеями?
003386_RUSLAN|Стоило ради этого уезжать из Москвы?!
003387_RUSLAN|Почему из одного корыта?
003388_RUSLAN|Я могу захватить из дома посуду.
003389_RUSLAN|Сам Эрик Баскин тяготел к абстрактно-политической деятельности.
003390_RUSLAN|Он все твердил
003391_RUSLAN|Мы должны рассказать людям правду о тоталитаризме!
003392_RUSLAN|Расскажи, иронизировал Беленький, а мы послушаем.
003393_RUSLAN|Баскин в ответ только мрачно ругался.
003394_RUSLAN|Действительно, языка он не знал.
003395_RUSLAN|Как собирался проповедовать было неясно.
003396_RUSLAN|Бывший фарцовщик Акула мечтал о собственном торговом предприятии.
003397_RUSLAN|В Москве я жил как фрайер.
003398_RUSLAN|Покупал у финского туриста зажигалку и делал на этом свой червонец.
003399_RUSLAN|С элементарного гондона мог наварить три рубля.
003400_RUSLAN|И я был в порядке.
003401_RUSLAN|А тут все заграничное!
003402_RUSLAN|И никакого дефицита.
003403_RUSLAN|Разве что кроме наркотиков.
003404_RUSLAN|А наркотики это вилы.
003405_RUSLAN|Остается телега, честный производственный бизнес.
003406_RUSLAN|Меня бы, например, вполне устроила скромная рыбная лавка.
003407_RUSLAN|Что требует начального капитала.
003408_RUSLAN|При слове капитал все замолкали.
003409_RUSLAN|Музыковед Ирина Гольц выдвигала романтические проекты
003410_RUSLAN|В Америке двадцать три процента миллионеров.
003411_RUSLAN|Хоть одному из них требуется добродетельная жена с утонченными манерами и безупречным эстетическим вкусом?..
003412_RUSLAN|Будешь выходить замуж, говорил Скафарь, усынови меня.
003413_RUSLAN|А что особенного?
003414_RUSLAN|Да, мне сорок лет, ну и что?
003415_RUSLAN|Так и скажи будущему мужу Это Шурик.
003416_RUSLAN|Лично я молода, но имею взрослого сына!..
003417_RUSLAN|Тут вмешивался Лемкус
003418_RUSLAN|Вы просто не знаете американской жизни.
003419_RUSLAN|Тут есть проверенные и вполне законные способы обогащения.
003420_RUSLAN|Что может быть проще?
003421_RUSLAN|Вы идете по фешенебельной Мэдисон-авеню.
003422_RUSLAN|Навстречу вам собака, элементарный доберман.
003423_RUSLAN|Вы говорите Ах, какая миленькая собачка!  И быстрым движением щелкаете ее по носу.
003424_RUSLAN|Доберман хватает вас за ногу.
003425_RUSLAN|Вы теряете сознание.
003426_RUSLAN|Констатируете нервный шок.
003427_RUSLAN|Звоните хорошему адвокату.
003428_RUSLAN|Подаете в суд на хозяина добермана.
003429_RUSLAN|Требуете компенсации морального и физического ущерба.
003430_RUSLAN|Хозяин-миллионер выписывает чек на двадцать тысяч.
003431_RUSLAN|Мы возражали
003432_RUSLAN|А если окажется, что собака принадлежит какому-нибудь бродяге?
003433_RUSLAN|Мало ли на Бродвее черных инвалидов с доберманами?
003434_RUSLAN|Я же говорю не о Бродвее.
003435_RUSLAN|Я говорю о фешенебельной Мэдисон.
003436_RUSLAN|Там живут одни миллионеры.
003437_RUSLAN|Там живет художник Попазян, говорил Скафарь, он нищий.
003438_RUSLAN|Разве у Попазяна есть собака?
003439_RUSLAN|У Попазяна нет даже тараканов.
003440_RUSLAN|Экономист Скафарь хотел жениться на богатой вдове.
003441_RUSLAN|Он был высок, худощав и любвеобилен.
003442_RUSLAN|Кроме того, носил очки, что в российском захолустье считается признаком интеллигентности.
003443_RUSLAN|Мы интересовались
003444_RUSLAN|Что же ты скажешь невесте?
003445_RUSLAN|Скафарь реагировал тихо и задушевно
003446_RUSLAN|Подлинное чувство не требует слов.
003447_RUSLAN|Я буду молча дарить ей цветы.
003448_RUSLAN|Вновь подавал голос загадочный религиозный деятель Лемкус.
003449_RUSLAN|Когда-то он был евреем, выехал по израильским документам.
003450_RUSLAN|Но в Риме его охмурили баптисты, посулив какие-то материальные льготы.
003451_RUSLAN|Кажется, весьма незначительные.
003452_RUSLAN|Чем он занимается в Америке, было неясно.
003453_RUSLAN|Иногда в газете Слово и дело появлялись корреспонденции Лемкуса.
003454_RUSLAN|Например Как узреть Бога, Свет истины, Задумайтесь, маловеры!
003455_RUSLAN|СОЛО НА УНДЕРВУДЕ
003456_RUSLAN|В очередной заметке Лемкуса говорилось
003457_RUSLAN|Как замечательно выразился Иисус Христос.  Далее следовала цитата из Нагорной проповеди.
003458_RUSLAN|Так Лемкус похвалил способного автора.
003459_RUSLAN|Лемкус творчески развивал свои же идеи
003460_RUSLAN|Собака, я думаю, это мелко.
003461_RUSLAN|Есть более эффективные методы.
003462_RUSLAN|Например, вы покупаете старую машину.
003463_RUSLAN|Едете в Голливуд.
003464_RUSLAN|Или в Хьюстон, где полно миллионеров.
003465_RUSLAN|Целыми днями разъезжаете по улицам.
003466_RUSLAN|Причем игнорируя светофоры.
003467_RUSLAN|И, естественно, попадая в аварии.
003468_RUSLAN|Наконец, вас таранит роскошный лимузин.
003469_RUSLAN|В лимузине сидит нефтяной король.
003470_RUSLAN|Вы угрожаете ему судебной процедурой.
003471_RUSLAN|Нефтяной король приходит в ужас.
003472_RUSLAN|Его время стоит огромных денег.
003473_RUSLAN|Десять тысяч минута.
003474_RUSLAN|Ему гораздо проще откупиться на месте.
003475_RUSLAN|Выписать чек и ехать по своим делам.
003476_RUSLAN|А Бог тебя за это не покарает?
003477_RUSLAN|ехидно спрашивал Мокер.
003478_RUSLAN|Не думаю, отвечал Лемкус, маловероятно.
003479_RUSLAN|Бог любит страждущих и неимущих.
003480_RUSLAN|не унимался Мокер.
003481_RUSLAN|Взять у богатого не грех, реагировал Лемкус.
003482_RUSLAN|Вот и Ленин так думал.
003483_RUSLAN|Чьи-то жены работали.
003484_RUSLAN|Дроздов питался у знакомых, студию ему оплачивала НАЙАНА.
003485_RUSLAN|Лемкуса подкармливали баптисты.
003486_RUSLAN|Ирина Гольц обнаружила в Кливленде богатого родственника.
003487_RUSLAN|А мы все строили планы.
003488_RUSLAN|Пока однажды Мокер не сказал
003489_RUSLAN|А я, представьте себе, знаю, что мы будем делать.
003490_RUSLAN|Дроздов заранее кивнул.
003491_RUSLAN|Эрик Баскин недоверчиво прищурился.
003492_RUSLAN|Я вдруг почувствовал странное беспокойство.
003493_RUSLAN|Помедлив несколько секунд, Мокер торжествующе выговорил
003494_RUSLAN|Мы будем издавать вторую русскую газету!
003495_RUSLAN|СЕНТИМЕНТАЛЬНЫЙ МАРШ
003496_RUSLAN|Подсознательно каждый из нас мечтал о русской газете.
003497_RUSLAN|Ведь журналистика была нашей единственной профессией.
003498_RUSLAN|Единственным любимым занятием.
003499_RUSLAN|Просто мы не знали, как это делается в США.
003500_RUSLAN|Дома все было очень просто.
003501_RUSLAN|Там был обком, который все знал.
003502_RUSLAN|У любой газеты было помещение, штат и соответствующее оборудование.
003503_RUSLAN|Все необходимое предоставлялось государством.
003504_RUSLAN|Начиная с типографии и кончая шариковыми авторучками.
003505_RUSLAN|Дома был цензор.
003506_RUSLAN|Было окошко, где вы регулярно получали зарплату.
003507_RUSLAN|Было начальство, которое давало руководящие указания.
003508_RUSLAN|Вам оставалось только писать.
003509_RUSLAN|При этом заранее было известно что именно.
003510_RUSLAN|Английского мы не знали.
003511_RUSLAN|За исключением Вили Мокера, который объяснялся не без помощи жестов.
003512_RUSLAN|О здешней газетной технологии не имели представления.
003513_RUSLAN|Кроме того, подозревали, что вся затея эта стоит немалых денег.
003514_RUSLAN|И вообще, поинтересовался Баскин, кто нам даст разрешение?
003515_RUSLAN|Мы ведь даже гражданства не имеем.
003516_RUSLAN|Выходит, каждый поц может издавать газету?
003517_RUSLAN|А что, если мы начнем подрывать устои капитализма?
003518_RUSLAN|Но Мокер, как выяснилось, располагал подробной информацией.
003519_RUSLAN|И на вопросы отвечал без запинки
003520_RUSLAN|Специального разрешения не требуется.
003521_RUSLAN|Мы просто регистрируем нашу корпорацию, и все.
003522_RUSLAN|Затем снимаем недорогое помещение в Манхеттене.
003523_RUSLAN|Заказываем русскую наборную машину.
003524_RUSLAN|Дешевых типографий в Нью-Йорке сколько угодно.
003525_RUSLAN|Технология в Штатах более современная, а значит простая.
003526_RUSLAN|Вместо цинковых клише используются фотостаты.
003527_RUSLAN|Вместо свинцового набора компьютерные машины.
003528_RUSLAN|Далее Мокер засыпал нас терминами айбиэм, процессор, селектрик-композер…
003529_RUSLAN|Наше уважание к Мокеру росло.
003530_RUSLAN|Он продолжал
003531_RUSLAN|Что же касается устоев, то их веками подрывают десятки экстремистских газет.
003532_RUSLAN|Кого это волнует?
003533_RUSLAN|Если газета легальная, то все остальное не имеет значения.
003534_RUSLAN|Тем более что мы намерены придерживаться консервативной линии.
003535_RUSLAN|Мы должны рассказать американцам правду о тоталитаризме, ввернул Эрик Баскин.
003536_RUSLAN|Мне все равно, какой линии придерживаться, объявил Дроздов.
003537_RUSLAN|А деньги? спросил я.
003538_RUSLAN|Мокер не смутился
003539_RUSLAN|Деньги это тоже не фокус.
003540_RUSLAN|Америка буквально набита деньгами.
003541_RUSLAN|Миллионы американцев не знают, как их потратить.
003542_RUSLAN|Мы находка для этих людей.
003543_RUSLAN|Мокер рассуждал уверенно и компетентно.
003544_RUSLAN|Значит, он не терял времени.
003545_RUSLAN|Мы все питали к нему чувство зависти и доверия.
003546_RUSLAN|Недаром он первый стал курить сигары.
003547_RUSLAN|А главное, раньше других перестал носить одежду из кожзаменителя.
003548_RUSLAN|Понизив голос, он сказал
003549_RUSLAN|Я хочу продолжить разговор без свидетелей.
003550_RUSLAN|Останутся томительная пауза Баскин, Дроздов и Серега.
003551_RUSLAN|Когда обиженные соседи вышли, Мокер тоном заговорщика произнес
003552_RUSLAN|Есть у меня на примете крупный гангстер.
003553_RUSLAN|Человек из мафии.
003554_RUSLAN|Нуждается, как я понимаю, в инвестициях.
003555_RUSLAN|Иначе говоря, в легализации тайных капиталов.
003556_RUSLAN|Где ты его откопал? спросили мы.
003557_RUSLAN|Все очень просто.
003558_RUSLAN|У меня есть незамужняя соседка.
003559_RUSLAN|Мокеры жили в левом крыле здания.
003560_RUSLAN|Высокая, симпатичная баба.
003561_RUSLAN|Дроздов попытался развить эту тему
003562_RUSLAN|Полная такая, с круглым задом?
003563_RUSLAN|Дальше, нервно перебил его Баскин.
003564_RUSLAN|У этой Синтии, продолжал Мокер, бывает итальянец.
003565_RUSLAN|Мы часто сталкиваемся в лифте.
003566_RUSLAN|Причем заходит он к ней исключительно днем.
003567_RUSLAN|После чего Синтия немедленно опускает шторы.
003568_RUSLAN|Какой мы из этого делаем вывод?
003569_RUSLAN|Черт его знает, сказал Эрик Баскин.
003570_RUSLAN|Дроздов игриво засмеялся, потирая руки
003571_RUSLAN|Обычное дело, старик, поддали и в койку!
003572_RUSLAN|Мокер уничтожающе посмотрел на Дроздова и сказал
003573_RUSLAN|Из этого мы делаем вывод, что Риццо хозяин ночного заведения.
003574_RUSLAN|Поэтому он и занимается любовью только днем.
003575_RUSLAN|А все ночные заведения контролируются мафией.
003576_RUSLAN|Не говоря о том, что все итальянцы прирожденные мафиози.
003577_RUSLAN|Баскин выразил сомнение
003578_RUSLAN|Все женатые мужики развлекаются днем.
003579_RUSLAN|Для этого не обязательно быть гангстером.
003580_RUSLAN|Но Мокер перебил его
003581_RUSLAN|А если я с ним говорил, тогда что?..
003582_RUSLAN|Я долго не решался.
003583_RUSLAN|Подыскивал наиболее емкую формулировку.
003584_RUSLAN|И наконец вчера многозначительно спросил Уж не принадлежишь ли ты к известной организации?
003585_RUSLAN|Он понял мой намек и кивнул.
003586_RUSLAN|Тогда я попросил его о встрече.
003587_RUSLAN|Мы договорились увидеться завтра после шести.
003588_RUSLAN|В баре на углу Семнадцатой и Пятой.
003589_RUSLAN|Баскин тяжело вздохнул
003590_RUSLAN|Смущает меня, ребятки, вся эта уголовщина.
003591_RUSLAN|Гангстер был одет довольно скромно.
003592_RUSLAN|Его вельветовые брюки лоснились.
003593_RUSLAN|Джемпер с надписью Помни Валенсию! обтягивал круглый живот.
003594_RUSLAN|Лицом он напоминал грузинского рыночного торговца.
003595_RUSLAN|Он вежливо представился
003596_RUSLAN|Меня зовут Риццо.
003597_RUSLAN|Риццо Фьезоли.
003598_RUSLAN|Очень приятно.
003599_RUSLAN|В баре тихо наигрывал музыкальный автомат.
003600_RUSLAN|Мы сели у окна.
003601_RUSLAN|Бармен вышел из-за стойки, подал нам шесть коктейлей.
003602_RUSLAN|Это был джин с лимоном и тоником.
003603_RUSLAN|Я бы предпочел водку.
003604_RUSLAN|Нас было шестеро, включая Риццо.
003605_RUSLAN|Я пришел не один.
003606_RUSLAN|У жены выходной, и ей захотелось посмотреть на мафиози.
003607_RUSLAN|Все, кроме Риццо, были недовольны, что пришла моя жена.
003608_RUSLAN|Я сказал Мокеру, что уплачу за два коктейля.
003609_RUSLAN|Кам-ан, широко отмахнулся Мокер и тут же перевел
003610_RUSLAN|Мы чокнулись и выпили.
003611_RUSLAN|Риццо, Баскин и моя жена пили через соломинку.
003612_RUSLAN|Мокер, я и Дроздов предпочли обойтись без этих тонкостей.
003613_RUSLAN|После этого Мокер заговорил.
003614_RUSLAN|Кое-что мы понимали.
003615_RUSLAN|Кое-что он переводил нам.
003616_RUSLAN|Вообще, чем хуже люди говорят по-английски, тем доступнее мне их язык.
003617_RUSLAN|Короче, состоялся примерно такой разговор
003618_RUSLAN|Могу я называть тебя просто Риццо?
003619_RUSLAN|Еще бы, ведь мы друзья.
003620_RUSLAN|Эти ребята бывшие советские журналисты.
003621_RUSLAN|Могу я заказать еще один коктейль?
003622_RUSLAN|Сначала поговорим.
003623_RUSLAN|Я буду откровенен.
003624_RUSLAN|Надеюсь, здесь все свои?
003625_RUSLAN|Мокер обвел нас строгим испытующим взглядом.
003626_RUSLAN|Мы постарались выразить абсолютную лояльность.
003627_RUSLAN|Мокер продолжал
003628_RUSLAN|В ближайшие дни мы начинаем издавать русскую газету.
003629_RUSLAN|Дело, как ты сейчас убедишься, верное.
003630_RUSLAN|В Америке четыре миллиона граждан русского происхождения.
003631_RUSLAN|Аудитория и рынок неисчерпаемы.
003632_RUSLAN|Есть возможность получить солидную американскую рекламу.
003633_RUSLAN|Через год вся эта затея принесет хорошие деньги.
003634_RUSLAN|Что ты об этом думаешь?
003635_RUSLAN|Я не читаю по-русски, ответил гангстер, я вообще читаю мало.
003636_RUSLAN|Как и все мы, сумрачно откликнулся Баскин.
003637_RUSLAN|Мокер попытался выровнять направление беседы
003638_RUSLAN|Я думаю, твоя организация располагает значительными средствами?
003639_RUSLAN|Несомненно, реагировал итальянец.
003640_RUSLAN|Затем добавил
003641_RUSLAN|Наш капитал это мужество, стойкость, дисциплина, верность идеалам!
003642_RUSLAN|Мокер взволнованно приподнялся
003643_RUSLAN|Возможно, я не полностью разделяю твои убеждения.
003644_RUSLAN|Но я готов отдать жизнь за твое право свободно их выражать!..
003645_RUSLAN|Эти слова прозвучали как цитата.
003646_RUSLAN|Мокер сел и продолжал
003647_RUSLAN|Не будем касаться твоей идейной программы.
003648_RUSLAN|Мы любим честных борцов независимо от их убеждений.
003649_RUSLAN|Я много слышал про твою организацию.
003650_RUSLAN|Лично мне ее цели, и в особенности средства, не очень-то близки.
003651_RUSLAN|Но я привык отдавать должное стойкости и мужеству в любой конкретной форме.
003652_RUSLAN|Мне известно, что законы организации суровы.
003653_RUSLAN|Риццо гордо кивнул
003654_RUSLAN|Да, организация мгновенно ликвидирует тех, кто ее предает.
003655_RUSLAN|Вряд ли можно позавидовать тому, кто нарушит слово, данное организации.
003656_RUSLAN|Прекрасно, вставила моя жена.
003657_RUSLAN|Сережа обязательно что-то нарушит, и его ликвидируют.
003658_RUSLAN|И останусь я молодой привлекательной вдовушкой.
003659_RUSLAN|Видно, на мою жену подействовал алкоголь.
003660_RUSLAN|Но Мокер перевел ее слова.
003661_RUSLAN|Наверное, хотел разрядить обстановку.
003662_RUSLAN|Риццо нахмурился и отчеканил
003663_RUSLAN|Должен вас разочаровать, мадам.
003664_RUSLAN|Ликвидируем всю семью!
003665_RUSLAN|Затем извиняющимся тоном добавил
003666_RUSLAN|Жизнестойкой может быть лишь организация, спаянная дисциплиной.
003667_RUSLAN|Я заметил, что все избегают слова мафия.
003668_RUSLAN|Ближе к делу, продолжал Мокер, у организации есть средства.
003669_RUSLAN|Она заинтересована в легальных капиталовложениях.
003670_RUSLAN|Мы готовы предоставить ей такую возможность.
003671_RUSLAN|Разумеется, вы получите соответствующие гарантии.
003672_RUSLAN|Музыкальный автомат затих.
003673_RUSLAN|Извините меня, сказал Риццо.
003674_RUSLAN|Он поднялся, достал из кармана мелочь.
003675_RUSLAN|Опустил ее в щель.
003676_RUSLAN|Некоторое время раздавалось шипение.
003677_RUSLAN|Потом зазвучали аккорды гитары и слащавый тенор вывел
003678_RUSLAN|О, Валенсия, моя родина!
003679_RUSLAN|Солнце шепчет мне улыбнись!..
003680_RUSLAN|О, Валенсия.
003681_RUSLAN|Риццо вернулся, достал сигарету.
003682_RUSLAN|Что-то в нем отвечало музыкальному ритму.
003683_RUSLAN|Банально выражаясь, он приплясывал.
003684_RUSLAN|Мокер протянул ему зажигалку с изображением голой девицы.
003685_RUSLAN|Гангстер прикурил.
003686_RUSLAN|Ну, так что? спросил Мокер.
003687_RUSLAN|Риццо приподнял брови
003688_RUSLAN|Вам нужны деньги?
003689_RUSLAN|Мокер уверенно кивнул.
003690_RUSLAN|Я не уполномочен решать такие вопросы.
003691_RUSLAN|Конечно, я поговорю с Рафаэлем.
003692_RUSLAN|Он заведует партийной кассой.
003693_RUSLAN|Откровенно говоря, не думаю, чтобы он согласился.
003694_RUSLAN|Рафаэль немножко консервативен.
003695_RUSLAN|Я убежден, что Рафаэль гораздо правее своего кумира Троцкого.
003696_RUSLAN|Наша фракция левых маоистов значительно дальше от центра.
003697_RUSLAN|Мы переглянулись.
003698_RUSLAN|Фракция маоистов?
003699_RUSLAN|переспросил Баскин.
003700_RUSLAN|Затем повернулся к Мокеру
003701_RUSLAN|Ты говорил, что он из мафии.
003702_RUSLAN|На самом деле все гораздо хуже.
003703_RUSLAN|На самом деле этот поц еще и большевик!
003704_RUSLAN|Итальянец живо пояснил
003705_RUSLAN|В юности я был марксистом либерального толка.
003706_RUSLAN|Я даже голосовал против индивидуального террора.
003707_RUSLAN|Но затем присоединился к радикалам.
003708_RUSLAN|А недавно увлекся маоистской программой.
003709_RUSLAN|Мне хочется примирить ленинизм с конфуцианством.
003710_RUSLAN|Правая фракция считает меня ренегатом.
003711_RUSLAN|Но я-то знаю, что истина придет с Востока.
003712_RUSLAN|Пошли отсюда вон!
003713_RUSLAN|сказал Эрик Баскин.
003714_RUSLAN|Дроздов колебался
003715_RUSLAN|Вообще-то деньги не пахнут, сказал он.
003716_RUSLAN|Баскин повысил голос
003717_RUSLAN|Какие могут быть деньги у этой шпаны?!
003718_RUSLAN|Мокер выглядел крайне подавленным.
003719_RUSLAN|Моя жена откровенно веселилась.
003720_RUSLAN|Риццо выпил еще один стакан коктейля и невозмутимо продолжал
003721_RUSLAN|Истина придет с Востока.
003722_RUSLAN|Лично я восхищаюсь русскими.
003723_RUSLAN|Они революционеры и добились справедливости.
003724_RUSLAN|Затем революция перешла в бюрократическую фазу.
003725_RUSLAN|Зародилась новая советская буржуазия.
003726_RUSLAN|Лично я революционер и враг буржуазии.
003727_RUSLAN|Я читал Солженицына и Толстого.
003728_RUSLAN|Толстой буржуазный писатель.
003729_RUSLAN|Его волнуют переживания изнеженных богачей.
003730_RUSLAN|А вот Солженицын написал хорошую книгу.
003731_RUSLAN|Солженицын показывает, как опасно вырождение революционного духа.
003732_RUSLAN|Баскин еле сдерживался
003733_RUSLAN|Что за дикая путаница в голове у этого старого хулигана!
003734_RUSLAN|Риццо не унимался.
003735_RUSLAN|Он жестикулировал и восклицал
003736_RUSLAN|Революция должна победить на всей земле!
003737_RUSLAN|Богачи начнут трудиться, а простые люди отдыхать и курить марихуану!
003738_RUSLAN|И это будет справедливо.
003739_RUSLAN|Русские молодцы!
003740_RUSLAN|Им нужна еще одна революция.
003741_RUSLAN|И вождем ее будет Солженицын, а не Лев Толстой.
003742_RUSLAN|Вот именно, Солженицын!
003743_RUSLAN|Хватит! крикнул Баскин.
003744_RUSLAN|Хватит! радостно повторил итальянец.
003745_RUSLAN|Видно, решил, что это значит браво!
003746_RUSLAN|Мы расплатились и встали.
003747_RUSLAN|Маоист долго жал нам руки.
003748_RUSLAN|Америка плохая страна!
003749_RUSLAN|Я живу здесь только ради денег!
003750_RUSLAN|Мое сердце принадлежит Валенсии!..
003751_RUSLAN|Да здравствуют ортодоксы и радикалы!..
003752_RUSLAN|Долой Льва Толстого и буржуазию!
003753_RUSLAN|Виват! сказал Дроздов.
003754_RUSLAN|Мы вышли на Семнадцатую улицу.
003755_RUSLAN|Риццо остался в баре.
003756_RUSLAN|Видимо, хотел еще больше укрепить свой революционный дух.
003757_RUSLAN|Мокер смущенно посмеивался.
003758_RUSLAN|Кретин, сказал ему Баскин.
003759_RUSLAN|Я ищу, оправдывался Мокер, я нащупываю ходы.
003760_RUSLAN|Деньги будут.
003761_RUSLAN|Америка страна неограниченных возможностей.
003762_RUSLAN|Потом он вспомнил
003763_RUSLAN|С каждого по четыре доллара.
003764_RUSLAN|С Довлатова восемь.
003765_RUSLAN|А за этого говенного Риццо, так уж и быть, плачу я.
003766_RUSLAN|В сущности, неплохо посидели, успокаивал Баскина Дроздов.
003767_RUSLAN|Увидите, деньги будут, заверял нас Мокер, я клянусь!
003768_RUSLAN|КТО МЫ И ОТКУДА?
003769_RUSLAN|Наша эмиграция условно делится на три потока.
003770_RUSLAN|Даже на четыре политический, экономический, художественный и авантюрный.
003771_RUSLAN|Политические эмигранты чувствуют себя здесь неплохо.
003772_RUSLAN|Особенно те, у кого хорошая специальность.
003773_RUSLAN|Например врачи, инженеры, знаменитые ученые, квалифицированные ремесленники.
003774_RUSLAN|Ведь диссидентство не профессия.
003775_RUSLAN|Эти люди добивались свободы и получили ее.
003776_RUSLAN|Хотя свобода тоже не профессия.
003777_RUSLAN|Поэтому желательно быть еще и квалифицированным специалистом.
003778_RUSLAN|Люди из экономического потока тоже не жалуются.
003779_RUSLAN|Ведь они добивались материальных благ.
003780_RUSLAN|Попросту говоря, хотели жить лучше.
003781_RUSLAN|Забыть о бедности, веревочных макаронах, фанерных пиджаках и ядовитом алкоголе.
003782_RUSLAN|СОЛО НА УНДЕРВУДЕ
003783_RUSLAN|Говорят, если выпить советской мадеры и помочиться на шакала, то шакал околевает.
003784_RUSLAN|Людям хотелось жить нормально, путешествовать, есть фрукты и смотреть цветной телевизор.
003785_RUSLAN|Отдельная квартира с ванной уже достижение.
003786_RUSLAN|Короче, они свое получили.
003787_RUSLAN|Многие довольно быстро устроились на тяжелую, хорошо оплачиваемую работу.
003788_RUSLAN|Сели, например, за баранку такси.
003789_RUSLAN|Наиболее целеустремленные открыли собственные предприятия.
003790_RUSLAN|СОЛО НА УНДЕРВУДЕ
003791_RUSLAN|Разговаривают двое эмигрантов.
003792_RUSLAN|Ну, как, ты хорошо устроился?
003793_RUSLAN|Да нет, все еще работаю.
003794_RUSLAN|Авантюристы люди вечно недовольные.
003795_RUSLAN|В Америку попали случайно.
003796_RUSLAN|Кто-то с женой поругался и уехал.
003797_RUSLAN|Кому-то захотелось послушать Гиллеспи.
003798_RUSLAN|Или, допустим, плюнуть в Гудзон с небоскреба.
003799_RUSLAN|Это все доступно.
003800_RUSLAN|Но приходится еще и работать.
003801_RUSLAN|Что для многих явилось полной неожиданностью.
003802_RUSLAN|Хорошо еще, что в Америке можно быть государственным паразитом.
003803_RUSLAN|Так что большинство авантюристов на велфере.
003804_RUSLAN|Мы с друзьями относимся к художественному потоку.
003805_RUSLAN|Мы люди творческих наклонностей писатели, художники, редакторы, искусствоведы, журналисты.
003806_RUSLAN|Мы уехали в поисках творческой свободы.
003807_RUSLAN|И многие из нас действовали сознательно.
003808_RUSLAN|Хоть и не все.
003809_RUSLAN|Если дать творческую свободу петуху, он все равно будет кукарекать.
003810_RUSLAN|Нам приходится трудно.
003811_RUSLAN|Английского языка мы чаще всего не знаем.
003812_RUSLAN|Профессию менять, естественно, не хотим.
003813_RUSLAN|Велфер получать благородно стыдимся.
003814_RUSLAN|СОЛО НА УНДЕРВУДЕ
003815_RUSLAN|Старуха-эмигрантка в рыбном магазине
003816_RUSLAN|Я догадывалась, что здесь говорят по-английски.
003817_RUSLAN|Но кто же мог знать, что до такой степени?!..
003818_RUSLAN|Мы неудачники.
003819_RUSLAN|Хотя многие из пас когда-то были знаменитостями.
003820_RUSLAN|Например, Эрик Баскин.
003821_RUSLAN|Он был известным спортивным журналистом.
003822_RUSLAN|Редактором журнала Хоккей-футбол.
003823_RUSLAN|А футбол и хоккей заменяют советским людям религию и культуру.
003824_RUSLAN|По части эмоционального воздействия у хоккея единственный соперник алкоголь.
003825_RUSLAN|Когда Баскин приезжал с лекциями в Харьков и Челябинск, останавливались тракторные заводы.
003826_RUSLAN|Вечерняя смена уходила с предприятий.
003827_RUSLAN|Эмигрировал Баскин, поругавшись с влиятельным инструктором цека.
003828_RUSLAN|Случилось это на идейной почве.
003829_RUSLAN|Поскольку спорт у нас явление идеологическое.
003830_RUSLAN|А Эрик в одном из репортажей чересчур хвалил канадских хоккеистов.
003831_RUSLAN|И его уволили после неприятного разговора в Центральном Комитете.
003832_RUSLAN|Прощаясь, инструктор сказал
003833_RUSLAN|У меня к вам просьба.
003834_RUSLAN|Объясните коллегам, что вы уходите из редакции по состоянию здоровья.
003835_RUSLAN|Надеюсь, вам понятно?
003836_RUSLAN|Баскин ответил
003837_RUSLAN|Товарищ инструктор!
003838_RUSLAN|Вообразите такую ситуацию.
003839_RUSLAN|Допустим, вам изменила жена.
003840_RUSLAN|И после этого заразила вас гонореей.
003841_RUSLAN|Вы подаете на развод.
003842_RUSLAN|А жена обращается к вам с просьбой Вася, объясни коллегам, что мы разводимся, поскольку ты импотент.
003843_RUSLAN|Инструктор позеленел и указал Баскину на дверь.
003844_RUSLAN|Виля Мокер работал на ленинградском телевидении.
003845_RUSLAN|Вряд ли он был звездой, но прохожие его узнавали.
003846_RUSLAN|Уехал Виля потому, что был евреем и страдал от антисемитизма.
003847_RUSLAN|При слове еврей он лез драться.
003848_RUSLAN|Он был уверен, что еврей ругательство.
003849_RUSLAN|Дроздов трудился в отделе пропаганды Смены.
003850_RUSLAN|А пропагандировать, как известно, можно все.
003851_RUSLAN|От светлого коммунистического будущего и фиолетовых гусиных желудков до произведений художника Налбандяна и зловонных резиновых бот.
003852_RUSLAN|Это породило в Дроздове легкую моральную неразборчивость.
003853_RUSLAN|Помню, редактор Смены говорил о нем
003854_RUSLAN|У этого даже задница почтительная.
003855_RUSLAN|Я не знаю, почему Дроздов уехал.
003856_RUSLAN|О политических мотивах здесь нечего и говорить.
003857_RUSLAN|Ходили слухи, что Дроздов бежал от алиментов.
003858_RUSLAN|Но человек он был довольно умелый и работящий.
003859_RUSLAN|А это главное.
003860_RUSLAN|О себе я уже рассказывал в первой книге.
003861_RUSLAN|Спрашивается, кому мы были нужны в Америке?..
003862_RUSLAN|Мокер продолжал энергично действовать.
003863_RUSLAN|Звонил в различные организации.
003864_RUSLAN|Начиная с Толстовского фонда и кончая Лигой защиты евреев.
003865_RUSLAN|Мокеру назначали ежедневно по шесть деловых свиданий.
003866_RUSLAN|Все это обнадеживало нашего лидера.
003867_RUSLAN|Видно, он был слегка дезориентирован американской любезностью.
003868_RUSLAN|Куда ни позвонишь, везде отвечают
003869_RUSLAN|Заходите, например, шестого мая в одиннадцать тридцать.
003870_RUSLAN|В Союзе было по-другому.
003871_RUSLAN|Там все знакомо, ясно и понятно.
003872_RUSLAN|Если тебе открыто не хамят, значит дело будет решено в положительном смысле.
003873_RUSLAN|И даже когда хамят, еще не все потеряно.
003874_RUSLAN|Поскольку некоторые чиновники хамят автоматически, рефлекторно.
003875_RUSLAN|Такое хамство одинаково близко соловьиному пению и рычанию льва.
003876_RUSLAN|Здесь все иначе.
003877_RUSLAN|Беседуют вежливо, улыбаются, наливают кофе.
003878_RUSLAN|Любезно тебя выслушивают.
003879_RUSLAN|Затем печально говорят
003880_RUSLAN|Сожалеем, но мы лишены удовольствия воспользоваться данными предложениями.
003881_RUSLAN|Наша фирма чересчур скромна для осуществления вашего талантливого, блестящего проекта.
003882_RUSLAN|Если что-то изменится, мы вам позвоним.
003883_RUSLAN|Иногда после этого даже записывают номер телефона.
003884_RUSLAN|Однако лидер не сдавался.
003885_RUSLAN|Стояло влажное и душное нью-йоркское лето.
003886_RUSLAN|В мягком асфальте поблескивали колечки от содовых банок.
003887_RUSLAN|Они напоминали драгоценные перстни.
003888_RUSLAN|Небоскребы в Манхеттене были окутаны клубами горячего пара.
003889_RUSLAN|Бесчисленные кондиционеры орошали прохожих теплым дождем.
003890_RUSLAN|Режущие звуки тормозов и грохот джаза сливались в одну чудовищную какофонию.
003891_RUSLAN|Мокер ходил по улице в костюме-тройке, дарованном ему синагогой.
003892_RUSLAN|В руках он держал бесформенный советский портфель эпохи Коминтерна.
003893_RUSLAN|Там хранилась удобная складная вешалка.
003894_RUSLAN|В метро наш лидер, достав ее из портфеля, быстро раздевался.
003895_RUSLAN|Пиджак и жилет терпеливо держал он на вытянутой руке.
003896_RUSLAN|Галстук с изображением американского флага делал Мокера похожим на удавленника.
003897_RUSLAN|Ослабить узел было невозможно.
003898_RUSLAN|Завязать его Виля мог только перед зеркалом.
003899_RUSLAN|Покидая сабвей, Мокер вновь одевался.
003900_RUSLAN|На переговоры шел в костюме.
003901_RUSLAN|И, получив отказ, снова раздевался в метро.
003902_RUSLAN|Дроздов между тем нашел себе временную работу.
003903_RUSLAN|Устроился на базу перетаскивать свиные туши и рыбу.
003904_RUSLAN|Закончилось все это довольно грустным инцидентом.
003905_RUSLAN|Дроздов украл килограмма четыре мороженого трескового филе.
003906_RUSLAN|Сунул ледяной брикет под рубашку.
003907_RUSLAN|Час ехал таким образом в сабвее.
003908_RUSLAN|Филе начало таять.
003909_RUSLAN|У Дроздова подозрительно закапало из брюк.
003910_RUSLAN|Кроме того, от него запахло рыбой.
003911_RUSLAN|Настолько, что два индуса, ворча, пересели.
003912_RUSLAN|И к тому же наутро Дроздов заболел воспалением легких.
003913_RUSLAN|Баскин держался уверенно и спокойно.
003914_RUSLAN|К нему, человеку знаменитому, проявляли интерес американские журналисты.
003915_RUSLAN|Интервью с ним появились в нескольких крупных газетах.
003916_RUSLAN|Его жена Диана поступила на курсы медсестер.
003917_RUSLAN|А я тем временем нашел себе литературного переводчика.
003918_RUSLAN|Вернее, переводчицу.
003919_RUSLAN|Звали ее Линн Фарбер.
003920_RUSLAN|Родители Линн еще до войны бежали через Польшу из Шклова.
003921_RUSLAN|Дочка родилась уже в Америке.
003922_RUSLAN|По-русски говорила довольно хорошо, но с заметным акцентом.
003923_RUSLAN|Познакомил нас Иосиф Бродский.
003924_RUSLAN|Вернее, рекомендовал ей заняться моими сочинениями.
003925_RUSLAN|Линн позвонила, и я выслал ей тяжелую бандероль.
003926_RUSLAN|Затем она надолго исчезла.
003927_RUSLAN|Месяца через два позвонила снова и говорит
003928_RUSLAN|Скоро будет готов черновой вариант.
003929_RUSLAN|Я пришлю вам копию.
003930_RUSLAN|Зачем? спрашиваю.
003931_RUSLAN|Я же не читаю по-английски.
003932_RUSLAN|Вас не интересует перевод?
003933_RUSLAN|Вы сможете показать его знакомым.
003934_RUSLAN|Как будто мои знакомые Хемингуэй и Фолкнер.
003935_RUSLAN|Пошлите, говорю, лучше в какой-нибудь журнал.
003936_RUSLAN|Откровенно говоря, я не питал иллюзий.
003937_RUSLAN|Вряд ли перевод окажется хорошим.
003938_RUSLAN|Ведь герои моих рассказов зэки, фарцовщики, спившаяся богема.
003939_RUSLAN|Все они разговаривают на диком жаргоне.
003940_RUSLAN|Большую часть всего этого даже моя жена не понимает.
003941_RUSLAN|Так что же говорить о юной американке?
003942_RUSLAN|Как, например, можно перевести такие выражения Игруля с Пердиловки. Или Бздиловатой конь породы. Или, допустим Все люди как люди, а ты как хрен на блюде. И так далее.
003943_RUSLAN|Я сказал переводчице
003944_RUSLAN|Мы должны обсудить некоторые финансовые проблемы.
003945_RUSLAN|Платить я сейчас не могу.
003946_RUSLAN|Я знаю Бродский говорил мне.
003947_RUSLAN|Если хотите, будем соавторами.
003948_RUSLAN|В случае успеха гонорар делим пополам.
003949_RUSLAN|Предложение было нахальное.
003950_RUSLAN|Какие уж там гонорары!
003951_RUSLAN|Если даже Бродский вынужден заниматься преподавательской работой.
003952_RUSLAN|Линн согласилась.
003953_RUSLAN|Кстати, это был единственный трезвый финансовый шаг, который я предпринял в Америке.
003954_RUSLAN|Мокер звонил нам каждый вечер.
003955_RUSLAN|Голос его звучал все менее уверенно.
003956_RUSLAN|Мы уже теряли надежду.
003957_RUSLAN|Да и стоило ли надеяться?
003958_RUSLAN|Работать по специальности в Америке!
003959_RUSLAN|Писать и говорить, что думаешь, на русском языке!
003960_RUSLAN|Да еще и получать небольшую зарплату!
003961_RUSLAN|Уж слишком фантастической казалась нам такая перспектива.
003962_RUSLAN|Выздоровевший Дроздов поступил на шоферские курсы.
003963_RUSLAN|Чтобы в дальнейшем арендовать такси.
003964_RUSLAN|Жена Вили Мокера работала сиделкой.
003965_RUSLAN|Моя жена продолжала служить в конторе у Боголюбова.
003966_RUSLAN|Диане Баскиной удалось получить небольшую стипендию.
003967_RUSLAN|Однажды мы пили чай у Баскина на кухне.
003968_RUSLAN|Вдруг зазвонил телефон.
003969_RUSLAN|Эрик снял трубку.
003970_RUSLAN|з уличного шума выплыл торжествующий голос Мокера
003971_RUSLAN|Я раздобыл деньги!
003972_RUSLAN|Звоню из автомата.
003973_RUSLAN|Сенсация, язвительно произнес Баскин, Виля Мокер раздобыл десять центов.
003974_RUSLAN|Болван! закричал Мокер.
003975_RUSLAN|Я достал шестнадцать тысяч!
003976_RUSLAN|Представь себе, шестнадцать тысяч!
003977_RUSLAN|Мы победили!..
003978_RUSLAN|Было такое ощущение, что Мокер слегка помешался.
003979_RUSLAN|Он так кричал, что мы все хорошо его слышали.
003980_RUSLAN|Баскин, морщась, отодвинул трубку.
003981_RUSLAN|Диана из кухни спросила
003982_RUSLAN|Чего он хочет?
003983_RUSLAN|А Мокер все не унимался
003984_RUSLAN|Мы просидели два часа в шикарном ресторане Блимпи.
003985_RUSLAN|Я почти не заглядывал в словарь.
003986_RUSLAN|Я был в ударе.
003987_RUSLAN|Даже официанты прислушивались к нашему разговору.
003988_RUSLAN|Наконец он сдался, протянул мне руку и воскликнул Фаин!
003989_RUSLAN|Ты хороший малый, Вилли!
003990_RUSLAN|Америка нуждается в тебе!..
003991_RUSLAN|Мокер запнулся и деликатно прибавил
003992_RUSLAN|И в твоих друзьях.
003993_RUSLAN|Так где же деньги? спросил Эрик Баскин.
003994_RUSLAN|Теоретически у нас в кармане.
003995_RUSLAN|Я чувствую, он даст!
003996_RUSLAN|Ларри Швейцер!
003997_RUSLAN|Кто такой Ларри Швейцер?
003998_RUSLAN|Это большой человек!
003999_RUSLAN|Настоящий капиталист!..
004000_RUSLAN|Я все объясню.
004001_RUSLAN|Не расходитесь.
004002_RUSLAN|Пошлите Дроздова за водкой.
004003_RUSLAN|Я беру машину.
004004_RUSLAN|Но у меня всего шесть долларов и токен.
004005_RUSLAN|Скиньтесь понемногу и ждите меня внизу.
004006_RUSLAN|Через полчаса я уже разливал водку.
004007_RUSLAN|Диана приготовила фирменный салат.
004008_RUSLAN|В салате были грибы, огурцы,
004009_RUSLAN|черносливы, редиска, но преобладали макароны.
004010_RUSLAN|Мокер говорил торопливо, сбивчиво и невнятно.
004011_RUSLAN|Вот что я усвоил из его рассказа.
004012_RUSLAN|Есть такой Ларри Швейцер.
004013_RUSLAN|Мокер познакомился с ним в еврейском центре.
004014_RUSLAN|Швейцер адвокат и бизнесмен.
004015_RUSLAN|Скупает разоренные кварталы в Бруклине.
004016_RUSLAN|Делает косметический ремонт.
004017_RUSLAN|И затем поселяет там русских эмигрантов.
004018_RUSLAN|То есть возрождает город.
004019_RUSLAN|При этом мечтает сыграть какую-то общественную роль.
004020_RUSLAN|А потом чуть ли не баллотироваться в Конгресс.
004021_RUSLAN|Для этого ему нужна общественная репутация.
004022_RUSLAN|Чтобы заслужить ее.
004023_RUSLAN|Швейцер учредил Комитет.
004024_RUSLAN|Задача Комитета оказание помощи российским беженцам.
004025_RUSLAN|Параллельно Швейцер организовал курсы английского языка и музей неофициальной советской живописи.
004026_RUSLAN|Мокер, кажется, сумел убедить Ларри Швейцера в необходимости еще одной русской газеты.
004027_RUSLAN|Причем Швейцеру вовсе не обязательно тратить собственные деньги.
004028_RUSLAN|Он может содействовать нам в получении долгосрочного займа.
004029_RUSLAN|Речь идет о пятнадцати двадцати тысячах.
004030_RUSLAN|Итак, газета нужна этому типу как выразительный штрих общественной репутации.
004031_RUSLAN|Швейцер и его родители американцы.
004032_RUSLAN|Но дед, естественно, из Кишинева.
004033_RUSLAN|Так что эмигрантские проблемы Швейцеру более или менее доступны.
004034_RUSLAN|Мокер перевел дыхание.
004035_RUSLAN|Мы боялись верить.
004036_RUSLAN|Эрик Баскин сказал
004037_RUSLAN|По-моему, рано бить в литавры.
004038_RUSLAN|Дождемся окончательного решения вопроса.
004039_RUSLAN|Но выпьем-то мы уже сейчас?
004040_RUSLAN|забеспокоился Дроздов.
004041_RUSLAN|Возражений. говорю, не имеется.
004042_RUSLAN|Как это ни удивительно, деньги мы все же получили шестнадцать тысяч.
004043_RUSLAN|Я спросил у Мокера
004044_RUSLAN|А почему не двадцать?
004045_RUSLAN|Или не пятнадцать?
004046_RUSLAN|Мокер ответил, что круглая сумма это всегда подозрительно.
004047_RUSLAN|А в шестнадцати тысячах ощущается строгий расчет.
004048_RUSLAN|СОЛО НА УНДЕРВУДЕ
004049_RUSLAN|Мой приятель Валерий Грубин деньги на водку занимал своеобразно.
004050_RUSLAN|Я уже должен вам тридцать рублей.
004051_RUSLAN|Одолжите еще пятерку для ровного счета.
004052_RUSLAN|Таинственный Ларри Швейцер захотел с нами познакомиться.
004053_RUSLAN|Мы приехали в его служебный офис.
004054_RUSLAN|Это были две небольшие комнаты, заваленные всяким хламом.
004055_RUSLAN|Баскин разочарованно поморщился.
004056_RUSLAN|Но Мокер объяснил ему
004057_RUSLAN|Миллионеры здесь не любят выделяться.
004058_RUSLAN|В Мерседесах разъезжают только гангстеры и сутенеры.
004059_RUSLAN|А настоящие богачи стараются выглядеть поскромнее.
004060_RUSLAN|Наверное, меня все принимают за богача.
004061_RUSLAN|Поскольку мои единственные брюки лопнули на заднице.
004062_RUSLAN|Но тут появился Ларри Швейцер.
004063_RUSLAN|Мокер стал представлять нас.
004064_RUSLAN|Баскина и Дроздова он назвал знаменитыми журналистами, а меня знаменитым писателем.
004065_RUSLAN|Каждый раз Ларри дружелюбно восклицал О!.. Это был подвижный рыжеватый человек лет сорока.
004066_RUSLAN|На его кремовых брюках выделялась ровная складка.
004067_RUSLAN|Коричневые туфли блестели.
004068_RUSLAN|Зеленая бобочка облегала не слишком тощую поясницу.
004069_RUSLAN|В Ленинграде так одеваются продавцы комиссионных магазинов.
004070_RUSLAN|Ларри куда-то позвонил.
004071_RUSLAN|Через минуту нам принесли бутерброды и кофе.
004072_RUSLAN|Виля Мокер торжествующе взглянул на Баскина.
004073_RUSLAN|Мол, что я говорил?!
004074_RUSLAN|Солидная фирма.
004075_RUSLAN|Дроздов предложил
004076_RUSLAN|Может, сбегать за водкой?
004077_RUSLAN|Этого еще не хватало!
004078_RUSLAN|прикрикнул Мокер.
004079_RUSLAN|Ларри достал блокнот, калькулятор и авторучку.
004080_RUSLAN|Потом сказал
004081_RUSLAN|Я очень рад, что познакомился с вами.
004082_RUSLAN|Америке нужны талантливые люди.
004083_RUSLAN|Я говорил с друзьями.
004084_RUSLAN|Я думаю, вы можете получить ссуду на издание еврейской газеты.
004085_RUSLAN|Но это должна быть именно еврейская газета.
004086_RUSLAN|Еврейская газета на русском языке для беженцев из Союза.
004087_RUSLAN|Цель такой газеты приблизить читателей к еврейскому Богу и сионистским традициям.
004088_RUSLAN|Я попытался возразить
004089_RUSLAN|Нельзя ли использовать более общую формулировку?
004090_RUSLAN|Например, газета третьей эмиграции?
004091_RUSLAN|Без ударения на еврействе.
004092_RUSLAN|А еще лучше вообще не указывать, кто мы такие.
004093_RUSLAN|Издавать еженедельник для всех, кто читает по-русски.
004094_RUSLAN|Уделяя, разумеется, при этом место и еврейскому вопросу.
004095_RUSLAN|Так мы соберем наибольшее число подписчиков.
004096_RUSLAN|Но ведь бегут из России, главным образом, евреи?
004097_RUSLAN|удивился Ларри.
004098_RUSLAN|Уехало довольно много русских, грузин, прибалтийцев.
004099_RUSLAN|Не говоря о смешанных браках.
004100_RUSLAN|Кроме того, советские евреи не очень религиозны.
004101_RUSLAN|Большая часть еврейской интеллигенции воспитана на русской литературе.
004102_RUSLAN|Пока я говорил все это, Мокер страшно нервничал.
004103_RUSLAN|Он делал мне знаки.
004104_RUSLAN|Затем с нежнейшей улыбкой выговорил по-русски
004105_RUSLAN|Заткнись, мудак, ты все испортишь, чучело гороховое, антисемит проклятый!..
004106_RUSLAN|Но меня поддержал Баскин
004107_RUSLAN|Еврейскую газету покупать не будут.
004108_RUSLAN|В этом есть что-то местечковое.
004109_RUSLAN|И вообще, я не люблю, когда мне ставят условия.
004110_RUSLAN|Интересно, возмутился Мокер, с каких это пор?
004111_RUSLAN|А в московских газетах тебе не ставили условий?
004112_RUSLAN|Потому-то я и уехал, возразил Баскин.
004113_RUSLAN|Дроздов безмолвствовал.
004114_RUSLAN|Он пил кофе и ел бутерброды.
004115_RUSLAN|Мокер сказал
004116_RUSLAN|Одну минутку, Ларри.
004117_RUSLAN|И затем, обращаясь к нам, с едва заметным бешенством
004118_RUSLAN|Вы просто идиоты!
004119_RUSLAN|Человек готов нам помочь.
004120_RUSLAN|Он хочет, чтобы газета была еврейской.
004121_RUSLAN|Укажем сбоку микроскопическими буквами Еврейская газета на русском языке, и все.
004122_RUSLAN|Будем раз в год давать материалы по еврейской истории.
004123_RUSLAN|Отмечать большие праздники.
004124_RUSLAN|Что же тут плохого?
004125_RUSLAN|В конце концов, большинство из нас действительно евреи.
004126_RUSLAN|А главное, иначе денег не получим.
004127_RUSLAN|Лично мне все равно, отозвался Дроздов.
004128_RUSLAN|Баскин махнул рукой.
004129_RUSLAN|Мокер сказал
004130_RUSLAN|Извини, Ларри!
004131_RUSLAN|Мои друзья уже рвутся в бой.
004132_RUSLAN|Обсуждают конкретные творческие проблемы.
004133_RUSLAN|Нам кажется, еврейская газета должна быть яркой, талантливой, увлекательной.
004134_RUSLAN|Повело, говорю, кота на блядки!
004135_RUSLAN|Что? заинтересовался Ларри.
004136_RUSLAN|Непереводимая игра слов, быстро пояснил Мокер.
004137_RUSLAN|Значит, сказал Ларри Швейцер, в общих чертах мы договорились.
004138_RUSLAN|В ДЖУНГЛЯХ КАПИТАЛА
004139_RUSLAN|На следующее утро мы получили деньги.
004140_RUSLAN|Для начала шесть с половиной тысяч.
004141_RUSLAN|Тогда нам казалось, что это гигантская сумма.
004142_RUSLAN|А впрочем, так оно и было.
004143_RUSLAN|Мы открыли счет в банке.
004144_RUSLAN|Зарегистрировали нашу корпорацию.
004145_RUSLAN|Отправились в Манхеттен снимать помещение.
004146_RUSLAN|В тот же день мы заняли две комнаты на углу Бродвея и Четырнадцатой.
004147_RUSLAN|Строго напротив публичного дома Веселые устрицы.
004148_RUSLAN|Неподалеку в сквере шла бойкая торговля марихуаной.
004149_RUSLAN|И все-таки мы были счастливы.
004150_RUSLAN|Ведь это была наша редакция.
004151_RUSLAN|По такому случаю мы организовали вечеринку.
004152_RUSLAN|Выпивали, сидя на полу, порожние бутылки ставили в угол.
004153_RUSLAN|Они появились в нашей редакции задолго до электрической лампы, телефона, календаря и наборной машины.
004154_RUSLAN|Допивали в полной темноте.
004155_RUSLAN|Мокер разливал вино на слух.
004156_RUSLAN|Теперь я понимаю это были лучшие дни моей жизни.
004157_RUSLAN|Мы покупали оборудование на распродажах.
004158_RUSLAN|Заказывали монтажные верстаки и компьютеры с русской программой.
004159_RUSLAN|Вели переговоры с будущими авторами.
004160_RUSLAN|С кадрами проблем не ожидалось.
004161_RUSLAN|Неустроенных интеллектуалов было вполне достаточно.
004162_RUSLAN|Из одних докторов наук можно было сколотить приличную футбольную команду.
004163_RUSLAN|Десятки журналистов предлагали нам свои услуги.
004164_RUSLAN|О нас заговорили.
004165_RUSLAN|Причем не только с любовью.
004166_RUSLAN|В русской колонии циркулировали тревожные слухи.
004167_RUSLAN|Например, о том, что деньги мы получили в кэгэбэ.
004168_RUSLAN|Я рассказал об этом Мокеру.
004169_RUSLAN|Виля страшно обрадовался
004170_RUSLAN|Это прекрасно, что нас считают агентами кэгэбэ.
004171_RUSLAN|Пусть думают, что за нами стоит могущественная организация.
004172_RUSLAN|Это повысит наш кредит.
004173_RUSLAN|Однако мы все же предприняли небольшое расследование.
004174_RUSLAN|Выяснилось, что легенды о нас распространяет Слово и дело.
004175_RUSLAN|Боголюбов в разговоре с посетителями делал таинственные намеки.
004176_RUSLAN|Появилась, мол, в Нью-Йорке группа авантюристов.
004177_RUSLAN|Намерена вроде бы издавать коммунистический еженедельник.
004178_RUSLAN|Довлатова недавно видели около советского посольства.
004179_RUSLAN|И так далее.
004180_RUSLAN|А слухи распространяются быстро.
004181_RUSLAN|Все это меня удивило.
004182_RUSLAN|О конкуренции я просто не думал.
004183_RUSLAN|Разумеется, мы знали, что в Америке существует конкуренция.
004184_RUSLAN|Но это касалось производства автомобилей, ботинок, сигар.
004185_RUSLAN|Мы же хотели выпускать демократическую независимую газету.
004186_RUSLAN|То есть участвовать в культурной жизни.
004187_RUSLAN|Просвещать наших многострадальных соотечественников.
004188_RUSLAN|Пропагандировать серьезное искусство.
004189_RUSLAN|Бороться за чистоту русского языка.
004190_RUSLAN|И, как неизменно добавлял Эрик Баскин, рассказывать миру правду о тоталитаризме.
004191_RUSLAN|И вдруг такое отношение.
004192_RUSLAN|Позже мы убедимся, что Америка не рай.
004193_RUSLAN|И это будет нашим главным открытием.
004194_RUSLAN|Мы убедимся, что свобода равно благосклонна к дурному и хорошему.
004195_RUSLAN|Под ее лучами одинаково быстро расцветают гладиолусы и марихуана.
004196_RUSLAN|Все это мы узнаем позже.
004197_RUSLAN|А тогда я был наивным младенцем.
004198_RUSLAN|Я следовал принципу обратной логики.
004199_RUSLAN|То, что плохо у нас, должно быть замечательно в Америке.
004200_RUSLAN|Там цензура и портвейн, здесь свобода и коньяк.
004201_RUSLAN|Америка была для нас идеей рая.
004202_RUSLAN|Поскольку рай это, в сущности, то, чего мы лишены.
004203_RUSLAN|В Союзе меня не печатали.
004204_RUSLAN|Значит, тут я превращусь в Арта Бухвальда.
004205_RUSLAN|Мы говорили, уезжая Я выбрал свободу!  При этом наши глаза взволнованно блестели.
004206_RUSLAN|Ибо свободу мы понимали как абсолютное и неоспоримое благо.
004207_RUSLAN|Как нечто обратное тоталитарной зоне.
004208_RUSLAN|Подобное чувство характерно для зэков, которые глядят на мир сквозь тюремную решетку.
004209_RUSLAN|А также для инвалидов, которых санитары нехотя подвозят к больничному окну.
004210_RUSLAN|Свобода представлялась нам раем.
004211_RUSLAN|Головокружительным попурри из доброкачественного мяса, запрещенной литературы, пластинок Колтрейна и сексуальной революции.
004212_RUSLAN|И вдруг, повторяю, такое странное отношение.
004213_RUSLAN|Мы решили обратиться к самому Боголюбову.
004214_RUSLAN|Все же он был когда-то знаком с Набоковым, Джойсом, Пикассо.
004215_RUSLAN|Должны же в нем были сохраниться остатки человечности?!
004216_RUSLAN|И вообще, если советские редакторы шакалы, то здесь они должны быть, как минимум, похожи на людей!
004217_RUSLAN|Боголюбов делегацию не принял.
004218_RUSLAN|Рекламировать наш еженедельник отказался.
004219_RUSLAN|А когда вышел первый номер, уволил из своей редакции мою жену.
004220_RUSLAN|Она казалась ему лазутчицей, шпионкой.
004221_RUSLAN|СОЛО НА УНДЕРВУДЕ
004222_RUSLAN|Недавно Боголюбов говорил мне
004223_RUSLAN|Скажите, как поживает ваша жена Леночка?
004224_RUSLAN|Она всегда такая бледная.
004225_RUSLAN|Мы все ей так сочувствуем.
004226_RUSLAN|Борис Исаевич!
004227_RUSLAN|как вы ее уволили. мы живем хорошо.
004228_RUSLAN|Первый номер еженедельника Зеркало вышел шестнадцатого февраля.
004229_RUSLAN|Он произвел небольшой фурор.
004230_RUSLAN|Шестьдесят лет Слово и дело властвовало над умами читателей.
004231_RUSLAN|Шестьдесят лет прославляло монархию.
004232_RUSLAN|Шестьдесят лет билось над загадкой советской власти.
004233_RUSLAN|Шестьдесят лет пользовалось языком Ломоносова, Державина и Марлинского.
004234_RUSLAN|Шестьдесят лет ожидало мифического религиозного возрождения.
004235_RUSLAN|Эти люди не знали главного.
004236_RUSLAN|Они не знали, что старая Россия давно погибла.
004237_RUSLAN|Что коммунизм есть результат длительного биологического отбора.
004238_RUSLAN|Что советская власть не форма правления, а образ жизни многомиллионного государства.
004239_RUSLAN|Что религиозное возрождение затронуло пятьсот интеллигентов Москвы, Ленинграда и Киева.
004240_RUSLAN|Им казалось, что газета должна быть мрачной.
004241_RUSLAN|Поскольку мрачность издалека напоминает величие духа.
004242_RUSLAN|И тут появились мы, усатые разбойники в джинсах.
004243_RUSLAN|И заговорили с публикой на более или менее живом человеческом языке.
004244_RUSLAN|Мы позволяли себе шутить, иронизировать.
004245_RUSLAN|И более того смеяться.
004246_RUSLAN|Смеяться над русофобами и антисемитами.
004247_RUSLAN|Над лжепророками и псевдомучениками.
004248_RUSLAN|Над велеречивой тупостью и змеиным ханжеством.
004249_RUSLAN|Над воинствующими атеистами и религиозными кликушами.
004250_RUSLAN|А главное, заметьте, над собой!
004251_RUSLAN|Мы заявили в полный голос Еженедельник Зеркало независимая свободная трибуна.
004252_RUSLAN|Он выражает различные, иногда диаметрально противоположные точки зрения.
004253_RUSLAN|Выводы читатель делает сам.
004254_RUSLAN|Редакция несет ответственность лишь за уровень дискуссии. Из сотни авторов мы выбрали лучших.
004255_RUSLAN|Всех тех, кого отказывалось печатать Слово и дело.
004256_RUSLAN|Остальные стали нашими злейшими врагами.
004257_RUSLAN|Месяца два прошло в атмосфере безграничного энтузиазма.
004258_RUSLAN|Число подписчиков и рекламодателей увеличивалось с каждым днем.
004259_RUSLAN|В интеллигентных компаниях только о нас и говорили.
004260_RUSLAN|Одновременно раздавались и негодующие выкрики
004261_RUSLAN|Черносотенцы!
004262_RUSLAN|Агенты госбезопасности!
004263_RUSLAN|Прислужники мирового сионизма!
004264_RUSLAN|СОЛО НА УНДЕРВУДЕ
004265_RUSLAN|Старый друг позвонил мне из Франции
004266_RUSLAN|Говорят, ты стал правоверным евреем!
004267_RUSLAN|И даже сделал обрезание!
004268_RUSLAN|Я не стал правоверным евреем.
004269_RUSLAN|И вовсе не сделал обрезания.
004270_RUSLAN|Я могу это доказать.
004271_RUSLAN|Я не в состоянии протянуть тебе мое доказательство через океан.
004272_RUSLAN|Но я готов предъявить его в Нью-Йорке твоему доверенному лицу.
004273_RUSLAN|Каждое утро мы распечатывали десятки писем.
004274_RUSLAN|В основном это были чеки и дружеские пожелания.
004275_RUSLAN|Но попадались и грубые отповеди.
004276_RUSLAN|В одном письме меня называли клянусь!
004277_RUSLAN|учеником Риббентропа, Жаботинского, Бубера и Арафата.
004278_RUSLAN|В другом какой-то ненормальный интересовался, правда ли, что я, будучи охранником, физически мучил Солженицына.
004279_RUSLAN|Хотя, когда Солженицына посадили, мне было три года.
004280_RUSLAN|В охрану же я попал через двадцать лет.
004281_RUSLAN|Когда Солженицына уже выдвинули на Ленинскую премию.
004282_RUSLAN|Короче, шум стоял невообразимый.
004283_RUSLAN|Повторяю, это были лучшие дни моей жизни.
004284_RUSLAN|ВСТРЕТИЛИСЬ, ПОГОВОРИЛИ
004285_RUSLAN|Зимой я наконец познакомился с Линн Фарбер.
004286_RUSLAN|Линн позвонила и говорит
004287_RUSLAN|Я отослала перевод в Ньюйоркер.
004288_RUSLAN|Им понравилось.
004289_RUSLAN|Через два-три месяца рассказ будет напечатан.
004290_RUSLAN|Ньюйоркер это газета?
004291_RUSLAN|Линн растерялась от моего невежества
004292_RUSLAN|Ньюйоркер один из самых популярных журналов Америки.
004293_RUSLAN|Они заплатят вам несколько тысяч!
004294_RUSLAN|Честно говоря, я даже не удивился.
004295_RUSLAN|Слишком долго я всего этого ждал.
004296_RUSLAN|Мы решили встретиться на углу Бродвея и Сороковой.
004297_RUSLAN|Линн предупредила
004298_RUSLAN|В руках у меня будет коричневая сумочка.
004299_RUSLAN|А меня часто путают с небоскребом Утюг.
004300_RUSLAN|Я пришел ровно в шесть.
004301_RUSLAN|По Бродвею двигалась шумная, нескончаемая толпа.
004302_RUSLAN|Я убедился, что коричневая сумочка не очень выразительная примета.
004303_RUSLAN|Слава Богу, меня заранее предупредили, что Линн Фарбер красивая.
004304_RUSLAN|Типичная Мадонна Боттичелли.
004305_RUSLAN|В живописи я разбираюсь слабо.
004306_RUSLAN|Точнее говоря, совсем не разбираюсь.
004307_RUSLAN|С музыкой дело обстоит не лучше.
004308_RUSLAN|Но имя Боттичелли слышал.
004309_RUSLAN|Ассоциаций не вызывает.
004310_RUSLAN|Так мне казалось.
004311_RUSLAN|И вдруг я ее узнал, причем безошибочно, сразу.
004312_RUSLAN|Настолько, что преградил ей дорогу.
004313_RUSLAN|Наверное, Боттичелли жил в моем подсознании.
004314_RUSLAN|И, когда понадобилось, выплыл.
004315_RUSLAN|Действительно Мадонна.
004316_RUSLAN|Приветливая улыбка, ясный взгляд.
004317_RUSLAN|Казалось бы, ну что тут особенного?!
004318_RUSLAN|А в жизни это попадается так редко!
004319_RUSLAN|Надо ли говорить, что я сразу решил жениться?
004320_RUSLAN|Забыв обо всем на свете.
004321_RUSLAN|Что может быть разумнее жениться на собственной переводчице?
004322_RUSLAN|Затем состоялся примерно такой диалог
004323_RUSLAN|Здравствуйте, я Линн фарбер.
004324_RUSLAN|Очень приятно.
004325_RUSLAN|Видно, я здорово растерялся.
004326_RUSLAN|Огромный гонорар, Ньюйоркер, юная блондинка.
004327_RUSLAN|Неужели все это происходит со мной?!
004328_RUSLAN|Мы шли по Сороковой улице.
004329_RUSLAN|Я распахнул дверь полутемного бара.
004330_RUSLAN|Выкрикнул что-то размашистое.
004331_RUSLAN|То ли К цыганам, то ли В пампасы.
004332_RUSLAN|Я изображал неистового русского медведя.
004333_RUSLAN|Я обратился к бармену
004334_RUSLAN|Водки, пожалуйста.
004335_RUSLAN|Шесть двойных!
004336_RUSLAN|Вы кого-то ждете?
004337_RUSLAN|поинтересовался бармен.
004338_RUSLAN|Да, ответила моя знакомая, скоро явится вся баскетбольная команда…
004339_RUSLAN|Линн Фарбер молчала.
004340_RUSLAN|Хотя в самом ее молчании было нечто конструктивное.
004341_RUSLAN|Другая бы непременно высказалась
004342_RUSLAN|А то уже хорош!
004343_RUSLAN|Кстати, в баре и закусывать-то нечем.
004344_RUSLAN|Молчит и улыбается.
004345_RUSLAN|На следующих четырех двойных я подъехал к теме одиночества.
004346_RUSLAN|Тема, как известно, неисчерпаемая.
004347_RUSLAN|Чего другого, а вот одиночества хватает.
004348_RUSLAN|Деньги, скажем, у меня быстро кончаются, одиночество никогда.
004349_RUSLAN|А девушка все молчала.
004350_RUSLAN|Пока я о чем-то не спросил.
004351_RUSLAN|Пока не сказал чего-то лишнего.
004352_RUSLAN|Бывает, знаете, сидишь на перилах, тихонько раскачиваясь.
004353_RUSLAN|Лишний миллиметр, и центр тяжести уже где-то позади.
004354_RUSLAN|Еще секунда, и окунешься в пустоту.
004355_RUSLAN|Тут важно немедленно остановиться.
004356_RUSLAN|И я остановился.
004357_RUSLAN|Но еще раньше прозвучало имя Дэннис.
004358_RUSLAN|Дэннис Блэкли муж или жених.
004359_RUSLAN|Вскоре мы с ним познакомились.
004360_RUSLAN|Ясный взгляд, открытое лицо.
004361_RUSLAN|И совершенно детская улыбка.
004362_RUSLAN|Как это они друг друга находят?!
004363_RUSLAN|Ладно, подумал я, ограничимся совместной творческой работой.
004364_RUSLAN|Не так обидно, когда блондинка исчезает с хорошим человеком.
004365_RUSLAN|Каждое утро мы дружно отправлялись в редакцию.
004366_RUSLAN|Командные посты у нас распределились следующим образом.
004367_RUSLAN|Мокер стал президентом корпорации, администратором и главным редактором.
004368_RUSLAN|Я заведовал литературным отделом.
004369_RUSLAN|Баскин отвечал за спорт и публицистику.
004370_RUSLAN|Дроздов был работником широкого профиля.
004371_RUSLAN|Он выступал на любые темы, давал финансовые консультации, рекламировал медицинские препараты.
004372_RUSLAN|Кроме того, убирал помещение и бегал за водкой.
004373_RUSLAN|Да еще ухаживал за тремя женщинами секретаршей, машинисткой и переводчицей.
004374_RUSLAN|Все мы трудились бесплатно.
004375_RUSLAN|Мокера и Баскина кормили жены.
004376_RUSLAN|Моей жене, как безработной, выдали пособие.
004377_RUSLAN|Дроздов обедал у своих многочисленных подруг.
004378_RUSLAN|А также гулял с чужой собакой и получал велфер.
004379_RUSLAN|СОЛО НА УНДЕРВУДЕ
004380_RUSLAN|Как-то Дроздов похитил, банку анчоусов в супермаркете.
004381_RUSLAN|Баскин его отчитал.
004382_RUSLAN|Дроздов оправдывался
004383_RUSLAN|Это моя личная борьба с инфляцией!..
004384_RUSLAN|Доходов газета не приносила.
004385_RUSLAN|Виля Мокер объяснял нам
004386_RUSLAN|Мы должны продержаться год.
004387_RUSLAN|Это самое трудное время.
004388_RUSLAN|Небольшие предприятия гибнут обычно в течение шести или семи месяцев.
004389_RUSLAN|В газете есть три источника дохода.
004390_RUSLAN|Подписка, розница и объявления.
004391_RUSLAN|Подписка это миф.
004392_RUSLAN|Это деньги, которые мы, в сущности, занимаем у читателя.
004393_RUSLAN|Розница дает гроши тридцать пять центов с экземпляра.
004394_RUSLAN|Чистые деньги приносят только рекламные объявления.
004395_RUSLAN|На этом держатся все западные газеты.
004396_RUSLAN|Но получить рекламу довольно трудно.
004397_RUSLAN|Американцев русский еженедельник не интересует.
004398_RUSLAN|А наши деятели целиком зависят от Боголюбова.
004399_RUSLAN|Он дает им скидку, лишь бы не рекламировались в Зеркале.
004400_RUSLAN|Боголюбов говорит им С кем вы имеете дело?
004401_RUSLAN|С агентами Кремля?!.. Мокер не фантазировал.
004402_RUSLAN|К сожалению, так оно и было.
004403_RUSLAN|Кроме всего прочего, редактор Слова и дела звонил нашим авторам.
004404_RUSLAN|Угрожал, что перестанет рекламировать их книги.
004405_RUSLAN|При этом клялся, что скоро увеличит гонорары.
004406_RUSLAN|Многие были вынуждены подчиниться.
004407_RUSLAN|Боялись испортить отношения с влиятельной ежедневной газетой.
004408_RUSLAN|Боголюбов говорил о нас
004409_RUSLAN|Диссидентов мы тут не потерпим!
004410_RUSLAN|Спрашивается, почему же их должен был терпеть Андропов в Москве?..
004411_RUSLAN|И все-таки популярность нашей газеты росла.
004412_RUSLAN|Мы побуждали читателей к спорам.
004413_RUSLAN|Касались запрещенных тем.
004414_RUSLAN|Например, позволяли себе критиковать Америку.
004415_RUSLAN|Поклонников у нас становилось все больше.
004416_RUSLAN|Но и количество противников росло.
004417_RUSLAN|Помню, мы опубликовали в Зеркале рецензию на книгу Солженицына.
004418_RUSLAN|И были в ней помимо дифирамбов мягкие критические замечания.
004419_RUSLAN|Боже, какой начался шум!
004420_RUSLAN|Кто смел замахнуться на пророка?!
004421_RUSLAN|Его особа священна!
004422_RUSLAN|Его идеи вне критики!..
004423_RUSLAN|Десятилетия эти болваны молились Ленину.
004424_RUSLAN|А теперь готовы крушить монументы, ими самими воздвигнутые.
004425_RUSLAN|Казалось бы, свобода мнений великое завоевание демократии.
004426_RUSLAN|Да здравствует свобода мнений!..
004427_RUSLAN|С легкой оговоркой для тех, чье мнение я разделяю.
004428_RUSLAN|А как быть с теми, чьего мнения я не разделяю?
004429_RUSLAN|Люди уехали, чтобы реализовать свои законные права.
004430_RUSLAN|Право на творчество.
004431_RUSLAN|Право на материальный достаток.
004432_RUSLAN|И в том числе священное право быть неправым.
004433_RUSLAN|Право на заблуждение!
004434_RUSLAN|Дома тех, кто был не прав, убивали.
004435_RUSLAN|Ссылали в лагеря.
004436_RUSLAN|Выгоняли с работы.
004437_RUSLAN|Но сейчас-то мы в Америке.
004438_RUSLAN|Кругом свобода, а мы за решеткой.
004439_RUSLAN|За решеткой своей отвратительной нетерпимости.
004440_RUSLAN|Четыре телефона было в нашей редакции.
004441_RUSLAN|И все они звонили беспрерывно.
004442_RUSLAN|Иногда мы выслушивали комплименты.
004443_RUSLAN|Гораздо чаще обвинения и жалобы.
004444_RUSLAN|Видимо, негативные эмоции сильнее.
004445_RUSLAN|Со временем мне надоело оправдываться.
004446_RUSLAN|Пускай думают, что именно я отравил госпожу Бовари.
004447_RUSLAN|Так прошло месяцев шесть.
004448_RUSLAN|Мы побывали в Чикаго, Детройте, Бостоне, Филадельфии.
004449_RUSLAN|Встречали нас очень хорошо.
004450_RUSLAN|Наши поклонники образовали что-то вроде секты.
004451_RUSLAN|Мы по-прежнему были главной темой разговоров в эмиграции.
004452_RUSLAN|При этом еженедельно теряли долларов четыреста.
004453_RUSLAN|Денег оставалось все меньше.
004454_RUSLAN|Но мы все равно ликовали.
004455_RUSLAN|ЛИРИЧЕСКОЕ ОТСТУПЛЕНИЕ
004456_RUSLAN|В Америке нас поразило многое.
004457_RUSLAN|Телефоны без проводов и съедобные дамские штанишки.
004458_RUSLAN|Улыбающиеся полицейские и карикатуры на Рейгана.
004459_RUSLAN|Чему-то радуемся, чему-то ужасаемся.
004460_RUSLAN|Ругаем инфляцию, грязь в метро, нью-йоркский климат, чернокожих подростков с транзисторами.
004461_RUSLAN|И конечно же, достается от нас тараканам.
004462_RUSLAN|Тараканы занимают среди язв капитализма весьма достойное место.
004463_RUSLAN|Вообразите шкалу негативных эмоций.
004464_RUSLAN|На этой шкале тараканы располагаются, я думаю, между преступностью и гнусными бумажными спичками.
004465_RUSLAN|Чуть ниже безработицы и чуть выше марихуаны.
004466_RUSLAN|Кто скажет, что мы выросли неженками?
004467_RUSLAN|Дома было всякое.
004468_RUSLAN|Дома было хамство и лицемерие.
004469_RUSLAN|кэгэбэ и цензура.
004470_RUSLAN|Коммунальные жилища и очереди за мылом.
004471_RUSLAN|А вот тараканов не было.
004472_RUSLAN|Я их что-то не припомню.
004473_RUSLAN|Хотя жить приходилось в самых разных условиях.
004474_RUSLAN|Однажды я снял комнату во Пскове.
004475_RUSLAN|Ко мне через щели в полу заходили бездомные собаки.
004476_RUSLAN|А тараканов, повторяю, не было.
004477_RUSLAN|Может, я их просто не замечал?
004478_RUSLAN|Может, их заслоняли более крупные хищники?
004479_RUSLAN|Вроде уцелевших сталинистов?
004480_RUSLAN|Короче, приехали мы, осмотрелись.
004481_RUSLAN|И поднялся ужасный крик
004482_RUSLAN|Нет спасения от тараканов!
004483_RUSLAN|Лезут, гады, изо всех щелей!
004484_RUSLAN|Ну и Америка!
004485_RUSLAN|А еще цивилизованная страна!
004486_RUSLAN|Начались бои с применением химического оружия.
004487_RUSLAN|Заливаем комнаты всякой ядовитой дрянью.
004488_RUSLAN|Вроде бы и зверя нет страшнее таракана!
004489_RUSLAN|Совсем разочаровал нас проклятый капитализм!
004490_RUSLAN|А между тем кто видел здесь червивое яблоко?
004491_RUSLAN|Хотя бы одну гнилую картофелину?
004492_RUSLAN|Не говоря уже о старых большевиках.
004493_RUSLAN|И вообще, чем провинились тараканы?
004494_RUSLAN|Может, таракан вас когда-нибудь укусил?
004495_RUSLAN|Или оскорбил ваше национальное достоинство?
004496_RUSLAN|Ведь нет же.
004497_RUSLAN|Таракан безобиден и по-своему элегантен.
004498_RUSLAN|В нем есть стремительная пластика маленького гоночного автомобиля.
004499_RUSLAN|Таракан не в пример комару молчалив.
004500_RUSLAN|Кто слышал, чтобы таракан повысил голос?
004501_RUSLAN|Таракан знает свое место и редко покидает кухню.
004502_RUSLAN|Таракан не пахнет.
004503_RUSLAN|Наоборот, борцы с тараканами оскверняют жилище гнусным запахом химикатов.
004504_RUSLAN|Мне кажется, всего этого достаточно, чтобы примириться с тараканами.
004505_RUSLAN|Полюбить это слишком.
004506_RUSLAN|Но примириться, я думаю, можно.
004507_RUSLAN|Я, например, мирюсь.
004508_RUSLAN|И надеюсь, что это взаимно.
004509_RUSLAN|БОГОЛЮБОВ ТОПАЕТ НОГАМИ
004510_RUSLAN|Редактор Слова и дела без конца шельмовал нас в частном порядке.
004511_RUSLAN|Газета его хранила молчание.
004512_RUSLAN|Напасть открыто значило бы дать рекламу конкуренту.
004513_RUSLAN|Да еще бесплатную.
004514_RUSLAN|Мы же то и дело выступали с критикой.
004515_RUSLAN|И Боголюбов не выдержал.
004516_RUSLAN|Он написал большую редакционную статью Доколе? .
004517_RUSLAN|Зеркало в этой статье именовалось грязным бульварным листком.
004518_RUSLAN|А я бывшим вертухаем.
004519_RUSLAN|Речь в статье, естественно, шла о том, что мы продались кэгэбэ.
004520_RUSLAN|В ответ я написал
004521_RUSLAN|ОТКРЫТОЕ ПИСЬМО
004522_RUSLAN|редактору газеты Слово и дело
004523_RUSLAN|Уважаемый господин Боголюбов!
004524_RUSLAN|Я прочитал вашу статью Доколе?
004525_RUSLAN|Мне кажется, она знаменует собой новый этап вашей публицистической деятельности.
004526_RUSLAN|И потому заслуживает серьезного внимания.
004527_RUSLAN|Статья написана абсолютно чуждым вам языком.
004528_RUSLAN|Она напориста и агрессивна.
004529_RUSLAN|Более того, в ней попадаются словечки из уголовно-милицейского жаргона.
004530_RUSLAN|/Например, вертухай, как вы соизволили дружески меня поименовать.
004531_RUSLAN|И я бесхитростно радуюсь этому, как сторонник живого, незакрепощенного литературного языка.
004532_RUSLAN|Я оставляю без внимания попытки унизить меня, моих друзей и наш еженедельник.
004533_RUSLAN|Отказываюсь реагировать на грубые передержки, фантастические домыслы и цитируемые вами сплетни.
004534_RUSLAN|Я оставляю без последствий нанесенные мне оскорбления.
004535_RUSLAN|Я к этому привык.
004536_RUSLAN|К этому меня приучили в стране, где хамство является нормой.
004537_RUSLAN|Где за вежливым обращением чудится подвох.
004538_RUSLAN|Где душевная мягкость воспринимается как слабоумие.
004539_RUSLAN|Кем я только не был в жизни!
004540_RUSLAN|Стилягой и жидовской мордой.
004541_RUSLAN|Агентом сионизма и фашиствующим молодчиком.
004542_RUSLAN|Моральным разложенцем и политическим диверсантом.
004543_RUSLAN|Мало того, я сын армянки и еврея был размашисто заклеймен в печати как эстонский националист.
004544_RUSLAN|В результате я закалился и давно уже не требую церемонного отношения к себе.
004545_RUSLAN|Что-то подобное я могу сказать и о нашей газете.
004546_RUSLAN|Мы не хризантема.
004547_RUSLAN|Нас можно изредка вытаскивать с корнем, чтобы убедиться, правильно ли мы растем.
004548_RUSLAN|Мне кажется, нам это даже полезно.
004549_RUSLAN|Короче, быть резким ваше право старшего, или, если хотите, право мэтра.
004550_RUSLAN|Таким образом, меня не унижает форма ваших слово изъявлений.
004551_RUSLAN|Меня интересует не форма, а суть.
004552_RUSLAN|Что же так неожиданно вывело из равновесия умного, интеллигентного, пожилого господина?
004553_RUSLAN|Что заставило его нарушить обет молчания?
004554_RUSLAN|Что побудило его ругаться и топать ногами, опускаясь до лагерной фени?
004555_RUSLAN|Чем мы так досадили вам, господин Боголюбов?
004556_RUSLAN|Я могу ответить на этот вопрос.
004557_RUSLAN|Мы досадили вам фактом нашего существования.
004558_RUSLAN|До семидесятого года в эмиграции царил относительный порядок.
004559_RUSLAN|Отшумели прения и споры.
004560_RUSLAN|Распределились должности и звания.
004561_RUSLAN|Лавровые венки повисли на заслуженных шеях.
004562_RUSLAN|Затем накатила третья волна эмиграции.
004563_RUSLAN|Как и всякая человеческая общность, мы разнородны.
004564_RUSLAN|Среди нас есть грешники и праведники.
004565_RUSLAN|Светила математики и герои черного рынка.
004566_RUSLAN|Скрипачи и наркоманы.
004567_RUSLAN|Диссиденты и бывшие работники партаппарата.
004568_RUSLAN|Бывшие заключенные и бывшие прокуроры.
004569_RUSLAN|Евреи, православные, мусульмане и дзэн-буддисты.
004570_RUSLAN|При этом в нас много общего.
004571_RUSLAN|Наш тоталитарный опыт.
004572_RUSLAN|Болезненная чувствительность к демагогии.
004573_RUSLAN|Идиосинкразия к пропагандистской риторике.
004574_RUSLAN|И пороки у нас общие.
004575_RUSLAN|Нравственная и политическая дезориентация.
004576_RUSLAN|Жизнестойкость, переходящая в агрессию.
004577_RUSLAN|То и дело проявляющаяся неразборчивость в средствах.
004578_RUSLAN|Мы не лучше и не хуже старых эмигрантов.
004579_RUSLAN|Мы решаем те же проблемы.
004580_RUSLAN|Нам присущи те же слабости.
004581_RUSLAN|Те же комплексы чужестранцев и неофитов.
004582_RUSLAN|Мы так же болеем душой за нашу ужасную родину.
004583_RUSLAN|Ненавидим и проклинаем ее тиранов.
004584_RUSLAN|Вспоминаем друзей, с которыми разлучены.
004585_RUSLAN|Мы не хуже и не лучше старых эмигрантов.
004586_RUSLAN|Просто мы другие.
004587_RUSLAN|Мы приехали в семидесятые годы.
004588_RUSLAN|Нас радушно встретили.
004589_RUSLAN|Помогли нам адаптироваться и выстоять.
004590_RUSLAN|Приобщиться к ценностям замечательной страны.
004591_RUSLAN|Нам удалось избежать того, что пережили старые эмигранты.
004592_RUSLAN|И мы благодарны всем, кто способствовал этому.
004593_RUSLAN|Мы вывезли из России не только палехские шкатулки.
004594_RUSLAN|Не только коралловые и янтарные бусы.
004595_RUSLAN|Не только пиджаки из кожзаменителя.
004596_RUSLAN|Мы вывезли свои дипломы и научные работы.
004597_RUSLAN|Рукописи и партитуры.
004598_RUSLAN|Картины и открытия.
004599_RUSLAN|Мы начали создавать газеты и журналы.
004600_RUSLAN|Телевизионные студии и финские бани.
004601_RUSLAN|Рестораны и симфонические оркестры.
004602_RUSLAN|Мы ненавидим бесплодное идеологическое столоверчение.
004603_RUSLAN|Нас смешат инфантильные проекты реорганизации тоталитарного общества.
004604_RUSLAN|Потешают иллюзии религиозного возрождения.
004605_RUSLAN|Мы поняли одну чрезвычайно существенную вещь.
004606_RUSLAN|Советские лидеры не инопланетные.
004607_RUSLAN|Не космические пришельцы.
004608_RUSLAN|А советская власть не татаро-монголъское иго.
004609_RUSLAN|Она живет в каждом из нас.
004610_RUSLAN|В наших привычках и склонностях.
004611_RUSLAN|В наших пристрастиях и антипатиях.
004612_RUSLAN|В нашем сознании и в нашей душе.
004613_RUSLAN|Советская власть это мы.
004614_RUSLAN|А значит, главное для нас победить себя.
004615_RUSLAN|Преодолеть в себе раба и циника, труса и невежду, ханжу и карьериста.
004616_RUSLAN|Вы пишете Есть только один враг коммунизм!
004617_RUSLAN|Это неправда.
004618_RUSLAN|Коммунизм не единственный враг.
004619_RUSLAN|Есть у нас враги и помимо обветшалой коммунистической доктрины.
004620_RUSLAN|Это наша глупость и наше безбожие.
004621_RUSLAN|Наше себялюбие и фарисейство.
004622_RUSLAN|Нетерпимость и ложь.
004623_RUSLAN|Своекорыстие и продажность.
004624_RUSLAN|Когда-то Иосифа Бродского спросили
004625_RUSLAN|Над чем вы работаете?
004626_RUSLAN|Поэт ответил
004627_RUSLAN|Вы обрушиваетесь на дерзкий, самостоятельный, формирующийся еженедельник.
004628_RUSLAN|Обвиняете его в смертных грехах.
004629_RUSLAN|Что произошло!
004630_RUSLAN|Чем мы вас травмировали!
004631_RUSLAN|И вновь я отвечу фактом нашего существования.
004632_RUSLAN|Была одна газета Слово и дело.
004633_RUSLAN|Властительница дум.
004634_RUSLAN|Законодательница мод и вкусов.
004635_RUSLAN|Единственная трибуна.
004636_RUSLAN|Единственный рупор общественного мнения.
004637_RUSLAN|В этой газете можно было прочесть любопытные вещи.
004638_RUSLAN|Что Иосиф Бродский не знает русского языка.
004639_RUSLAN|Что Россия твердо стоит на пути христианского возрождения.
004640_RUSLAN|Что в борьбе против коммунистов любые средства хороши.
004641_RUSLAN|Что Адриана Делианич выше Набокова.
004642_RUSLAN|И все кивали.
004643_RUSLAN|Затем возник наш еженедельник.
004644_RUSLAN|И началась паника в старейшей русской газете
004645_RUSLAN|Да как они смеют?!
004646_RUSLAN|Да кто им позволил?!
004647_RUSLAN|Да на что они рассчитывают?!
004648_RUSLAN|А мы-то, грешным делом, рассчитывали именно на вас.
004649_RUSLAN|Вы утверждали, господин Боголюбов
004650_RUSLAN|Наделаете долгов!
004651_RUSLAN|Вы многого не учли.
004652_RUSLAN|Не учли жизнестойкости третьей эмиграции.
004653_RUSLAN|Меры нашего энтузиазма.
004654_RUSLAN|Готовности к самопожертвованию.
004655_RUSLAN|Еженедельник существует.
004656_RUSLAN|Монополия нарушена.
004657_RUSLAN|Возникли новые точки зрения, новые оценки, новые кумиры.
004658_RUSLAN|И вы, господин Боголюбов, забили тревогу.
004659_RUSLAN|Вы отказались поместить нашу рекламу.
004660_RUSLAN|Запретили своим авторам печататься у нас.
004661_RUSLAN|Стали обрабатывать наших партнеров и заказчиков.
004662_RUSLAN|Теперь вы хитроумно объявляете себя жертвой политической критики.
004663_RUSLAN|А нас советскими патриотами и функционерами кэгэбэ.
004664_RUSLAN|Мы не подвергали вашу газету идеологической критике.
004665_RUSLAN|Для этого она слишком безлика.
004666_RUSLAN|Мы критиковали профессиональные недостатки газеты.
004667_RUSLAN|Ее неуклюжий и претенциозный язык.
004668_RUSLAN|Консервативное оформление.
004669_RUSLAN|Ее прекраснодушность и бесконфликтность.
004670_RUSLAN|Тусклую атмосферу исторических публикаций.
004671_RUSLAN|Мы признаем заслуги вашей газеты.
004672_RUSLAN|Мы также признаем ваши личные заслуги, господин Боголюбов.
004673_RUSLAN|Однако мы сохраняем право критиковать недостатки газеты.
004674_RUSLAN|И требовать от ее администрации честного делового поведения в рамках федеральных законов.
004675_RUSLAN|Вы озаглавили статью Доколе?  По всей статье рассыпаны таинственные намеки.
004676_RUSLAN|Упоминаются какие-то загадочные инстанции.
004677_RUSLAN|Какие-то неназванные зловещие силы.
004678_RUSLAN|Какие-то непонятные органы и учреждения.
004679_RUSLAN|Дома бытовало всеобъемлющее ругательство империалист.
004680_RUSLAN|Что не так империалисты виноваты.
004681_RUSLAN|Здесь агенты кэгэбэ.
004682_RUSLAN|Все плохое дело рук госбезопасности.
004683_RUSLAN|Происки товарища Андропова.
004684_RUSLAN|Пожар случился кэгэбэ тому виной.
004685_RUSLAN|Издательство рукопись вернуло под нажимом кэгэбэ.
004686_RUSLAN|Жена сбежала не иначе как Андропов ее охмурил.
004687_RUSLAN|Холода наступили знаем, откуда ветер дует.
004688_RUSLAN|Слов нет, кэгэбэ зловещая организация.
004689_RUSLAN|Но и мы порой бываем хороши.
004690_RUSLAN|И если мы ленивы, глупы и бездарны Андропов ни при чем.
004691_RUSLAN|У него своих грехов хватает.
004692_RUSLAN|А у нас своих.
004693_RUSLAN|Так зачем же нагнетать мистику?
004694_RUSLAN|Зачем объяснять свои глупости, хитрости и неудачи происками доблестных чекистов?
004695_RUSLAN|Зачем в благодатной Америке корчить из себя узников Лубянки?!
004696_RUSLAN|Это неприлично и смешно.
004697_RUSLAN|кэгэбэ здесь вне закона.
004698_RUSLAN|Пособничество кэгэбэ судебно-наказуемое деяние.
004699_RUSLAN|Голословное обвинение в пособничестве кэгэбэ также является наказуемым деянием.
004700_RUSLAN|А именно клеветой.
004701_RUSLAN|Надеюсь, с этим покончено?
004702_RUSLAN|Вы пытались удушить наш еженедельник самыми разными методами.
004703_RUSLAN|Вы лишили нас рекламы и запугали многих авторов.
004704_RUSLAN|Вы использовали еще одно средство заговор молчания.
004705_RUSLAN|Вы чванливо игнорировали Зеркало.
004706_RUSLAN|Притворялись, что его не существует.
004707_RUSLAN|Сейчас этот заговор нарушен.
004708_RUSLAN|Великий немой заговорил.
004709_RUSLAN|Правда, он заговорил крикливым, истерическим голосом.
004710_RUSLAN|С неясными витиеватыми формулировками
004711_RUSLAN|Так называемый еженедельник., Сомнительный бульварный листок. А также некий господин из бывших вертухаев..
004712_RUSLAN|И все-таки заговор нарушен.
004713_RUSLAN|Я считаю, что это маленькая победа демократии.
004714_RUSLAN|И надеюсь, разговор будет продолжен.
004715_RUSLAN|Честный и доброжелательный разговор о наших эмигрантских проблемах.
004716_RUSLAN|Мы готовы к этому разговору!
004717_RUSLAN|Готовы ли к нему вы?
004718_RUSLAN|К сожалению, наша жизнь пишется без черновиков.
004719_RUSLAN|Ее нельзя редактировать, вычеркивая отдельные строки.
004720_RUSLAN|Исправить опечатки будет невозможно.
004721_RUSLAN|Уважающий вас Сергей Довлатов.
004722_RUSLAN|Увы, дела в редакции шли не лучшим образом.
004723_RUSLAN|Боголюбов, конечно, отравлял нам существование.
004724_RUSLAN|Но и сами мы делали разнообразные глупости.
004725_RUSLAN|Отсутствие денег порождало легкую нервозность.
004726_RUSLAN|Мы начали ссориться.
004727_RUSLAN|Баскин, например, постепенно возненавидел Мокера.
004728_RUSLAN|Он называл его кипучим бездельником.
004729_RUSLAN|А ведь Мокер казался поначалу самым энергичным.
004730_RUSLAN|И деньги раздобыл фактически он.
004731_RUSLAN|Наверное, это была вершина его жизнедеятельности.
004732_RUSLAN|Единственная могучая вспышка предприимчивости и упорства.
004733_RUSLAN|После этого Мокер не то чтобы стал лентяем.
004734_RUSLAN|Но ему категорически претили будничные административные заботы.
004735_RUSLAN|Он ненавидел счета, бумаги, ведомости, прейскуранты.
004736_RUSLAN|Реагировал на одно письмо из десяти.
004737_RUSLAN|При этом забывал наклеивать марки.
004738_RUSLAN|Его часами дожидались люди, которым Мокер назначил свидание.
004739_RUSLAN|Короче, Виля был чересчур одухотворенной личностью для простой работы.
004740_RUSLAN|Зато целыми днями, куря сигару, говорил по телефону.
004741_RUSLAN|Разговоры велись по-английски.
004742_RUSLAN|Содержание их было нам малодоступно.
004743_RUSLAN|Однако, беседуя, Мокер то и дело принимался хохотать.
004744_RUSLAN|На этом основании Баскин считал все его разговоры праздными.
004745_RUSLAN|Мокер оправдывался
004746_RUSLAN|Я генерирую идеи.
004747_RUSLAN|Баскина раздражало слово генерирую.
004748_RUSLAN|Мокер тоже не жаловал Баскина.
004749_RUSLAN|Он называл его товарищем Сталиным.
004750_RUSLAN|Обвинял в тирании и деспотизме.
004751_RUSLAN|СОЛО НА УНДЕРВУДЕ
004752_RUSLAN|Баскин и Мокер сильно враждовали.
004753_RUSLAN|Я пытался быть миротворцем.
004754_RUSLAN|Я говорил Баскину
004755_RUSLAN|Необходим компромисс.
004756_RUSLAN|То есть система взаимных уступок ради общего дела.
004757_RUSLAN|Он перебивал меня
004758_RUSLAN|компромисс.
004759_RUSLAN|Мой компромисс таков.
004760_RUSLAN|Мокер становится на колени и при всех обещает честно работать.
004761_RUSLAN|Тогда я его, может быть, и прощу.
004762_RUSLAN|Дроздов, наоборот, работал много и охотно.
004763_RUSLAN|Он был готов писать на любые темы.
004764_RUSLAN|В любых существующих жанрах.
004765_RUSLAN|А главное с любых позиций.
004766_RUSLAN|Случалось мне давать ему на рецензию книги.
004767_RUSLAN|Дроздов уточнял
004768_RUSLAN|Похвалить или обругать?
004769_RUSLAN|Однажды Баскин заявил
004770_RUSLAN|Мы обязаны выступить на тему советско-афганского конфликта!
004771_RUSLAN|Дроздов заинтересованно приподнялся
004772_RUSLAN|На чьей стороне?..
004773_RUSLAN|СОЛО НА УНДЕРВУДЕ
004774_RUSLAN|Лева Дроздов говорил
004775_RUSLAN|За что все так ненавидят евреев?
004776_RUSLAN|По-моему, румыны и китайцы еще хуже.
004777_RUSLAN|Ларри Швейцер в редакции появлялся не часто.
004778_RUSLAN|Первые месяцы вел себя деликатнейшим образом.
004779_RUSLAN|Казалось, газета его совершенно не интересует.
004780_RUSLAN|Важно, что она есть.
004781_RUSLAN|Фигурирует в соответствующих документах.
004782_RUSLAN|Для чего ему газета, я так и не понял.
004783_RUSLAN|Затем он стал более придирчивым.
004784_RUSLAN|Видимо, у него появились советники и консультанты.
004785_RUSLAN|Как-то раз мы давали израильский путевой очерк.
004786_RUSLAN|Сопроводили его картой Иерусалима.
004787_RUSLAN|На следующее утро в редакции появился Швейцер
004788_RUSLAN|Что вы себе позволяете, ребята?
004789_RUSLAN|Что это за гнусная антисемитская карта?!
004790_RUSLAN|Там обозначены крестиками православные церкви.
004791_RUSLAN|Баскин сказал
004792_RUSLAN|Мы не виноваты.
004793_RUSLAN|Кто же виноват? повысил голос Швейцер.
004794_RUSLAN|Крестоносцы, ответил Баскин, они построили в Иерусалиме десятки церквей.
004795_RUSLAN|Тогда Ларри Швейцер закричал
004796_RUSLAN|Пускай ваши засранные крестоносцы издают собственный еженедельник!
004797_RUSLAN|А мы будем издавать еврейскую газету.
004798_RUSLAN|Без всяких православных крестов.
004799_RUSLAN|Этого еще не хватало!
004800_RUSLAN|Ну и мудак! сказал Баскин.
004801_RUSLAN|Что такое нуйм удак?
004802_RUSLAN|внезапно заинтересовался Швейцер.
004803_RUSLAN|Идеалист, романтик, перевел Виля Мокер.
004804_RUSLAN|СОЛО НА УНДЕРВУДЕ
004805_RUSLAN|Мой друг Изя Шапиро часто ездил в командировки по Америке.
004806_RUSLAN|Оказываясь в незнакомом городе, Изя первым делом брал телефонную книгу.
004807_RUSLAN|Его интересовало, много ли в городе жителей по фамилии Шапиро.
004808_RUSLAN|Если таковых было много, город Изе нравился.
004809_RUSLAN|Если мало, Изю охватывала тревога.
004810_RUSLAN|В одном техасском городке Изя, представляясь хозяину фирмы, сказал
004811_RUSLAN|Я Изя Шапиро.
004812_RUSLAN|Что это значит?  удивился бизнесмен.
004813_RUSLAN|И все-таки дело шло.
004814_RUSLAN|О нас писали крупнейшие американские газеты.
004815_RUSLAN|Две статьи вышли под одинаковыми заголовками Русские идут.
004816_RUSLAN|К нам приходили радио и тележурналисты.
004817_RUSLAN|Нами интересовались славистские кафедры.
004818_RUSLAN|Мы давали бесчисленные интервью.
004819_RUSLAN|СОЛО НА УНДЕРВУДЕ
004820_RUSLAN|Журналист спросил Вилю Мокера На родине вы, очевидно, были диссидентом?
004821_RUSLAN|Мокер ответил
004822_RUSLAN|Достаточно того, что я был евреем.
004823_RUSLAN|Короче, резонанс мы вызвали довольно бурный.
004824_RUSLAN|За год мы обросли целым кругом постоянных внештатных сотрудников.
004825_RUSLAN|Это были разные, в основном талантливые и симпатичные люди.
004826_RUSLAN|Платили мы им сущие гроши.
004827_RUSLAN|Среди наших авторов выделялся публицист Зарецкий.
004828_RUSLAN|Когда-то он был известным советским писателем.
004829_RUSLAN|Выпустил двадцать шесть толстых книг о деятелях науки.
004830_RUSLAN|Достигнув творческой зрелости, начал писать о гениальном биологе Вавилове.
004831_RUSLAN|И тут его пригласили в кэгэбэ
004832_RUSLAN|Разве товарищ публицист не знает, что Вавилов был арестован как шпион?
004833_RUSLAN|Что он скончался в лагерном бараке?
004834_RUSLAN|Ах, знает, и все-таки собирается писать о нем книгу?!
004835_RUSLAN|Разве мало у нас гениальных людей, которые умерли в собственных постелях?..
004836_RUSLAN|Раз, два и обчелся!
004837_RUSLAN|сказал Зарецкий.
004838_RUSLAN|Так начались его разногласия с властями.
004839_RUSLAN|Через год Зарецкий эмигрировал.
004840_RUSLAN|Это был талантливый человек с дурным характером.
004841_RUSLAN|При этом самоуверенный и грубый.
004842_RUSLAN|Солидные годы и диссидентское прошлое возвышали Зарецкого над его молодыми коллегами.
004843_RUSLAN|С Мокером он просто не здоровался.
004844_RUSLAN|Администратор для Зарецкого был низшим существом.
004845_RUSLAN|Разговаривая с Баскиным.
004846_RUSLAN|он простодушно недоумевал
004847_RUSLAN|Так вы действительно увлекались хоккеем?
004848_RUSLAN|Что же вы писали на эту странную тему?
004849_RUSLAN|Если не ошибаюсь, там фигурируют гайки и клюшки?
004850_RUSLAN|Не гайки, а шайбы, мрачно поправлял его Эрик.
004851_RUSLAN|Зарецкий спрашивал Дроздова
004852_RUSLAN|Скажите, у вас есть хоть какие-нибудь моральные принципы?
004853_RUSLAN|Самые минимальные?
004854_RUSLAN|Предположим, вы могли бы донести на собственного отца?
004855_RUSLAN|Ну, а за тысячу рублей?
004856_RUSLAN|А за двадцать тысяч могли бы?
004857_RUSLAN|Дроздов отвечал
004858_RUSLAN|Ко мне Зарецкий относился чуть получше.
004859_RUSLAN|Хотя, разумеется, презирал меня.
004860_RUSLAN|как и всех остальных.
004861_RUSLAN|Его редкие комплименты звучали примерно так
004862_RUSLAN|Я пробежал вашу статью.
004863_RUSLAN|В ней упомянуты Толстой и Достоевский.
004864_RUSLAN|Оказывается, вы читаете книги.
004865_RUSLAN|Выносили его с трудом.
004866_RUSLAN|Но у Зарецкого была своя аудитория.
004867_RUSLAN|За это старику многое прощалось.
004868_RUSLAN|Кроме того, он был прямой и честный грубиян.
004869_RUSLAN|Далеко не худший тип российского интеллигента.
004870_RUSLAN|Политические обзоры вел Гуревич.
004871_RUSLAN|Это был скромный добросовестный и компетентный человек.
004872_RUSLAN|Правда, ему не хватало творческой смелости.
004873_RUSLAN|Гуревич был слишком осторожен в прогнозах.
004874_RUSLAN|Чуть ли не все его политические обзоры закапчивались словами Будущее покажет.
004875_RUSLAN|Наконец я ему сказал
004876_RUSLAN|Будь чуточку нахальнее.
004877_RUSLAN|Выскажи какую-нибудь спорную политическую гипотезу.
004878_RUSLAN|Ошибайся, черт возьми, но будь смелее.
004879_RUSLAN|Гуревич сказал
004880_RUSLAN|Постараюсь.
004881_RUSLAN|Теперь его обзоры заканчивались словами
004882_RUSLAN|Поживем увидим.
004883_RUSLAN|Отдел театра и кино вела у нас супружеская пара Лисовских.
004884_RUSLAN|Толя и Рита.
004885_RUSLAN|Толя был инфантильным, капризным, начитанным мальчиком с хорошим английским.
004886_RUSLAN|Рита обладала волевым и напористым характером.
004887_RUSLAN|Как ни странно, их брак получился удачным.
004888_RUSLAN|Хотя Рита была старше мужа лет на двадцать.
004889_RUSLAN|Я с юности знал ее по Ленинграду.
004890_RUSLAN|СОЛО НА УНДЕРВУДЕ
004891_RUSLAN|Как-то мы завтракали с Лисовскими в пиццерии.
004892_RUSLAN|Гита вышла позвонить.
004893_RUSLAN|Толя вдруг покраснел и спрашивает
004894_RUSLAN|Это правда, что вы ухаживали за моей женой?
004895_RUSLAN|Я мягко ответил
004896_RUSLAN|Но это было за год до вашего рождения.
004897_RUSLAN|Статьи они писали быстро и талантливо.
004898_RUSLAN|Отделом юмора заведовал Соколовский.
004899_RUSLAN|Один из самых ярких людей в эмиграции.
004900_RUSLAN|Писал он с необычайной легкостью и мастерством.
004901_RUSLAN|Чаще всего это были стихотворные фельетоны.
004902_RUSLAN|Или миниатюры примерно такого содержания
004903_RUSLAN|Трещит на улице мороз,
004904_RUSLAN|Снежинки белые летают,
004905_RUSLAN|Замерзли уши, мерзнет нос.
004906_RUSLAN|Замерзло все.
004907_RUSLAN|А деньги тают
004908_RUSLAN|Кроме журналистов в редакции постоянно находились самые загадочные личности.
004909_RUSLAN|К нам тянулись все обездоленные, праздные, разочарованные, запутавшиеся люди.
004910_RUSLAN|Тем более что рабочий день у нас, как правило, заканчивался выпивкой.
004911_RUSLAN|Заходил эстрадник Беленький, который так и не смог получить работу.
004912_RUSLAN|Зато успел пристраститься к марихуане.
004913_RUSLAN|Заезжал на споем радиофицированном такси бывший фарцовщик Акула.
004914_RUSLAN|Рассказывал о ночных похождениях в Гарлеме и Бронксе.
004915_RUSLAN|Например, он говорил
004916_RUSLAN|Америка любит сильных, мужественных и хладнокровных.
004917_RUSLAN|Вот уже год я занимаюсь каратэ.
004918_RUSLAN|Под сиденьем у меня хранится браунинг.
004919_RUSLAN|В кармане нож.
004920_RUSLAN|Мои нервы превратились в стальные тросы.
004921_RUSLAN|Как-то останавливают меня двое черных.
004922_RUSLAN|Что-то говорят по-своему.
004923_RUSLAN|Я понял только одно слово деньги.
004924_RUSLAN|А у меня было долларов пятьдесят.
004925_RUSLAN|Ну и чем же все это кончилось?
004926_RUSLAN|спрашивали мы.
004927_RUSLAN|Отдал им пятьдесят долларов и рад был, что ноги унес, мрачно заканчивал Акула.
004928_RUSLAN|Появлялся у нас религиозный деятель Лемкус.
004929_RUSLAN|Говорил, что ведет на какой-то загадочной радиостанции передачи о любви и христианском смирении.
004930_RUSLAN|Параллельно торгует земельными участками в Рочестере.
004931_RUSLAN|Баскин подозрительно спрашивал
004932_RUSLAN|Что такое Рочестер?
004933_RUSLAN|Может, это название кладбища?
004934_RUSLAN|Ничего подобного, заверял его Лемкус, это сказочное место.
004935_RUSLAN|Вы можете купить там недорогое бангало.
004936_RUSLAN|Эрика раздражало слово бангало.
004937_RUSLAN|Заходил в редакцию и отставной диссидент Караваев.
004938_RUSLAN|Это был прирожденный революционер, темпераментный, мужественный и самоотверженный.
004939_RUSLAN|Недаром он двадцать лет провел в советских лагерях.
004940_RUSLAN|Караваев ненавидел советскую власть и отважно противостоял ее давлению.
004941_RUSLAN|На счету его было девять голодовок и тринадцать месяцев в ШИЗО.
004942_RUSLAN|На одном из судебных процессов Караваеву задали вопрос
004943_RUSLAN|Ваша национальность?
004944_RUSLAN|Заключенный, ответил Караваев.
004945_RUSLAN|Наконец его выпустили по ходатайству Киссинджера.
004946_RUSLAN|И Караваев оказался на свободе.
004947_RUSLAN|Первую неделю он беспрерывно давал интервью западным газетам.
004948_RUSLAN|Затем прочитал несколько лекций.
004949_RUSLAN|Опубликовал в русской прессе десяток статей.
004950_RUSLAN|Речь в этих статьях шла о преимуществах демократии над тоталитаризмом.
004951_RUSLAN|Через шесть недель Караваев исчерпал все свои мысли.
004952_RUSLAN|Отныне ему было совершенно нечего делать.
004953_RUSLAN|Профессии он не имел.
004954_RUSLAN|Языком овладеть не пытался.
004955_RUSLAN|Литературных способностей не обнаружил.
004956_RUSLAN|Становиться таксистом ему не хотелось.
004957_RUSLAN|Караваев был только героем.
004958_RUSLAN|К сожалению, это не профессия.
004959_RUSLAN|Он ненавидел советский режим.
004960_RUSLAN|Однако жизнь без него для Караваева лишилась смысла.
004961_RUSLAN|Он все больше пил.
004962_RUSLAN|Неутомимо создавал какие-то партии, лиги, объединения.
004963_RUSLAN|Писал нескончаемые манифесты и декларации.
004964_RUSLAN|Призывал окружающих к борьбе за новую Россию.
004965_RUSLAN|Как, впрочем, и за новую Америку.
004966_RUSLAN|Все его произведения начинались словами В обстановке надвигающегося кризиса демократии считаю целесообразным заявить.
004967_RUSLAN|Мы испытывали к нему глубокое сочувствие.
004968_RUSLAN|Дважды Караваев приносил мне свои рассказы.
004969_RUSLAN|Почему-то из жизни дореволюционной аристократической Москвы.
004970_RUSLAN|Я запомнил, например, такую фразу Барон учтиво приподнял изящное соломенное канапе. Автор, видимо, хотел сказать канотье.
004971_RUSLAN|Печатать эти рассказы, да еще в газете, было невозможно.
004972_RUSLAN|Караваев затаил на меня обиду.
004973_RUSLAN|Реже других заглядывал экономист Скафарь, который уже год подыскивал невесту.
004974_RUSLAN|На это уходили все его силы.
004975_RUSLAN|Пока что брачные конторы рекомендовали ему всякий залежалый товар.
004976_RUSLAN|Да и сам экономист едва ли был завидным женихом.
004977_RUSLAN|Чужестранец в синтетическом пиджаке, без определенных занятий.
004978_RUSLAN|Вряд ли на такого польстится мадемуазель Брук Шилдс.
004979_RUSLAN|Жили мы довольно весело, хотя тучи на горизонте уже сгущались.
004980_RUSLAN|БРЕМЯ ДЕМОКРАТИИ
004981_RUSLAN|В Союзе нам казалось, что мы убежденные демократы.
004982_RUSLAN|Еще бы, ведь мы здоровались с уборщицами.
004983_RUSLAN|Пили с электромонтерами.
004984_RUSLAN|И, как положено, тихо ненавидели руководство.
004985_RUSLAN|Тоталитаризм нам претил.
004986_RUSLAN|И мы ощущали себя демократами.
004987_RUSLAN|Наконец был сделан выбор.
004988_RUSLAN|Мы эмигрировали на Запад.
004989_RUSLAN|Приехали, осмотрелись.
004990_RUSLAN|И стало ясно, что выбрать демократию недостаточно.
004991_RUSLAN|Как недостаточно выбрать хорошую творческую профессию.
004992_RUSLAN|Профессией надо овладеть.
004993_RUSLAN|То есть учиться.
004994_RUSLAN|Осваивать знания.
004995_RUSLAN|С демократией такая же история.
004996_RUSLAN|Потому что демократия это великая сила, но и тяжкое бремя.
004997_RUSLAN|В редакции я многое понял.
004998_RUSLAN|Ощутил, например, всю степень бессилия мистера Рейгана.
004999_RUSLAN|Давить нельзя.
005000_RUSLAN|Приказывать нельзя.
005001_RUSLAN|Самые незначительные вопросы решаются голосованием.
005002_RUSLAN|А главное, все без конца дают тебе советы.
005003_RUSLAN|И ты обязан слушать.
005004_RUSLAN|Иначе будешь заклеймен как авторитарная личность.
005005_RUSLAN|В Союзе мы были очень похожи.
005006_RUSLAN|Мы даже назывались одинаково идейно чуждыми.
005007_RUSLAN|Нас сплачивали общие проблемы, тяготы и горести.
005008_RUSLAN|Общее неприятие режима.
005009_RUSLAN|На этом фоне различия были едва заметны.
005010_RUSLAN|Они не имели существенного значения.
005011_RUSLAN|Не стукач, не ворюга уже хорошо.
005012_RUSLAN|Уже достижение.
005013_RUSLAN|Теперь мы все очень разные.
005014_RUSLAN|Под нашими мятежными бородами обнаружились самые разные лица.
005015_RUSLAN|Есть среди нас либералы.
005016_RUSLAN|Есть демократы.
005017_RUSLAN|Есть сторонники монархии.
005018_RUSLAN|Правоверные евреи.
005019_RUSLAN|Славянофилы и западники.
005020_RUSLAN|Есть, говорят, в Техасе даже один марксист.
005021_RUSLAN|И у каждого свое законное, личное, драгоценное мнение.
005022_RUSLAN|Так что любой разговор немедленно перерастает в дискуссию.
005023_RUSLAN|Настоящему капиталисту легче.
005024_RUSLAN|У него в руках механизмы финансового стимулирования.
005025_RUSLAN|А наши-то сотрудники работали почти бесплатно.
005026_RUSLAN|А если ты человеку не платишь, значит, хотя бы должен его любить.
005027_RUSLAN|В общем, мало того, что нас давили конкуренты.
005028_RUSLAN|Мало того, что публику иногда шокировали наши выступления.
005029_RUSLAN|Но и в самой редакции проблем хватало.
005030_RUSLAN|Дело шло с перебоями, рывками.
005031_RUSLAN|БИЗНЕС НЕ ПОРОК
005032_RUSLAN|Мы постигали азбучные истины.
005033_RUSLAN|Азы капиталистического производства.
005034_RUSLAN|Так, мы обнаружили, что бизнес не порок.
005035_RUSLAN|Для меня это было настоящим откровением.
005036_RUSLAN|Так уже мы воспитаны.
005037_RUSLAN|В Москве деловыми людьми называют себя жулики и аферисты.
005038_RUSLAN|Понятия маклер, бизнесмен ассоциируются с тюремной решеткой.
005039_RUSLAN|А уж в литературной, богемной среде презрение к деловитости нескрываемое и однозначное.
005040_RUSLAN|Ведь мы же поэты, художники, люди искусства!
005041_RUSLAN|Этакие беспечные, самозабвенные жаворонки!
005042_RUSLAN|Идея трезвого расчета нам совершенно отвратительна.
005043_RUSLAN|Слова дебет, кредит нам и выговорить-то противно.
005044_RUSLAN|По-нашему, уж лучше красть, чем торговать.
005045_RUSLAN|Человек, укравший в цехе рулон полиэтилена, считается едва ли не героем.
005046_RUSLAN|А грузин, законно торгующий на рынке лимонами, объект бесконечных презрительных шуток.
005047_RUSLAN|В Америке, мне кажется, бизнесмен серьезная, уважаемая профессия.
005048_RUSLAN|Требует ума, проницательности, высоких моральных качеств.
005049_RUSLAN|Настоящий бизнесмен умеет рисковать и проигрывать.
005050_RUSLAN|В минуту неудачи сохраняет присутствие духа.
005051_RUSLAN|А в случае удачи тем более.
005052_RUSLAN|Я уверен, что деньги не могут быть самоцелью.
005053_RUSLAN|Особенно здесь, в Америке.
005054_RUSLAN|Ну, сколько требуется человеку для полного благополучия?
005055_RUSLAN|Двести, триста тысяч?
005056_RUSLAN|А люди здесь ворочают миллиардами.
005057_RUSLAN|Видимо, деньги стали эквивалентом иных, более значительных по классу ценностей.
005058_RUSLAN|Сумма превратилась в цифру.
005059_RUSLAN|Цифра превратилась в геральдический знак.
005060_RUSLAN|Не к деньгам стремится умный бизнесмен.
005061_RUSLAN|Он стремится к полному, гармоническому тождеству усилий и результата.
005062_RUSLAN|Самым доступным показателем которого является цифра.
005063_RUSLAN|Короче, нам требовался бизнесмен-менеджер.
005064_RUSLAN|Попросту говоря, хороший администратор.
005065_RUSLAN|Деловой человек.
005066_RUSLAN|Потому что Мокер занимался только общими вопросами.
005067_RUSLAN|Журналистского опыта было достаточно.
005068_RUSLAN|С административными кадрами дела обстояли значительно хуже.
005069_RUSLAN|Умный пойдет в солидную американскую фирму.
005070_RUSLAN|Глупый вроде бы не требуется.
005071_RUSLAN|А без хорошего менеджера работать невозможно.
005072_RUSLAN|Тем более что мы узнали столько нового!
005073_RUSLAN|Во-первых, окончательно стало ясно, что наша газета товар.
005074_RUSLAN|Примириться с этой мыслью было трудно.
005075_RUSLAN|Вы только подумайте!
005076_RUSLAN|Любимая, родная, замечательная газета!
005077_RUSLAN|Плод бессонных ночей!
005078_RUSLAN|Результат совместных героических усилий!
005079_RUSLAN|Наше обожаемое чадо, боготворимое дитя!
005080_RUSLAN|Нетленный крик души!
005081_RUSLAN|И вдруг товар!
005082_RUSLAN|Наподобие колбасы или селедки.
005083_RUSLAN|Увы, все это так.
005084_RUSLAN|Ты можешь написать Четырнадцатую симфонию, Гернику, Анну Каренину.
005085_RUSLAN|Создать искусственную печень, лазер или водородную бомбу.
005086_RUSLAN|Ты можешь быть гением и провидцем.
005087_RUSLAN|Великим еретиком и героем труда.
005088_RUSLAN|Это не имеет значения.
005089_RUSLAN|Материальные плоды человеческих усилий неминуемо становятся объектом рыночной торговли.
005090_RUSLAN|В сфере духа Модильяни гений.
005091_RUSLAN|А художник Герасимов пошляк и ничтожество.
005092_RUSLAN|Но в сфере рынка Модильяни хороший товар, а Герасимов плохой.
005093_RUSLAN|Модильяни рентабелен, а Герасимов нет.
005094_RUSLAN|Законам рынка подчиняется все, что создано людьми.
005095_RUSLAN|И законы эти общие.
005096_RUSLAN|Для Зарецкого и Микеланджело.
005097_RUSLAN|Для гусиных желудков и еженедельника Зеркало.
005098_RUSLAN|Я все твердил
005099_RUSLAN|Без хорошего администратора дело не пойдет.
005100_RUSLAN|Баскин соглашался
005101_RUSLAN|Значит, надо выгнать этого бездельника Мокера.
005102_RUSLAN|ШАЛЬНЫЕ ДЕНЬГИ
005103_RUSLAN|В декабре журнал Ньюйоркер опубликовал мой рассказ.
005104_RUSLAN|И мне, действительно, заплатили около четырех тысяч долларов.
005105_RUSLAN|Линн Фарбер казалась взволнованной и счастливой.
005106_RUSLAN|Я тоже, разумеется, был доволен.
005107_RUSLAN|Но все-таки меньше, чем предполагал.
005108_RUSLAN|Слишком долго, повторяю, я ждал этой минуты.
005109_RUSLAN|Ну а деньги, естественно, пришлись очень кстати.
005110_RUSLAN|Все меня поздравляли.
005111_RUSLAN|Говорили, что перевод выразительный и точный.
005112_RUSLAN|Затем мне позвонил редактор Ньюйоркера.
005113_RUSLAN|Сказал, что и в дальнейшем хочет печатать мои рассказы.
005114_RUSLAN|Интересовался, как я живу.
005115_RUSLAN|Извините, у меня плохой английский.
005116_RUSLAN|Вряд ли мне удастся выразить свои переживания.
005117_RUSLAN|Я чувствую себя идиотом.
005118_RUSLAN|Надеюсь, вы меня понимаете?
005119_RUSLAN|Редактор ответил
005120_RUSLAN|Все это даже американцу понятно.
005121_RUSLAN|Деньги, полученные в Ньюйоркере, мы, к собственному удивлению, истратили разумно.
005122_RUSLAN|Жена приобрела в рассрочку наборный компьютер за девять тысяч.
005123_RUSLAN|Сделала первый взнос.
005124_RUSLAN|Заказы мы надеялись получать у русских издателей.
005125_RUSLAN|Например, у Карла Проффера в Ардисе.
005126_RUSLAN|И он, действительно, сразу прислал моей жене выгодную работу.
005127_RUSLAN|Линн Фарбер взялась переводить следующий рассказ.
005128_RUSLAN|В эти же дни ей позвонил литературный агент.
005129_RUSLAN|Сказал, что готов заниматься моими делами.
005130_RUSLAN|Поинтересовался, есть ли у меня законченная книга.
005131_RUSLAN|Линн Фарбер ответила
005132_RUSLAN|Как минимум штук пять.
005133_RUSLAN|Агента звали Чарли.
005134_RUSLAN|Я сразу же полюбил его.
005135_RUSLAN|Во-первых, за то, что он не слишком аккуратно ел. И даже мягкую пищу брал руками.
005136_RUSLAN|Для меня это было важно.
005137_RUSLAN|Поскольку в ресторанах я испытываю болезненный комплекс неполноценности.
005138_RUSLAN|Не умею есть как следует.
005139_RUSLAN|Боюсь официантов.
005140_RUSLAN|Короче, чувствую себя непрошеным гостем.
005141_RUSLAN|А с Чарли мне всегда было легко.
005142_RUSLAN|Хоть он и не говорил по-русски.
005143_RUSLAN|как это получается.
005144_RUSLAN|К тому же Чарли был розовым, левым.
005145_RUSLAN|А мы, российские беженцы, правые все как один.
005146_RUSLAN|Правее нас, как говорится, только стенка.
005147_RUSLAN|Значит, я был правым, Чарли левым.
005148_RUSLAN|Но мы великолепно ладили.
005149_RUSLAN|Я спрашивал его
005150_RUSLAN|Вот ты ненавидишь капитализм.
005151_RUSLAN|Почему же ты богатый?
005152_RUSLAN|Почему живешь на Семьдесят четвертой улице?
005153_RUSLAN|Чарли в ответ говорил
005154_RUSLAN|Во-первых, я, к сожалению, не очень богат.
005155_RUSLAN|Хотя я, действительно, против капитализма.
005156_RUSLAN|Но капитализм все еще существует.
005157_RUSLAN|И пока он не умер, богатым живется лучше.
005158_RUSLAN|В юности Чарли едва не стал преступником.
005159_RUSLAN|Вроде бы его даже судили.
005160_RUSLAN|Из таких, насколько я знаю, вырастают самые порядочные люди.
005161_RUSLAN|Спасибо тебе, Чарли!
005162_RUSLAN|Вряд ли ты на мне хорошо зарабатываешь.
005163_RUSLAN|Значит, ты идеалист, хоть и американец.
005164_RUSLAN|Чарли отвечал мне
005165_RUSLAN|Не спеши благодарить.
005166_RUSLAN|Сначала достигни уровня, при котором я начну обманывать тебя.
005167_RUSLAN|Я все думал бывает же такое!
005168_RUSLAN|Американец, говорящий на чужом языке, к тому же розовый, левый, мне ближе и понятнее старых знакомых.
005169_RUSLAN|Загадочное дело человеческое общение.
005170_RUSLAN|ПИСЬМО ОТТУДА
005171_RUSLAN|Это письмо дошло чудом.
005172_RUSLAN|Вывезла его из Союза одна героическая француженка.
005173_RUSLAN|Храни ее Бог, которого нет.
005174_RUSLAN|Из Союза она нелегально вывозит рукописи.
005175_RUSLAN|Туда доставляет готовые книги.
005176_RUSLAN|Иногда по двадцать, тридцать штук.
005177_RUSLAN|Как-то раз в ленинградском аэропорту она не могла подняться с дивана.
005178_RUSLAN|А мы еще ругаем западную интеллигенцию.
005179_RUSLAN|Вот это письмо.
005180_RUSLAN|Я припускаю несколько абзацев личного характера.
005181_RUSLAN|Теперь два слова о газете.
005182_RUSLAN|Выглядит она симпатично живая, яркая, талантливая.
005183_RUSLAN|Есть в ней щегольство, конечно юмор и так далее.
005184_RUSLAN|В общем, много есть хорошего.
005185_RUSLAN|Я же хочу сказать о том, чего нет.
005186_RUSLAN|И чего газете, по-моему, решительно не хватает.
005187_RUSLAN|Ей не хватает твоего прошлого.
005188_RUSLAN|Твоего и нашего прошлого.
005189_RUSLAN|Нашего смеха и ужаса, терпения и безнадежности.
005190_RUSLAN|Твоя эмиграция не частное дело.
005191_RUSLAN|Иначе ты не писатель, а квартиросъемщик.
005192_RUSLAN|И несущественно где в Америке, в Японии, в Ростове.
005193_RUSLAN|Ты вырвался, чтобы рассказать о нас и о своем прошлом.
005194_RUSLAN|Все остальное мелко.
005195_RUSLAN|Все остальное лишь унижает достоинство писателя.
005196_RUSLAN|Хотя растут, возможно, шансы на успех.
005197_RUSLAN|Ты ехал не за джинсами и не за подержанной автомашиной.
005198_RUSLAN|Ты ехал рассказать.
005199_RUSLAN|Так помни же о нас.
005200_RUSLAN|Говорят, вы стали американцами, свободными, раскованными, динамичными.
005201_RUSLAN|Почти такими же стремительными, как ваши автомобили.
005202_RUSLAN|Почти такими же содержательными, как ваши холодильники.
005203_RUSLAN|вы решаете серьезные проблемы.
005204_RUSLAN|Например какой автомобиль потребляет меньше бензина?
005205_RUSLAN|Мы смеемся над этими разговорами.
005206_RUSLAN|Смеемся и не верим.
005207_RUSLAN|Все это так, игра, притворство.
005208_RUSLAN|Да какие вы американцы?!
005209_RUSLAN|Бродский, о котором мы только и говорим?
005210_RUSLAN|Ты, которого вспоминают у пивных ларьков от Разъезжей до Чайковского и от Стремянной до Штаба?
005211_RUSLAN|Смешнее этого трудно что-нибудь придумать.
005212_RUSLAN|Не бывать тебе американцем.
005213_RUSLAN|И не уйти от своего прошлого.
005214_RUSLAN|Это кажется, что тебя окружают небоскребы.
005215_RUSLAN|Тебя окружает прошлое.
005216_RUSLAN|Безумные поэты и художники, алкаши и доценты, солдаты и зэки.
005217_RUSLAN|Еще раз говорю помни о нас.
005218_RUSLAN|Нас много, и мы живы.
005219_RUSLAN|Нас убивают, а мы живем и пишем стихи.
005220_RUSLAN|В этом кошмаре, в этом аду мы узнаем друг друга не по именам.
005221_RUSLAN|Как это наше дело!..
005222_RUSLAN|Я много раздумывал над этим письмом.
005223_RUSLAN|Есть свойство, по которому можно раз и навсегда отличить благородного человека.
005224_RUSLAN|Благородный человек воспринимает любое несчастье как расплату за собственные грехи.
005225_RUSLAN|Он винит лишь себя, какое бы горе его ни постигло.
005226_RUSLAN|Если изменила любимая, благородный человек говорит
005227_RUSLAN|Я был невнимателен и груб.
005228_RUSLAN|Подавлял ее индивидуальность.
005229_RUSLAN|Не замечал ее проблем.
005230_RUSLAN|Оскорблял ее чувства.
005231_RUSLAN|Я сам толкнул ее на этот шаг.
005232_RUSLAN|Если Друг оказался предателем, благородный человек говорит
005233_RUSLAN|Я раздражал его своим мнимым превосходством.
005234_RUSLAN|Высмеивал его недостатки.
005235_RUSLAN|Задевал его амбиции.
005236_RUSLAN|Я сам вынудил его к предательству.
005237_RUSLAN|А если произошло что-то самое дикое и нелепое?
005238_RUSLAN|Если родина отвергла нашу любовь?
005239_RUSLAN|Унизила и замучила нас?
005240_RUSLAN|Предала наши интересы?
005241_RUSLAN|Тогда благородный человек говорит
005242_RUSLAN|Матерей не выбирают.
005243_RUSLAN|Это моя единственная родина.
005244_RUSLAN|Я люблю Америку, восхищаюсь Америкой, благодарен Америке, но родина моя далеко.
005245_RUSLAN|Нищая, голодная, безумная и спившаяся!
005246_RUSLAN|Потерявшая, загубившая и отвергнувшая лучших сыновей!
005247_RUSLAN|Где уж ей быть доброй, веселой и ласковой?!..
005248_RUSLAN|Березы, оказывается растут повсюду.
005249_RUSLAN|Но разве от этого легче?
005250_RUSLAN|Родина это мы сами.
005251_RUSLAN|Наши первые игрушки.
005252_RUSLAN|Перешитые курточки старших братьев.
005253_RUSLAN|Бутерброды, завернутые в газету.
005254_RUSLAN|Девочки в строгих коричневых юбках.
005255_RUSLAN|Мелочь из отцовского кармана.
005256_RUSLAN|Экзамены, шпаргалки.
005257_RUSLAN|Нелепые, ужасающие стихи.
005258_RUSLAN|Мысли о самоубийстве.
005259_RUSLAN|Стакан Агдама в подворотне.
005260_RUSLAN|Армейская махорка.
005261_RUSLAN|Дочка, варежки, рейтузы, подвернувшийся задник крошечного ботинка.
005262_RUSLAN|Косо перечеркнутые строки.
005263_RUSLAN|Рукописи, милиция, ОВИР.
005264_RUSLAN|Все, что с нами было, родина.
005265_RUSLAN|И все, что было, останется навсегда.
005266_RUSLAN|ПЕРЕД ГРОЗОЙ
005267_RUSLAN|В редакции сгущались тучи.
005268_RUSLAN|Ларри Швейцер становился все более нудным и придирчивым.
005269_RUSLAN|Теперь ему хотелось просматривать газетные материалы заранее.
005270_RUSLAN|Видно, Ларри обзавелся какими-то цензорами, читающими по-русски.
005271_RUSLAN|Подозревать в этом можно было любого из отвергнутых нами авторов.
005272_RUSLAN|Позднее мы выяснили, что этим занимался Дроздов.
005273_RUSLAN|СОЛО НА УНДЕРВУДЕ
005274_RUSLAN|Однажды Ларри Швейцер появился в редакции недовольный и злой.
005275_RUSLAN|Зачем вы, ребята, упоминаете свинину?
005276_RUSLAN|Еврейским читателям это неприятно.
005277_RUSLAN|Ларри развернул последний номер газеты.
005278_RUSLAN|Ткнул пальцем в экономический обзор, написанный Зарецким.
005279_RUSLAN|Речь шла о хозяйственных проблемах в Союзе.
005280_RUSLAN|В частности, об уменьшении производства свинины.
005281_RUSLAN|Ларри, говорю, это же статья на хозяйственную тему!
005282_RUSLAN|Швейцер рассердился
005283_RUSLAN|Упоминать свинину запрещается.
005284_RUSLAN|Замените ее фаршированной рыбой.
005285_RUSLAN|Доходов газета не приносила.
005286_RUSLAN|Убытки постоянно росли.
005287_RUSLAN|Обстановка становилась все более напряженной.
005288_RUSLAN|Мы узнали, что Дроздов ходил на прием к Боголюбову.
005289_RUSLAN|Каялся и просился на работу.
005290_RUSLAN|Говорил, что Довлатов и Баскин затянули его в омут либерализма.
005291_RUSLAN|В результате Дроздову что-то обещали.
005292_RUSLAN|Баскин сказал ему
005293_RUSLAN|Что же ты делаешь, мерзавец?
005294_RUSLAN|А что? поразился Дроздов.
005295_RUSLAN|Ничего особенного!
005296_RUSLAN|Мы же все антикоммунисты.
005297_RUSLAN|Наши цели общие.
005298_RUSLAN|Ты не антикоммунист.
005299_RUSLAN|Ты приспособленец.
005300_RUSLAN|Думаешь, ты переменил убеждения?
005301_RUSLAN|Ничего подобного!
005302_RUSLAN|Ты переменил хозяев.
005303_RUSLAN|А холуи везде нужны.
005304_RUSLAN|Работа им всегда найдется.
005305_RUSLAN|Баскин махнул рукой
005306_RUSLAN|Да что с ним говорить!..
005307_RUSLAN|Мокер сидел, не вмешиваясь.
005308_RUSLAN|Знал, что Баскин хочет от него избавиться.
005309_RUSLAN|Я вроде бы занимал нейтральную позицию.
005310_RUSLAN|А Мокеру требовались союзники.
005311_RUSLAN|Рассчитывать он мог только на Дроздова.
005312_RUSLAN|Тут вмешалась наша машинистка.
005313_RUSLAN|Видно, Дроздов ей чем-то не угодил.
005314_RUSLAN|Она сказала
005315_RUSLAN|С этим типом бесполезно разговаривать.
005316_RUSLAN|Он все равно не поймет.
005317_RUSLAN|Таким нужны розги.
005318_RUSLAN|Это мысль, задумчиво выговорил Баскин.
005319_RUSLAN|Затем размашисто и сильно ударил Дроздова по лицу.
005320_RUSLAN|Я и Мокер схватили его за руки.
005321_RUSLAN|Реакция Дроздова была совершенно неожиданной.
005322_RUSLAN|Он вдруг заметно расцвел.
005323_RUSLAN|И заговорил, обращаясь к Эрику, проникновенно, с чувством
005324_RUSLAN|Ты прав, старик!
005325_RUSLAN|Ты абсолютно прав!
005326_RUSLAN|Это была моя ошибка.
005327_RUSLAN|Непростительная ошибка.
005328_RUSLAN|Я сделал глупость.
005329_RUSLAN|Ну, что я вам говорила?
005330_RUSLAN|обрадовалась машинистка.
005331_RUSLAN|Все молчали.
005332_RUSLAN|Настроение в редакции было мрачное и подавленное.
005333_RUSLAN|И только левая щека Дроздова была на этом фоне единственным ярким пятном.
005334_RUSLAN|А я все думал что же происходит?
005335_RUSLAN|Ей-Богу, смущает меня кипучий антикоммунизм, завладевший умами партийных товарищей.
005336_RUSLAN|Где же вы раньше-то были, не знающие страха публицисты?
005337_RUSLAN|Где вы таили свои обличительные концепции?
005338_RUSLAN|В тюрьму шли Синявский и Гинзбург.
005339_RUSLAN|А где были вы?
005340_RUSLAN|Андропова через океан критиковать не подвиг.
005341_RUSLAN|Вы Боголюбова покритикуйте.
005342_RUSLAN|И тут уж я вам не завидую.
005343_RUSLAN|Неожиданно распахнулась дверь, и Гуревич с порога выкрикнул
005344_RUSLAN|Только что было покушение на Рейгана!..
005345_RUSLAN|ГРУСТНЫЙ МОТИВ
005346_RUSLAN|Боже, в какой ужасной стране мы живем!
005347_RUSLAN|Можно охватить сознанием акт политического террора.
005348_RUSLAN|Признать хоть какую-то логику в безумных действиях шантажиста, мстителя, фанатика религиозной секты.
005349_RUSLAN|С пониманием обсудить мотивы убийства из ревности.
005350_RUSLAN|Взвесить любой человеческий импульс.
005351_RUSLAN|В основе политического террора лежит значительная идея.
005352_RUSLAN|Допустим, идея национального самоопределения.
005353_RUSLAN|Идея социального равенства.
005354_RUSLAN|Идея всеобщего благоденствия.
005355_RUSLAN|Сами идеи достойны, подчас благородны.
005356_RUSLAN|Вызывают безусловный протест лишь чудовищные формы реализации этих идей.
005357_RUSLAN|В политическом террористе мы готовы увидеть человека, фанатичного, жестокого, абсолютно чуждого нам.
005358_RUSLAN|Но человека.
005359_RUSLAN|Мы готовы критиковать его программу.
005360_RUSLAN|Оспаривать его идеи.
005361_RUSLAN|Пытаться спасти в нем живую, хоть и заблудшую душу.
005362_RUSLAN|Любое злодеяние мы стараемся объяснить несовершенством человеческой природы.
005363_RUSLAN|То, что происходит в Америке, находится за объяснимой гранью добра и зла.
005364_RUSLAN|Во имя чего решился на преступление Джон Хинкли?
005365_RUSLAN|Мотивы, рассматриваемые следствием, неправдоподобно убоги.
005366_RUSLAN|Нам известно заключение психиатрической экспертизы.
005367_RUSLAN|Джон Хинкли признан вменяемым, то есть нормальным человеком.
005368_RUSLAN|Американский юноша стреляет в президента, чтобы обратить на себя внимание малознакомой женщины.
005369_RUSLAN|Беда угрожает стране, где такое становится нормой!
005370_RUSLAN|Что-то нарушено в американской жизни.
005371_RUSLAN|Человек может стать звездой экрана или выдающимся писателем.
005372_RUSLAN|Знаменитым спортсменом или видным ученым.
005373_RUSLAN|Крупным бизнесменом или политическим деятелем.
005374_RUSLAN|Все это требует ума, способностей, долготерпения.
005375_RUSLAN|А можно действовать иначе.
005376_RUSLAN|Можно раздобыть пистолет и нажать спусковой крючок.
005377_RUSLAN|Твоя физиономия украсит первые страницы всех американских газет.
005378_RUSLAN|О тебе будет говорить вся страна.
005379_RUSLAN|Правда, недолго.
005380_RUSLAN|До следующего кровавого злодеяния.
005381_RUSLAN|Что-то нарушено в американской жизни!
005382_RUSLAN|Итальянская полиция не без труда освобождает генерала Дозьера.
005383_RUSLAN|Америка ликует.
005384_RUSLAN|Нам вернули украденного боевого генерала!
005385_RUSLAN|Что происходит?!
005386_RUSLAN|В Иране студенты хватают заложников.
005387_RUSLAN|Ведется унизительный торг.
005388_RUSLAN|Наконец измученных дипломатов почти выкупают.
005389_RUSLAN|Американцы устраивают им потрясающую встречу.
005390_RUSLAN|Шампанское льется рекой.
005391_RUSLAN|До чего же низко упал престиж Америки!
005392_RUSLAN|Дипломаты счастливы, что их не перестреляли, как уток.
005393_RUSLAN|Генерал Дозьер сообщает жене
005394_RUSLAN|Я чувствую себя превосходно!
005395_RUSLAN|А я в эту минуту чувствовал себя ужасно.
005396_RUSLAN|Горе той стране, у которой днем воруют полководцев.
005397_RUSLAN|Генерал не пудель.
005398_RUSLAN|Генералов надо охранять.
005399_RUSLAN|Видит Бог, мы покорены Америкой.
005400_RUSLAN|Ее щедростью и благородством.
005401_RUSLAN|И все же что-то нарушено.
005402_RUSLAN|Женщина тонет в реке Потомак.
005403_RUSLAN|Некий храбрец бросается с моста и вытаскивает утопающую.
005404_RUSLAN|Герой, честь ему и хвала!
005405_RUSLAN|Дальше начинается безудержное чествование героя.
005406_RUSLAN|Газеты, журналы, радио и телевидение поют ему дифирамбы.
005407_RUSLAN|Миссис Буш уступает ему свое кресло возле Первой леди.
005408_RUSLAN|Говорят, скоро будет фильм на эту тему.
005409_RUSLAN|А потом и мюзикл.
005410_RUSLAN|Из-за чего столько шума?
005411_RUSLAN|Половина мужского населения Одессы числит за собой такие же деяния.
005412_RUSLAN|СОЛО НА УНДЕРВУДЕ
005413_RUSLAN|Лет десять назад я спас утопающего.
005414_RUSLAN|Вытащил его на берег Черного моря.
005415_RUSLAN|Жили мы тогда в университетском спортивном лагере.
005416_RUSLAN|Ко мне подошел тренер и говорит
005417_RUSLAN|Я о тебе, Довлатов, скажу на вечерней линейке.
005418_RUSLAN|Я обрадовался.
005419_RUSLAN|Мне нравилась гимнастка по имени Люда.
005420_RUSLAN|И не было повода с ней заговорить.
005421_RUSLAN|Вдруг такая удача.
005422_RUSLAN|Стоим мы на вечерней линейке.
005423_RUSLAN|Тренер говорит
005424_RUSLAN|Все на меня смотрят.
005425_RUSLAN|И Люда в том числе.
005426_RUSLAN|А тренер продолжает
005427_RUSLAN|Обратите внимание!
005428_RUSLAN|Живот выпирает, шея неразвитая, плавает, как утюг, а товарища спас!..
005429_RUSLAN|После этого я на Люду и смотреть боялся.
005430_RUSLAN|Так что же происходит в Америке?
005431_RUSLAN|Безумие становится нормальным явлением?
005432_RUSLAN|Нормальный жест воспринимается как подвиг?
005433_RUSLAN|И я, человек неверующий, повторяю
005434_RUSLAN|Боже, вразуми Америку!
005435_RUSLAN|Дай ей обрести силы, минуя наш кошмарный опыт!
005436_RUSLAN|Внуши ей инстинкт самосохранения!
005437_RUSLAN|Заставь покончить с гибельной беспечностью!
005438_RUSLAN|Не дай разувериться, отчаяться, забыть в какой прекрасной стране мы живем!
005439_RUSLAN|ИЗ АМЕРИКИ С ЛЮБОВЬЮ
005440_RUSLAN|Прошло еще два месяца.
005441_RUSLAN|Второй мой рассказ был одобрен журналом Ньюйоркер.
005442_RUSLAN|Одновременно Чарли начал добиваться контракта с приличным издательством.
005443_RUSLAN|Короче, происходило что-то важное.
005444_RUSLAN|А я все думал о газете.
005445_RUSLAN|Хотя пытался говорить себе Осуществляются твои мечты. В шестидесятые годы я был начинающим литератором с огромными претензиями.
005446_RUSLAN|Мое честолюбие было обратно пропорционально конкретным возможностям.
005447_RUSLAN|То есть отсутствие возможностей давало мне право считаться непризнанным гением.
005448_RUSLAN|Примерно так же рассуждали все мои друзья.
005449_RUSLAN|Мы думали Опубликуемся на Западе, и все узнают, какие мы гениальные ребята!.. И вот я на Западе.
005450_RUSLAN|Гения из меня пока не вышло.
005451_RUSLAN|Некоторые иллюзии рассеялись.
005452_RUSLAN|Зато я, кажется, начинаю превращаться в среднего американского беллетриста.
005453_RUSLAN|В одного из многих американских литераторов русского происхождения.
005454_RUSLAN|Боюсь, что мои друзья в России по-прежнему живут иллюзиями.
005455_RUSLAN|Возможностей там явно не прибавилось.
005456_RUSLAN|А следовательно, количество непризнанных гениев заметно возросло.
005457_RUSLAN|Мне давно хотелось написать им примерно следующее
005458_RUSLAN|Дорогие мои!
005459_RUSLAN|Вынужден быть крайне лаконичным.
005460_RUSLAN|Поэтому только о главном.
005461_RUSLAN|Только о наших с вами литературных делах.
005462_RUSLAN|Знайте, что Америка не рай.
005463_RUSLAN|Оказывается, здесь есть все дурное и хорошее.
005464_RUSLAN|Потому что у свободы нет идеологии.
005465_RUSLAN|Свобода в одинаковой мере благоприятствует хорошему и дурному.
005466_RUSLAN|Свобода как луна, безучастно освещающая дорогу хищнику и жертве.
005467_RUSLAN|Перелетев океан, мы живем далеко не в раю.
005468_RUSLAN|Я говорю не о колбасе и джинсах.
005469_RUSLAN|Я говорю только о литературе.
005470_RUSLAN|Первый русский издатель на Западе вам скажет
005471_RUSLAN|Ты не обладаешь достаточной известностью.
005472_RUSLAN|Ты не Солженицын и не Бродский.
005473_RUSLAN|Твоя книга не сулит мне барышей.
005474_RUSLAN|Хочешь, я издам ее на твои собственные деньги?..
005475_RUSLAN|Первый американский издатель выскажется гораздо деликатнее
005476_RUSLAN|Твоя книга прекрасна.
005477_RUSLAN|Но о лагерях мы уже писали.
005478_RUSLAN|О фарцовщиках писали.
005479_RUSLAN|О диссидентах писали.
005480_RUSLAN|Напиши что-то смешное о древнем Египте.
005481_RUSLAN|И вы будете лишены даже последнего утешения неудачника.
005482_RUSLAN|Вы будете лишены права на смертельную обиду.
005483_RUSLAN|Ведь литература здесь принадлежит издателю, а не государству.
005484_RUSLAN|Издатель вкладывает собственные деньги.
005485_RUSLAN|Почему же ему не быть расчетливым и экономным?
005486_RUSLAN|Один издатель мне сказал
005487_RUSLAN|Ты жил в Союзе и печатался на Западе.
005488_RUSLAN|Мог легко угодить в тюрьму или психиатрическую больницу.
005489_RUSLAN|В таких случаях западные газеты поднимают шум.
005490_RUSLAN|Это способствует продаже твоей книги.
005491_RUSLAN|А сейчас ты на воле.
005492_RUSLAN|И в тюрьму при нынешнем образе жизни едва ли угодишь.
005493_RUSLAN|Поэтому я откладываю издание твоей книги до лучших времен.
005494_RUSLAN|Так и сказал до лучших времен.
005495_RUSLAN|Это значит, пока я не сяду в американскую тюрьму.
005496_RUSLAN|Тем не менее вас издадут.
005497_RUSLAN|По-русски и по-английски.
005498_RUSLAN|Потому что издательств русских около сотни, американских десятки тысяч.
005499_RUSLAN|Всегда найдутся деятели, которые уверены, что Ян Флеминг пишет лучше Толстого.
005500_RUSLAN|Рано или поздно вас опубликуют.
005501_RUSLAN|И вы должны быть к этому готовы.
005502_RUSLAN|Потому что ваши иллюзии собственной тайной гениальности неизбежно рассеются.
005503_RUSLAN|Боюсь, что многие из вас окажутся средними писателями.
005504_RUSLAN|Пугаться этого не стоит.
005505_RUSLAN|Только пошляки боятся середины.
005506_RUSLAN|Чаще всего именно на этой территории происходит самое главное.
005507_RUSLAN|И еще одно предостережение.
005508_RUSLAN|Оказавшись на Западе, вы перестанете чувствовать свою аудиторию.
005509_RUSLAN|Для кого и о чем вы пишете?
005510_RUSLAN|Для американцев о России?
005511_RUSLAN|Об Америке для русских?
005512_RUSLAN|Оказывается, вы пишете для себя.
005513_RUSLAN|Для хорошо знакомого и очень близкого человека.
005514_RUSLAN|Для этого монстра, с отвращением наблюдающего, как вы причесываетесь у зеркала.
005515_RUSLAN|Короче, ваше дело раскинуть сети.
005516_RUSLAN|Кто в них попадется американский рабочий, французский буржуа, московский диссидент или сотрудник госбезопасности уже не имеет значения.
005517_RUSLAN|Я знаю, что вам нелегко.
005518_RUSLAN|Знаю, что изменилось качество выбора.
005519_RUSLAN|Раньше приходилось выбирать между советским энтузиазмом и аполитичностью.
005520_RUSLAN|Либо партийная карьера, либо монастырь собственного духа.
005521_RUSLAN|Раньше было два пути.
005522_RUSLAN|Нести рассказы цензору или прятать в стол.
005523_RUSLAN|Сейчас все по-другому.
005524_RUSLAN|На Западе выходят десятки русских журналов и альманахов.
005525_RUSLAN|Десятки издательств выпускают русские книги.
005526_RUSLAN|Так что приходится выбирать между рабством и свободой.
005527_RUSLAN|Между безмолвным протестом и открытым самовыражением.
005528_RUSLAN|Между немотой и речью.
005529_RUSLAN|Мы не осмеливаемся побуждать заключенных к бунту.
005530_RUSLAN|Не смеем требовать от людей бесстрашия.
005531_RUSLAN|Выбор это личное дело каждого.
005532_RUSLAN|И все-таки сделать его необходимо.
005533_RUSLAN|Как это ваша забота и наша печаль.
005534_RUSLAN|Любящий и уважающий вас Сергей Довлатов.
005535_RUSLAN|Атмосфера в редакции накалялась.
005536_RUSLAN|Баскин и Дроздов не разговаривали между собой.
005537_RUSLAN|Я изнурял Вилю Мокера соображениями дисциплины.
005538_RUSLAN|Твердил, что без хорошего администратора газета погибнет.
005539_RUSLAN|Америка, действительно, страна неограниченных возможностей.
005540_RUSLAN|Одна из них возможность прогореть.
005541_RUSLAN|Ларри Швейцер стал довольно агрессивным.
005542_RUSLAN|Он критиковал все, что бы мы ни делали.
005543_RUSLAN|Видно, газета приносила ему серьезные убытки.
005544_RUSLAN|СОЛО НА УНДЕРВУДЕ
005545_RUSLAN|Однажды Швейцер пришел в редакцию и говорит
005546_RUSLAN|Вы расходуете слишком много фотобумаги.
005547_RUSLAN|Она дорогая.
005548_RUSLAN|Что, если делать снимки на обычном картоне?
005549_RUSLAN|Мы изумились
005550_RUSLAN|То есть как?!
005551_RUSLAN|Попробовать-то можно настаивал Швейцер..
005552_RUSLAN|Личные распри влияли на производственные отношения.
005553_RUSLAN|Однажды в редакцию приехала сожительница Дроздова Марина.
005554_RUSLAN|Без единого звука она плюнула в нашу секретаршу Эмму.
005555_RUSLAN|Та сейчас же плеснула в Марину горячим кофе.
005556_RUSLAN|Женщины начали зло и беспомощно драться.
005557_RUSLAN|Их разнимали все, кроме Дроздова.
005558_RUSLAN|Потом он говорил
005559_RUSLAN|Женские дела меня не касаются.
005560_RUSLAN|Уходя и прикрывая расцарапанную щеку, Марина выкрикнула
005561_RUSLAN|Хоть бы сгорела эта поганая редакция!..
005562_RUSLAN|Обстановка в газете стала фантастической.
005563_RUSLAN|Это был некий симбиоз коммунизма и варварства.
005564_RUSLAN|Еда была общая.
005565_RUSLAN|Авторучки, сигареты и портфели общие.
005566_RUSLAN|Зарплаты отсутствовали.
005567_RUSLAN|Но отношения вконец испортились.
005568_RUSLAN|Как известно, вражда это бывшая дружба.
005569_RUSLAN|Даже мы с Баскиным испытывали взаимное раздражение.
005570_RUSLAN|Он считал меня бесхарактерным, вялым интеллигентом.
005571_RUSLAN|А я его прямолинейным, ограниченным тираном.
005572_RUSLAN|Что-то должно было случиться.
005573_RUSLAN|При этом, чем хуже складывались обстоятельства и русской газете, тем успешнее шли мои дела в американской литературе.
005574_RUSLAN|В апреле со мной подписали договор на книгу.
005575_RUSLAN|В пять утра меня разбудил телефонный звонок.
005576_RUSLAN|Бодрый голос спросил
005577_RUSLAN|Вы из русской газеты?
005578_RUSLAN|А я из полиции.
005579_RUSLAN|У вас там пожар!
005580_RUSLAN|В редакции газеты.
005581_RUSLAN|Срочно приезжайте к месту происшествия.
005582_RUSLAN|Этого еще не хватало!..
005583_RUSLAN|Я натянул брюки и побежал к Эрику.
005584_RUSLAN|Тот уже все знал.
005585_RUSLAN|Он был в костюме и даже при галстуке.
005586_RUSLAN|Мало того, успел побриться, старый щеголь.
005587_RUSLAN|У лифта нам встретился Мокер.
005588_RUSLAN|Ему уже тоже позвонили.
005589_RUSLAN|Дроздов жил в соседнем крыле.
005590_RUSLAN|Мы решили для быстроты пройти через крышу.
005591_RUSLAN|Лева открыл нам сонный, в майке и трусах.
005592_RUSLAN|Телефон он ночью выключает.
005593_RUSLAN|Куда вы его тащите?
005594_RUSLAN|зашумела Марина.
005595_RUSLAN|Бессовестные!
005596_RUSLAN|Он и так работает круглые сутки.
005597_RUSLAN|Вчера явился около трех часов ночи.
005598_RUSLAN|Вернее сегодня.
005599_RUSLAN|Но мы уже спускались вниз.
005600_RUSLAN|Дроздов застегивал на ходу брезентовую куртку.
005601_RUSLAN|Решили ловить такси.
005602_RUSLAN|До метро от нас больше километра.
005603_RUSLAN|Машину удалось поймать только возле Квинс-бульвара.
005604_RUSLAN|Подъехали к редакции минут через сорок.
005605_RUSLAN|По дороге водителю нужно было заправиться.
005606_RUSLAN|У подъезда стояли два красных фургона.
005607_RUSLAN|Рядом курили пожарные в шлемах и болотных сапогах.
005608_RUSLAN|Под ногами извивались черные блестящие шланги.
005609_RUSLAN|Возле двери стоял полицейский.
005610_RUSLAN|К нему мы и обратились.
005611_RUSLAN|Не волнуйтесь, ребята.
005612_RUSLAN|Пожар ликвидирован.
005613_RUSLAN|Вам повезло, что напротив бордель.
005614_RUSLAN|Девицы работают круглые сутки.
005615_RUSLAN|Заметили огонь и позвонили.
005616_RUSLAN|Могли ведь и не позвонить.
005617_RUSLAN|Работа у девчат тяжелая, однообразная.
005618_RUSLAN|А пожар все-таки развлечение.
005619_RUSLAN|Полицейский вызвал лифт.
005620_RUSLAN|Держался он вполне миролюбиво.
005621_RUSLAN|Не знаю, что тут преобладало, оптимизм или равнодушие.
005622_RUSLAN|Помещение редакции было залито водой.
005623_RUSLAN|В лужах плавали обгоревшие хлопья бумаги.
005624_RUSLAN|На почерневших стенах висели обрывки проводов.
005625_RUSLAN|Стоял отвратительный запах мокрой гари.
005626_RUSLAN|Пластмассовый корпус наборной машины сгорел.
005627_RUSLAN|Диван и кресла превратились в черные обуглившиеся рамы.
005628_RUSLAN|Телефонные аппараты расплавились.
005629_RUSLAN|Стекла были выбиты.
005630_RUSLAN|В редакции находилось еще трое полицейских.
005631_RUSLAN|Нас развели по углам и коротко допросили.
005632_RUSLAN|Вернее, записали наши координаты.
005633_RUSLAN|Помимо этого мне задали только два вопроса.
005634_RUSLAN|Занимаетесь ли вы антигосударственной деятельностью?
005635_RUSLAN|Сначала я хотел ответить Неужели вы думаете, что если бы я и занимался, то.
005636_RUSLAN|Потом сказал
005637_RUSLAN|Тогда полицейский спросил
005638_RUSLAN|Как вы думаете, это поджог?
005639_RUSLAN|Кого вы подозреваете?
005640_RUSLAN|Кто мог это сделать?
005641_RUSLAN|У вас есть конкуренты?
005642_RUSLAN|Идейные противники?
005643_RUSLAN|У меня нет идейных противников.
005644_RUSLAN|Хотя бы потому, что у меня нет идей.
005645_RUSLAN|Это все, сказал полицейский, можете идти.
005646_RUSLAN|Мы займемся расследованием.
005647_RUSLAN|Завтра вам надлежит явиться по такому адресу.
005648_RUSLAN|Он протянул мне визитную карточку.
005649_RUSLAN|Я еще раз оглядел помещение.
005650_RUSLAN|Диван и кресла были сдвинуты.
005651_RUSLAN|Вернее их почерневшие останки.
005652_RUSLAN|За диваном у окна валялся корпус рефлектора.
005653_RUSLAN|Мои коллеги тоже освободились.
005654_RUSLAN|Мы вышли на улицу.
005655_RUSLAN|Пожарные сворачивали шланги.
005656_RUSLAN|Мы решили где-то позавтракать и выпить кофе.
005657_RUSLAN|На лбу у Баскина чернела сажа.
005658_RUSLAN|Я хотел дать ему носовой платок.
005659_RUSLAN|Эрик вытащил свой.
005660_RUSLAN|Все мы были подавлены.
005661_RUSLAN|И только Дроздов осторожно воскликнул
005662_RUSLAN|Старики, а может, все это к лучшему?
005663_RUSLAN|Давайте выйдем из пламени обновленными!..
005664_RUSLAN|Уймись, сказал ему Мокер.
005665_RUSLAN|Мы зашли в ближайшее кафе.
005666_RUSLAN|Что-то заказали прямо у стойки.
005667_RUSLAN|Мокер прикурил и говорит
005668_RUSLAN|А что, если все это дело рук Боголюбова?
005669_RUSLAN|Разве трудно нанять ему за четыреста долларов любого уголовника?
005670_RUSLAN|Баскин перебил его
005671_RUSLAN|У меня другое подозрение.
005672_RUSLAN|Что вы думаете насчет кэгэбэ?
005673_RUSLAN|Гениальная идея!
005674_RUSLAN|воскликнул Дроздов.
005675_RUSLAN|Надо сообщить об этом полиции!
005676_RUSLAN|Не исключено, что кэгэбэ и Боголюбов действовали совместно.
005677_RUSLAN|Я в этом почти уверен.
005678_RUSLAN|На сто процентов.
005679_RUSLAN|Тогда я повернулся к Дроздову и спрашиваю
005680_RUSLAN|Можешь раз в жизни быть приличным человеком?
005681_RUSLAN|Можешь честно ответить на единственный вопрос?
005682_RUSLAN|Ты ночевал в редакции с бабой?
005683_RUSLAN|Дроздов как-то нелепо пригнулся.
005684_RUSLAN|Глаза его испуганно забегали.
005685_RUSLAN|Он произнес скороговоркой
005686_RUSLAN|Что значит ночевал?
005687_RUSLAN|Я ушел, когда не было двух.
005688_RUSLAN|Что тут особенного?
005689_RUSLAN|Значит, ты был в редакции ночью?
005690_RUSLAN|Дроздов, потирая руки, захихикал
005691_RUSLAN|При чем тут это, старик?
005692_RUSLAN|Допустим, был.
005693_RUSLAN|Все мы не ангелы.
005694_RUSLAN|Это такая баба.
005695_RUSLAN|Нечто фантастическое.
005696_RUSLAN|У нее зад, как печь.
005697_RUSLAN|задумчиво выговорил Баскин.
005698_RUSLAN|Так значит печь?!
005699_RUSLAN|Его лицо выражало напряженную работу мысли.
005700_RUSLAN|Глаза округлились.
005701_RUSLAN|На щеках выступили багровые пятна.
005702_RUSLAN|Наконец он воскликнул
005703_RUSLAN|Ты оставил рефлектор, мерзавец!
005704_RUSLAN|Ты кинул палку, сволочь, и удрал!
005705_RUSLAN|А над рефлектором болталась штора.
005706_RUSLAN|Тихо, скачал Мокер, официант поглядывает.
005707_RUSLAN|Клал я на официанта, выкрикнул Баскин, задушу гада!..
005708_RUSLAN|Дроздов повторял
005709_RUSLAN|Я был в невменяемом состоянии.
005710_RUSLAN|Я, можно сказать, впервые полюбил.
005711_RUSLAN|Я бешено увлекся.
005712_RUSLAN|Баскин издал глухое рычание.
005713_RUSLAN|Я спросил у Мокера
005714_RUSLAN|Хоть компьютер-то был застрахован?
005715_RUSLAN|Как тебе сказать?..
005716_RUSLAN|В принципе..
005717_RUSLAN|начал Мокер и осекся.
005718_RUSLAN|Рычание Баскина перешло в короткий дребезжащий смешок.
005719_RUSLAN|Тогда я сказал
005720_RUSLAN|Нужно выпить.
005721_RUSLAN|Нужно выпить.
005722_RUSLAN|Нужно выпить.
005723_RUSLAN|А то будут жертвы.
005724_RUSLAN|Необходимо выпить и мирно разойтись.
005725_RUSLAN|Хотя бы на время.
005726_RUSLAN|Иначе я задушу Мокера, а Эрик Левку.
005727_RUSLAN|Сбегать? коротко предложил Дроздов.
005728_RUSLAN|Я пойду с тобой, вызвался Мокер.
005729_RUSLAN|Кажется, впервые он решил совершить нечто будничное и заурядное.
005730_RUSLAN|А может, боялся с нами оставаться.
005731_RUSLAN|Мы собрали по доллару.
005732_RUSLAN|Виля с Дроздовым ушли.
005733_RUSLAN|Говорить было не о чем.
005734_RUSLAN|Эрик решил позвонить жене.
005735_RUSLAN|Через минуту он вернулся и сказал
005736_RUSLAN|Затем подозвал официанта и уплатил.
005737_RUSLAN|Мы даже не попрощались.
005738_RUSLAN|Я посидел минуты две и тоже решил уйти.
005739_RUSLAN|Пить мне не стоило.
005740_RUSLAN|В час мы должны были увидеться с Линн Фарбер.
005741_RUSLAN|Я вышел на Бродвей.
005742_RUSLAN|Прямо на тротуаре были разложены сумки и зонтики.
005743_RUSLAN|Огромный негр, стоя возле ящика из-под радиолы, тасовал сверкающие глянцевые карты.
005744_RUSLAN|Дым от уличных жаровен поднимался к небу.
005745_RUSLAN|Из порнографических лавок доносился запах карамели.
005746_RUSLAN|Бесчисленные транзисторы наполняли воздух пульсирующими звуками джаза.
005747_RUSLAN|Я шел сквозь гул и крики.
005748_RUSLAN|Я был частью толпы и все же ощущал себя посторонним.
005749_RUSLAN|А может быть, все здесь испытывали нечто подобное?
005750_RUSLAN|Может быть, в этом и заключается главный секрет Америки?
005751_RUSLAN|В умении каждого быть одним из многих?
005752_RUSLAN|И сохранять при этом то, что дорого ему одному?..
005753_RUSLAN|Сегодня я готов был раствориться в этой толпе.
005754_RUSLAN|Но уже завтра все может быть по-другому.
005755_RUSLAN|Потому что долгие годы я всего лишь боролся за жизнь и рассудок.
005756_RUSLAN|В этом мне помогал инстинкт самосохранения.
005757_RUSLAN|И может быть, еще сегодня я дорожу жизнью как таковой.
005758_RUSLAN|Но уже завтра мне придется думать о будущем.
005759_RUSLAN|Да, я мечтал породниться с Америкой.
005760_RUSLAN|Однако не хотел, чтобы меня любили.
005761_RUSLAN|И еще меньше хотел, чтобы терпели, не любя.
005762_RUSLAN|Я мечтал о человеческом равнодушии.
005763_RUSLAN|О той глубокой безучастности, которая служит единственной формой неоспоримого признания.
005764_RUSLAN|Смогу ли я добиться этого?
005765_RUSLAN|Недостаточно полюбить этот город, сохранивший мне жизнь.
005766_RUSLAN|Теперь мне бы хотелось достичь равнодушия к нему.
005767_RUSLAN|Я остановился перед витриной магазина Барнис.
005768_RUSLAN|Лица манекенов светились безучастностью и равнодушием.
005769_RUSLAN|Я постоял еще минуту и снова оказался в толпе.
005770_RUSLAN|Она поглотила меня без всякого любопытства.
005771_RUSLAN|Воздух был сыроватым и теплым.
005772_RUSLAN|Из-под асфальта доносился грохот сабвея.
005773_RUSLAN|Боковые улицы казались неожиданно пустынными.
005774_RUSLAN|В тупике неловко разворачивался грузовик.
005775_RUSLAN|Я двинулся вперед, разглядывая тех, кому шел навстречу.
005776_RUSLAN|…И остался я без работы. Может, думаю, на портного выучиться? 
005777_RUSLAN|Я заметил у портных всегда хорошее настроение… Встречаю Логинова с телевидения. Привет. Ну, как? 
005778_RUSLAN|Да вот, ищу работу. Есть вакансия. Газета «На страже Родины». Запиши фамилию Каширин. 
005779_RUSLAN|Каширин опытный журналист. Человек довольно мягкий… Дерьмо, говорю, тоже мягкое. 
005780_RUSLAN|Ты что, его знаешь? Нет. А говоришь… Запиши фамилию. Я записал. Ты бы оделся как следует. 
005781_RUSLAN|Моя жена говорит, если бы ты оделся как следует… Между прочим, его жена звонит как‑то раз… Стоп! 
005782_RUSLAN|Открывается широкая волнующая тема. Уведет нас далеко в сторону… Заработаю оденусь. 
005783_RUSLAN|Куплю себе цилиндр… Я достал свои газетные вырезки. Отобрал наиболее стоящие. Каширин мне не понравился. 
005784_RUSLAN|Тусклое лицо, армейский юмор. Взглянув на меня, сказал Вы, конечно, беспартийный? Я виновато кивнул. 
005785_RUSLAN|С каким‑то идиотским простодушием он добавил Человек двадцать претендовало на место. 
005786_RUSLAN|Поговорят со мной… и больше не являются. Вы хоть телефон оставьте. 
005787_RUSLAN|Я назвал случайно осевший в памяти телефон химчистки. Дома развернул свои газетные вырезки. 
005788_RUSLAN|И все же какие‑то люди стоят за этим, какие‑то разговоры, чувства, действительность… Не в самих листах, а там, на горизонте…
005789_RUSLAN|Кое‑что перечитал. Задумался… Пожелтевшие листы. Десять лет вранья и притворства. 
005790_RUSLAN|Трудна дорога от правды к истине. В один ручей нельзя ступить дважды. 
005791_RUSLAN|Но можно сквозь толщу воды различить усеянное консервными банками дно. 
005792_RUSLAN|А за пышными театральными декорациями увидеть кирпичную стену, веревки, огнетушитель и хмельных работяг. 
005793_RUSLAN|Это известно всем, кто хоть раз побывал за кулисами… Начнем с копеечной газетной информации. 
005794_RUSLAN|Компромисс первый «НАУЧНАЯ КОНФЕРЕНЦИЯ. 
005795_RUSLAN|Ученые восьми государств прибыли в Таллинн на седьмую Конференцию по изучению Скандинавии и Финляндии. 
005796_RUSLAN|Это специалисты из эссесээр, Польши. Венгрии. гэдээр, Финляндии. Швеции. Дании и феэргэ. 
005797_RUSLAN|На конференции работают шесть секций. Более ста тридцати ученых историков. 
005798_RUSLAN|археологов, лингвистов выступят с докладами и сообщениями. 
005799_RUSLAN|Конференция продлится до шестнадцатого ноября». Конференция состоялась в Политехническом институте. 
005800_RUSLAN|Я туда заехал, побеседовал. Через пять минут информация была готова. Отдал ее в секретариат. 
005801_RUSLAN|Появляется редактор Туронок, елейный, марципановый человек. Тип застенчивого негодяя. 
005802_RUSLAN|Вы допустили грубую идеологическую ошибку. ? Вы перечисляете страны… Разве нельзя? Можно и нужно. 
005803_RUSLAN|Дело в том, как вы их перечисляете. В какой очередности. 
005804_RUSLAN|Там идут Венгрия, гэдээр, Дания, затем Польша, эссесээр, феэргэ… Естественно, по алфавиту. 
005805_RUSLAN|Это же внеклассовый подход, застонал Туронок, существует железная очередность. 
005806_RUSLAN|Демократические страны вперед! Затем нейтральные государства. И, наконец, участники блока… 
005807_RUSLAN|Окей, говорю. Я переписал информацию, отдал в секретариат. Назавтра прибегает Туронок 
005808_RUSLAN|Вы надо мной издеваетесь! Вы это умышленно проделываете?! Что такое? 
005809_RUSLAN|Вы перепутали страны народной демократии. У вас гэдээр после Венгрии. Опять по алфавиту?! 
005810_RUSLAN|Забудьте это оппортунистическое слово! Вы работник партийной газеты. Венгрию на третье место! 
005811_RUSLAN|Там был путч. А с Германией была война. Не спорьте! Зачем вы спорите?! Это другая Германия, другая! 
005812_RUSLAN|Не понимаю, кто вам доверил?! Политическая близорукость! Нравственный инфантилизм! Будем ставить вопрос… 
005813_RUSLAN|За информацию мне уплатили два рубля. Я думал три заплатят… Компромисс второй 
005814_RUSLAN|«СОПЕРНИКИ ВЕТРА (Таллиннскому ипподрому пятьдесят лет). Известные жокеи. 
005815_RUSLAN|кумиры публики это прежде всего опытные зоотехники. 
005816_RUSLAN|которые настойчиво и терпеливо совершенствуют породу. 
005817_RUSLAN|развивают у своих «воспитанников» ценные наследственные признаки. 
005818_RUSLAN|Кроме того. это спортсмены высокой квалификации. 
005819_RUSLAN|За пятьдесят лет спортсмены отвоевали немало призов и дипломов, а в одна тысяча девятьсот шестьдесят девятом году мастер‑наездник Антон Дукальский на жеребце Тальник выиграл Большой всесоюзный приз.
005820_RUSLAN|которые раз в неделю отчитываются в своих успехах перед взыскательной таллиннской публикой. 
005821_RUSLAN|Среди звезд таллиннского ипподрома выделяются опытные мастера Л.Юргенс. Э.Ильвес. Х. Ныммисте. 
005822_RUSLAN|Подает надежды молодой спортсмен А. Иванов. 
005823_RUSLAN|В ознаменование юбилея на ипподроме состоится первого августа конный праздник». 
005824_RUSLAN|Таллиннский ипподром представляет собой довольно жалкое зрелище. Грязноватое поле, косые трибуны. 
005825_RUSLAN|Земля усеяна обрывками использованных билетов. 
005826_RUSLAN|Ипподром единственное место, где торгуют в розлив дешевым портвейном. 
005827_RUSLAN|В кассе имеются билеты двух типов экспрессы и парки. 
005828_RUSLAN|Заказывая экспресс, вы должны угадать лидеров в той последовательности, в какой они финишируют. 
005829_RUSLAN|Парка угадываете двух сильнейших финалистов в любой очередности. 
005830_RUSLAN|За парный билет соответственно выплата меньше. И за фаворитов платят мало. 
005831_RUSLAN|На них ставит весь ипподром, все новички. Значительный куш дают плохие лошади, случайно оказавшиеся впереди. 
005832_RUSLAN|Фаворита угадать нетрудно. 
005833_RUSLAN|Труднее предусмотреть неожиданное вспышку резвости у какого‑нибудь шелудивого одра. 
005834_RUSLAN|Классные наездники за большие деньги придерживают фаворитов. Умело отстать это тоже искусство. 
005835_RUSLAN|Это даже труднее, чем победить. Впереди оказываются посредственные лошади. 
005836_RUSLAN|Выигрыши достигают иногда ста пятидесяти рублей. У них солидная клиентура. 
005837_RUSLAN|Проще договориться с жокеем третьей категории. Играть на бегах ему запрещено. 
005838_RUSLAN|Он действует через подставных лиц. Берет программу завтрашних скачек и размечает ее для вас. 
005839_RUSLAN|Указывает трех сильнейших лошадей в каждом заезде. 
005840_RUSLAN|А вы, согласно указаниям, покупаете билеты и на его долю тоже. 
005841_RUSLAN|Я решил написать юбилейную заметку об ипподроме. Побеседовал с директором А. Мельдером. 
005842_RUSLAN|Он вызвал Толю Иванова. Вот, говорит, молодое дарование. Мы пошли с Ивановым в буфет. Я сказал 
005843_RUSLAN|У меня есть лишние деньги, рублей восемьдесят. Что вы посоветуете? В смысле? Я имею в виду бега. 
005844_RUSLAN|Иванов опасливо на меня взглянул. Не бойся, говорю, я не провокатор, хоть и журналист. Да я не боюсь. 
005845_RUSLAN|Так в чем же дело? В результате он «подписался» 
005846_RUSLAN|Дукель (то есть Дукальский) ставит через приезжих латышей. Это крутой солидняк. 
005847_RUSLAN|Берут заезды целиком, причесывают наглухо. Но это в конце, при значительных ставках. 
005848_RUSLAN|А первые три заезда можно взять. Я достал программу завтрашних скачек. Толя вынул карандаш… 
005849_RUSLAN|После третьего заезда мне выплатили шестьдесят рублей. 
005850_RUSLAN|В дальнейшем мы систематически уносили от тридцати до восьмидесяти. Жаль, что бега проводились раз в неделю. 
005851_RUSLAN|Летом Толя Иванов сломал ногу и обе ключицы. Лошади тут ни при чем. Он выпал пьяный из такси. 
005852_RUSLAN|С ипподромом было покончено. Уже несколько лет «соперник ветра» работает барменом в Мюнди. 
005853_RUSLAN|Компромисс третий «Я ЧУВСТВУЮ СЕБЯ КАК ДОМА (Гости Таллинна). 
005854_RUSLAN|У Аллы Мелешко на редкость привлекательное лицо. Это. конечно. не главное в жизни. 
005855_RUSLAN|И все‑таки. все‑таки… Может быть. 
005856_RUSLAN|именно здесь таится причина неизменного расположения окружающих к этой смешливой. чуть угловатой девчонке… 
005857_RUSLAN|Не является участником высокого научного симпозиума. Спортивные рекорды не ее удел… 
005858_RUSLAN|Аллу привело в наш город… любопытство. Да, да, именно любопытство. беспокойное чувство. 
005859_RUSLAN|заставляющее человека неожиданно покидать городской уют. Я бы назвал его чувством дороги. 
005860_RUSLAN|соблазном горизонта, извечным нетерпением путника… 
005861_RUSLAN|«В неустойчивости движение!» писал знаменитый теоретик музыки Черни… 
005862_RUSLAN|Мы решили задать Алле несколько вопросов Что вы можете сказать о Таллинне? 
005863_RUSLAN|Это замечательный город, уютный и строгий. Поражает гармоническим контрастом старины и модерна. 
005864_RUSLAN|В его тишине и спокойствии ощущается гордая мощь… Как вы здесь оказались? 
005865_RUSLAN|Я много слышала о здешних дизайнерах и живописцах. Кроме того. я люблю море… Вы путешествуете одна? 
005866_RUSLAN|Мои неизменные спутники фотоаппарат и томик Александра Блока. Где вы успели побывать? 
005867_RUSLAN|На Вышгороде и в Кадриорге. где меня окружали ручные белки. доверчивые и трогательные. 
005868_RUSLAN|Каковы ваши дальнейшие планы? Кончится лето. Начнутся занятия в моей хореографической студии. 
005869_RUSLAN|Снова упорный труд, напряженная работа… Но пока я чувствую себя здесь как дома!» 
005870_RUSLAN|В этой повести нет ангелов и нет злодеев… Нет грешников и праведников нет. Да и в жизни их не существует. 
005871_RUSLAN|Вот уже несколько лет я наблюдаю… Один редактор говорил мне У тебя все действующие лица подлецы. 
005872_RUSLAN|Если уж герой подлец, ты должен логикой рассказа вести его к моральному краху. Или к возмездию. 
005873_RUSLAN|А у тебя подлецы нечто естественное, как дождь или снег… 
005874_RUSLAN|Редактор глядел на меня как на человека, оказавшегося в нехорошей компании и пытающегося выгородить своих дружков…
005875_RUSLAN|Где же тут подлецы? спрашивал я. Кто, например, подлец? 
005876_RUSLAN|Я давно уже не разделяю людей на положительных и отрицательных. А литературных героев тем более. 
005877_RUSLAN|Кроме того, я не уверен, что в жизни за преступлением неизбежно следует раскаяние, а за подвигом блаженство. 
005878_RUSLAN|Наши свойства, достоинства и пороки извлечены на свет божий чутким прикосновением жизни… «Натура ты моя богиня!» И так далее… Ладно…
005879_RUSLAN|Выведен также Миша Шаблинский, с характерными для него выражениями «спонтанная апперцепция», «имманентный дуализм»… Далее фигурирует Митя Кленский, его тоже легко узнать.
005880_RUSLAN|Пристрастие к анодированным зажимам для галстука и толстым мундштукам из фальшивого янтаря снискало ему широкую известность.
005881_RUSLAN|В этой повести нет ангелов и нет злодеев, да и быть не может. Один из героев я сам. Что нас сближало? 
005882_RUSLAN|Может быть, как это получше выразиться, легкая неприязнь к официальной стороне газетной работы. 
005883_RUSLAN|В нашей конторе из тридцати двух сотрудников по штату двадцать восемь называли себя «Золотое перо республики».
005884_RUSLAN|Какой‑то здоровый цинизм, помогающий избегать громких слов… 
005885_RUSLAN|Дима Шер, написавший в одной корреспонденции «Искусственная почка будничное явление наших будней», слыл дубовым пером.
005886_RUSLAN|Мы трое в порядке оригинальности назывались серебряными. В общем, мы дружили. 
005887_RUSLAN|Шаблинский работал в промышленном отделе, его материалы не вызывали дискуссий. 
005888_RUSLAN|В них преобладали цифры, рассчитанные на специфического читателя. 
005889_RUSLAN|Кленский трудился в отделе спорта, вел ежедневную хронику. Его точные деловые сообщения были лишены эмоций. 
005890_RUSLAN|Я писал фельетоны. Мне еще в апреле сказал редактор «Будешь писать фельетоны дадим квартиру». 
005891_RUSLAN|Трудное это дело. Каждый факт надо тщательно проверять. Объекты критики изворачиваются, выгораживая себя. 
005892_RUSLAN|Город маленький, люди на виду. Короче, дважды меня пытались бить. 
005893_RUSLAN|Один раз грузчики товарной станции (им это удалось). 
005894_RUSLAN|Затем фарцовщик Чигирь, который ударил меня шляпой «борсалино» и тут же получил нокаут. 
005895_RUSLAN|На мои выступления приходили бесчисленные отклики. Иногда в угрожающей форме. Меня это даже радовало. 
005896_RUSLAN|Ненависть означает, что газета еще способна возбуждать страсти. Каждый из нас занимался своим делом. 
005897_RUSLAN|Все трое неплохо зарабатывали. 
005898_RUSLAN|Шаблинский привозил из командировок вяленую рыбу, утиные яйца и даже живых поросят. 
005899_RUSLAN|Кленский писал монографии за одного ветерана спорта, которого называл «добрый плантатор». 
005900_RUSLAN|Короче, работали мы добросовестно и честно… Что же дальше? Ничего особенного. 
005901_RUSLAN|К Мите Кленскому приехала гостья из Двинска. Я даже не знаю, что она имела в виду. 
005902_RUSLAN|Есть такие молодые женщины, не то чтобы порочные, развратные, нет, а, как бы это лучше выразиться, беспечные. 
005903_RUSLAN|Их жизнь сплошное действие. За нагромождением поступков едва угадывается душа. 
005904_RUSLAN|С чудовищными усилиями, ценою всяких жертв обзаводятся, например, девушки импортными сапогами. 
005905_RUSLAN|Трудно представить, как много времени и сил это отнимает. А потом демонстрация импортных сапог. 
005906_RUSLAN|Бесчисленные компании, танцы или просто от универмага до ратуши, мимо сияющих витрин. 
005907_RUSLAN|Иногда сапоги темнеют около вашей кровати массивные подошвы, надломленные голенища. 
005908_RUSLAN|И не какой‑то жуткий разврат. Просто девушки не замужем. Выпили, автобусы не ходят, такси не поймать. 
005909_RUSLAN|И хозяин такой симпатичный. 
005910_RUSLAN|В доме три иконы, автограф Магомаева, эстампы, Коул Портер… По вечерам девушки танцуют, а днем работают. 
005911_RUSLAN|И неплохо работают. А в гости ходят к интересным людям. К журналистам, например… Митя заглянул к нам в отдел. 
005912_RUSLAN|С ним была девушка. Посиди тут, сказал он ей, мой зав не в духе. Серж, ничего, она здесь посидит? Я сказал 
005913_RUSLAN|Ничего. Девушка села у окна, вынула пудреницу. Митя ушел. Я продолжал трудиться без особого рвения. 
005914_RUSLAN|Фельетон, который я писал, назывался «ВМК без ретуши». Что такое «ВМК» начисто забыл… Как вас зовут? 
005915_RUSLAN|Алла Мелешко. А правда, что все журналисты мечтают написать роман? Нет, солгал я. 
005916_RUSLAN|Девушка подкрасила губы и начала вертеться. Я спросил Где вы учитесь? Тут она начала врать. 
005917_RUSLAN|Какая‑то драматическая студия, какая‑то пантомима, югославский режиссер вызывает ее на съемки. 
005918_RUSLAN|Зовут режиссера Йошко Гати. Но какой‑то «Интерсин» валюту не переводит… 
005919_RUSLAN|Как благородно эволюционировало вранье за последние двести лет! 
005920_RUSLAN|Раньше врали, что есть жених, миллионер и коннозаводчик. Теперь врут про югославского режиссера. 
005921_RUSLAN|Хлестаков был с Пушкиным на дружеской ноге, а мой знакомый Геныч вернулся из Москвы подавленный и тихий Олжаса Сулейменова увидел в ЦУМе.
005922_RUSLAN|Когда‑то человек гордился своими рысаками, а теперь… вельветовыми шлепанцами из Польши. 
005923_RUSLAN|Даже интеллигентные люди врут, что у них приличная зарплата. 
005924_RUSLAN|Я сам всегда рублей двадцать прибавляю, хотя действительно неплохо зарабатываю… Ладно… Стала она врать. 
005925_RUSLAN|Я в таких случаях молчу пусть. Бескорыстное вранье это не ложь, это поэзия. 
005926_RUSLAN|Я даже почему‑то уверен, что ее вовсе не Аллой звали… Потом явился Кленский. 
005927_RUSLAN|Ну все, говорит, триста строк у ответсека в папке. Можно и расслабиться. 
005928_RUSLAN|Я мигом закруглил свой фельетон. Написал что‑то такое «…Почему молчали цеховые активисты? 
005929_RUSLAN|Куда глядел товарищеский суд? 
005930_RUSLAN|Ведь давно известно, что алчность, умноженная на безнаказанность, кончается преступлением!..» 
005931_RUSLAN|Ну, пошли, говорит Кленский, сколько можно ждать?! Я сдал фельетон, и мы позвонили Шаблинскому. 
005932_RUSLAN|Он искренне реагировал на призыв У Розки сессия. Денег восемь рублей. Завтра у меня творческая среда. 
005933_RUSLAN|Как говорится, одно к одному… Мы собрались на лестничной площадке возле лифта. 
005934_RUSLAN|Подошел Жбанков со вспышкой, молча сфотографировал Аллу и удалился. Какие планы? спросил я. 
005935_RUSLAN|Позвоним Верке. 
005936_RUSLAN|Вера Хлопина работала в машинописном бюро, хотя легко могла стать корректором и даже выпускающим. 
005937_RUSLAN|Нервная, грамотная и толковая, она вредила себе истерической, дерзкой прямотой. 
005938_RUSLAN|Холостяцкая обстановка, две комнаты, Верины подружки, музыка… Выпив буквально две рюмки, Хлопина становилась опасной.
005939_RUSLAN|У нее охотно собиралось газетное руководство. Если ей что‑то не нравилось, она не подбирала выражений. 
005940_RUSLAN|Помню, она кричала заместителю редактора молодежной газеты Вейсблату Нет, вы только послушайте! 
005941_RUSLAN|Он же темный, как Армстронг! Его в гараж механиком не примут! И женщинам от нее доставалось. 
005942_RUSLAN|За все за умение сублимировать грешки, за импортные наряды, за богатых и вялых мужей.  
005943_RUSLAN|Нам троим Вера симпатизировала. И правильно. Мы не были карьеристами, не покупали автомашин, не важничали. 
005944_RUSLAN|И мы любили Веру. Хотя отношения с ней у всех троих были чисто приятельские. 
005945_RUSLAN|Вечно раскрасневшаяся, полная, чуточку нелепая, она была предельно целомудренна. 
005946_RUSLAN|Хлопина не то чтобы любила выпить. 
005947_RUSLAN|Просто ей нравилось организовывать дружеские встречи, суетиться, бегать за рислингом, готовить закуску. 
005948_RUSLAN|Нам она говорила Сейчас позвоню Людке из галантерейного отдела. Это фантастика! Осиная талия! 
005949_RUSLAN|Глазищи зеленые, вот такие!.. Людке кричала по телефону Все бросай, лови мотор и к нам! Жду! Что? 
005950_RUSLAN|Писатели, журналисты, водки навалом, торт… 
005951_RUSLAN|В результате приезжала Людка, высокая, стройная, действительно глазищи… с мужем, капитаном УВД… 
005952_RUSLAN|Все это делалось абсолютно бескорыстно. Просто Вера была одинока. И вот мы к ней поехали. 
005953_RUSLAN|Купили джина с тоником и все, что полагается. Должен сказать, я эти вечеринки изучил. 
005954_RUSLAN|Знаю наперед, что будет дальше. Да и проходят они всегда одинаково. Раз и навсегда заведенный порядок. 
005955_RUSLAN|Своего рода концерт, где все номера значатся в программе. 
005956_RUSLAN|Там будут вальдшнепы орлиных размеров, лесная избушка с финской баней, ереванский коньяк… Затем я перебью его своей излюбленной шуткой
005957_RUSLAN|Шаблинский поведает о какой‑нибудь фантастической горкомовской охоте. 
005958_RUSLAN|А среди деревьев бегают инструкторы райкома в медвежьих шкурах… 
005959_RUSLAN|Завидуешь, беззлобно ухмыльнется Шаблинский, я же говорил поедем… 
005960_RUSLAN|Затем Кленский сообщит что‑нибудь об ипподроме. 
005961_RUSLAN|«Дукель его причесывает на вираже, у фаворита четыре сбоя, у меня в кармане шесть экспрессов, и в результате столб‑галоп!..»
005962_RUSLAN|И будут мелькать удивительные лошадиные клички Ганнибал, Веселая Песенка, Рок‑н‑ролл. 
005963_RUSLAN|Затем хозяйка опьянеет и выскажет то, что думает о каждом из нас. Но мы привыкли и не обижаемся. 
005964_RUSLAN|Кленскому достанется за его безвкусный галстук. Мне за лояльность по отношению к руководству. 
005965_RUSLAN|Потом начнутся вечные журналистские разговоры, кто бездарный, кто талантливый, и довоенные пластинки, и слезы, и чудом купленная водка, и «ты меня уважаешь?» в финале.
005966_RUSLAN|Шаблинскому за снобизм. Выяснится, что она требовательно и пристрастно изучает все наши корреспонденции. 
005967_RUSLAN|Кстати, неплохая рубрика для сатирического отдела… В общем, так и получилось. 
005968_RUSLAN|Вера опьянела, целовала портрет Добролюбова «Какие были люди!..» Шаблинский рассказал какую‑то пошлость о Добролюбове, я вяло опроверг.
005969_RUSLAN|Жарили какие‑то сосиски на палочках. 
005970_RUSLAN|Алла врала что‑то трогательное в своей неубедительности, якобы Одри Хепберн прислала ей красящий шампунь… 
005971_RUSLAN|Потом она уединилась с Митей на кухне. А Кленский обладал поразительным методом воздействия на женщин. 
005972_RUSLAN|И что бы он им ни говорил «Вы склонны доверять людям, но в известных пределах…» метод действовал безотказно и на учащихся ПТУ, и на циничных корреспонденток телевидения.
005973_RUSLAN|Метод заключался в том, что он подолгу с ними разговаривал. Причем не о себе, о них. 
005974_RUSLAN|Мы с Шаблинским быстро наскучили друг другу. Он, не прощаясь, ушел. Вера спала. Я позвонил Марине и тоже уехал. 
005975_RUSLAN|Алле я сказал только одну фразу «Хотите, незаметно исчезнем?» Я всем говорю эту фразу. 
005976_RUSLAN|(Женщинам, разумеется.) Или почти всем. На всякий случай. Фраза недвусмысленная и безобидная при этом. 
005977_RUSLAN|Неудобно, сказала Алла, я же к Мите приехала… Утром было много дел в редакции. 
005978_RUSLAN|Я готовил полосу о «народном контроле» и лечился минеральной водой. 
005979_RUSLAN|Шаблинский расшифровывал свои магнитофонные записи после конференции наставников. 
005980_RUSLAN|Появился Кленский, угрюмый, осунувшийся. 
005981_RUSLAN|Высказался загадочно и абстрактно «Это такая же фикция, как и вся наша жизнь». В обед зазвонил телефон 
005982_RUSLAN|Это Алла. Митю не видели? А, говорю, здравствуйте. Ну как? Гемоглобин двести. Не понял. 
005983_RUSLAN|Что за странные вопросы «Ну как?»… Паршиво, как же еще… 
005984_RUSLAN|Пошел искать Кленского, но мне сказали, что он уехал в командировку. 
005985_RUSLAN|В поселке Кунгла мать‑героиня родила одиннадцатое чадо. Я передал все это Алле. Алла говорит 
005986_RUSLAN|Вот сволочь, и не предупредил… Наступило молчание. Это мне не понравилось. Я‑то при чем? 
005987_RUSLAN|Заголовки какие‑то жуткие «Баллада о пропавшем арифмометре»… А Митька действительно хорош, уехал и барышню не предупредил.
005988_RUSLAN|И полосу надо сдавать. Мне стало как‑то неловко. Хотите, говорю, позавтракаем вместе? 
005989_RUSLAN|Да вообще позавтракать бы надо. Состояние какое‑то непонятное. Я назначил ей свидание. 
005990_RUSLAN|Затем разбросал по столу бумаги. Создал видимость труда… Был прохладный и сумрачный майский день. 
005991_RUSLAN|Над витринами кафе хлопали полотняные тенты. Алла пришла в громадном коленкоровом сомбреро. 
005992_RUSLAN|Она им явно гордилась. Я с тоской огляделся. 
005993_RUSLAN|Не хватало еще, чтобы меня видели с этим сомбреро Маринины подруги. Поля его задевали водосточные трубы. 
005994_RUSLAN|В кафе выяснилось, что оно ловко складывается. Мы съели какие‑то биточки, выпили чаю с пирожными. 
005995_RUSLAN|Она держалась так, словно у нее могли быть претензии ко мне. Я спросил У вас, наверное, каникулы? 
005996_RUSLAN|Да, говорит, «римские каникулы». Действительно, принцесса среди журналистов. А чего? 
005997_RUSLAN|Незнакомый город, соблазны… 
005998_RUSLAN|Встречаются две мамаши «Как же ты дочку‑то отпустила?» «А чего беспокоиться? 
005999_RUSLAN|Она с девяти лет под надзором милиции…» Я вежливо засмеялся. Подозвал официанта. Мы расплатились, вышли. 
006000_RUSLAN|Я говорю Ну‑с, был счастлив лицезреть вас, мадам. Чао, Джонни! сказала Алла. 
006001_RUSLAN|Тогда уж не Джонни, а Джованни. Гуд бай, Джованни! 
006002_RUSLAN|И она ушла в громадной коленкоровой шляпе, тоненькая, этакая сыроежка. А я поспешил в редакцию. 
006003_RUSLAN|Оказывается, меня уже разыскивал секретарь. К шести часам полоса была готова. Вечером я сидел в театре. 
006004_RUSLAN|Давали «Колокол» по Хемингуэю. Спектакль ужасный, помесь «Великолепной семерки» с «Молодой гвардией». 
006005_RUSLAN|Во втором акте, например, Роберт Джордан побрился кинжалом. Кстати, на нем были польские джинсы. 
006006_RUSLAN|В точности как у меня. В конце спектакля началась такая жуткая пальба, что я ушел, не дожидаясь оваций. 
006007_RUSLAN|Город у нас добродушный, все спектакли кончаются бурными аплодисментами… Рано утром я пришел в контору. 
006008_RUSLAN|Мне была заказана положительная рецензия. Мертвея от табака и кофе, начал писать 
006009_RUSLAN|«Произведения Хемингуэя не сценичны. 
006010_RUSLAN|Единственная драма этого автора не имела театральной биографии, оставаясь „повестью в диалогах”. 
006011_RUSLAN|Она хорошо читается, подчеркивал автор. Бесчисленные попытки Голливуда экранизировать…» 
006012_RUSLAN|Тут позвонила Вера. Я говорю Ей‑богу, занят! В чем дело? Поднимись на минутку. Что такое? 
006013_RUSLAN|Да поднимись ты на минутку! А, черт… Вера ждала меня на площадке. Раскрасневшаяся, нервная, печальная. 
006014_RUSLAN|Ты понимаешь, ей деньги нужны. Я не понял. Вернее понял, но сказал Не понимаю. Алке деньги нужны. 
006015_RUSLAN|Ей улететь не на что. Вера, ты меня знаешь, но до четырнадцатого это исключено. А сколько надо? 
006016_RUSLAN|Гонораров у меня в апреле никаких… В кассу семьдесят пять… За телевизор до сих пор не расплатился… А потом, я не совсем… Минуточку, а Кленский?
006017_RUSLAN|Хотя бы тридцать. Совершенно исключено. Ведь это же его кадр… Куда‑то уехал. Он скоро вернется. 
006018_RUSLAN|Ты понимаешь, будет катастрофа. Звонил ее жених из Саратова… Из Двинска, сказал я. 
006019_RUSLAN|Из Саратова, это не важно… Сказал, что повесится, если она не вернется. Алка с февраля так путешествует. 
006020_RUSLAN|Так и приехал бы за ней. У него экзамен в понедельник. 
006021_RUSLAN|Замечательно, говорю, повеситься он может, а экзамен игнорировать не может… 
006022_RUSLAN|Он плакал, натурально плакал… Да нет у меня тридцати рублей! 
006023_RUSLAN|И потом как‑то странно, ей‑богу… А главное нету! Самое интересное, что я говорил правду. 
006024_RUSLAN|А если у кого‑нибудь занять? говорит Вера. Почему, собственно, надо занимать? Это девушка Кленского. 
006025_RUSLAN|Пусть он и беспокоится. Может, у Шаблинского спросить? Пошли к Шаблинскому. Тот даже возмутился 
006026_RUSLAN|У меня было восемь рублей, я их по‑джентльменски отстегнул. Сам хочу у кого‑нибудь двинуть. 
006027_RUSLAN|Дождитесь Митьку, и пусть он башляет это дело. 
006028_RUSLAN|Слушайте, я хохму придумал «Все люди делятся на большевиков и башлевиков…» 
006029_RUSLAN|Ладно, сказала Вера, что‑нибудь придумаю. И пошла к дверям. 
006030_RUSLAN|Слушай, говорю, если не придумаешь, звони… Ладно. Можно вот что сделать. 
006031_RUSLAN|Можно взять у нее интервью. Это еще зачем? Под рубрикой «Гости Таллинна». 
006032_RUSLAN|Студентка изучает готическую архитектуру. Не расстается с томиком Блока. 
006033_RUSLAN|Кормит белок в парке… Заплатят ей рублей двадцать, а может, и четвертак… Серж, постарайся! Ладно… 
006034_RUSLAN|Тут меня вызвали к редактору. Генрих Францевич сидел в просторном кабинете у окна. 
006035_RUSLAN|Радиола и телевизор бездействовали. Усложненный телефон с белыми клавишами молчал. 
006036_RUSLAN|Садитесь, произнес редактор, есть ответственное задание. 
006037_RUSLAN|В нашей газете слабо представлена моральная тема. Выбор самый широкий. 
006038_RUSLAN|Злостные алиментщики, протекционизм, государственное хищение… Я на вас рассчитываю. 
006039_RUSLAN|Пойдите в народный суд, в ГАИ… Что‑нибудь придумаю. 
006040_RUSLAN|Действуйте, сказал редактор, моральная тема это очень важно… Окей, говорю. 
006041_RUSLAN|И помните открытый редакционный конкурс продолжается. 
006042_RUSLAN|Лучшие материалы будут удостоены денежных премий. А победитель отправится в гэдээр… 
006043_RUSLAN|Добровольно? спросил я. То есть? Меня даже в Болгарию не пустили. Я документы весной подавал. 
006044_RUSLAN|Пить надо меньше, сказал Туронок. Ладно, говорю, мне и здесь неплохо… 
006045_RUSLAN|В тот день было еще много забот, конфликтов, споров, нерешенных проблем. Я побывал на двух совещаниях. 
006046_RUSLAN|Ответил на четыре письма. Раз двадцать говорил по телефону. Пил коктейли, обнимал Марину… Все шло нормально. 
006047_RUSLAN|И если забыт, то что же вынудило меня шесть лет спустя написать «В этой повести нет ангелов и нет злодеев… Нет грешников и праведников нет…»?
006048_RUSLAN|А день вчерашний куда он подевался? И вообще, что мы за люди такие? Компромисс четвертый 
006049_RUSLAN|У опушки в день ненастный Повстречали зверя. Мы ему сказали „Здравствуй!” Зверь ответил „Тере!” 
006050_RUSLAN|И сейчас же ясный луч Появился из‑за туч…» «Вечерний Таллинн» издается на русском языке. 
006051_RUSLAN|И вот мы придумали новую рубрику «Эстонский букварь». Для малолетних русских читателей. 
006052_RUSLAN|Я готовил первый выпуск. Написал довольно милые стишки. Штук восемь. 
006053_RUSLAN|Универсальный журналист, я ими тайно гордился. Звонит инструктор цека Ваня Труль 
006054_RUSLAN|Кто написал эту шовинистическую басню? Почему шовинистическую? Значит, ты написал? Я. А в чем дело? 
006055_RUSLAN|Там фигурирует зверь. Ну. Это что же получается? Выходит, эстонец зверь? Я зверь? 
006056_RUSLAN|Я, инструктор Центрального Комитета партии, зверь?! Это же сказка, условность. Там есть иллюстрация. 
006057_RUSLAN|Ребятишки повстречали медведя. У медведя доброе, симпатичное лицо. Он положительный… 
006058_RUSLAN|Зачем он говорит по‑эстонски? Пусть говорит на языке одной из капиталистических стран. Не понял. 
006059_RUSLAN|Да что тебе объяснять! Не созрел ты для партийной газеты, не созрел… Час спустя заглянул редактор 
006060_RUSLAN|Жюри штрафует вас на два очка. Какое еще жюри? Вы забыли, что продолжается конкурс. 
006061_RUSLAN|Авторы хороших материалов будут премированы. Лучший из лучших удостоится поездки на Запад, в гэдээр. Логично. 
006062_RUSLAN|А худший из худших на Восток? Что вы этим хотите сказать? Ничего. Я пошутил. Разве гэдээр это Запад? 
006063_RUSLAN|А что же это, по‑вашему? Вот Япония это Запад! Что?! испуганно вскричал Туронок. 
006064_RUSLAN|В идейном смысле, добавил я. Тень безграничной усталости омрачила лицо редактора. 
006065_RUSLAN|Довлатов, произнес он, с вами невозможно разговаривать! Запомните, мое терпение имеет пределы… 
006066_RUSLAN|Компромисс пятый «ЧЕЛОВЕК РОДИЛСЯ. 
006067_RUSLAN|Фабрики и заводы, колхозы и машинно‑тракторные станции рапортуют государству о достигнутых высоких показателях.
006068_RUSLAN|Ежегодный праздник День освобождения широко отмечается в республике. 
006069_RUSLAN|И еще один необычный рубеж преодолен в эти дни. 
006070_RUSLAN|Население эстонской столицы достигло четыреста тысяч человек. 
006071_RUSLAN|В таллиннской больнице номер четыре у Майи и Григория Кузиных родился долгожданный первенец. 
006072_RUSLAN|Ему‑то и суждено было оказаться четыреста тысечным жителем города. 
006073_RUSLAN|Спортсменом будет, улыбается главный врач Михкелъ Теппе. 
006074_RUSLAN|Счастливый отец неловко прячет грубые мозолистые руки. 
006075_RUSLAN|Назовем сына Лембитом, говорит он, пусть растет богатырем!.. 
006076_RUSLAN|К счастливым родителям обращается известный таллиннский поэт Борис Штейн На фабриках, в жерлах забоев, 
006077_RUSLAN|На дальних планетах иных Четыреста тысяч героев, И первенец твой среди них… Хочется вспомнить слова Гете 
006078_RUSLAN|«Рождается человек рождается целый мир!» Не знаю, кем ты станешь. Лембит?! Токарем или шахтером. 
006079_RUSLAN|офицером или ученым. Ясно одно родился Человек! Человек, обреченный на счастье!..» 
006080_RUSLAN|Встречаешь на улице знакомого и слышишь «Привет, а я тебя ищу…» Как будто дело происходит в учрежденческой столовой…
006081_RUSLAN|Таллинн город маленький, интимный. Короче, я поразился, узнав, сколько в Таллинне жителей. Было так. 
006082_RUSLAN|Редактор Туронок вызвал меня и говорит Есть конструктивная идея. Может получиться эффектный репортаж. 
006083_RUSLAN|Обсудим детали. Только не грубите… Чего грубить?.. Это бесполезно… 
006084_RUSLAN|Вы, собственно, уже нагрубили, помрачнел Туронок, вы беспрерывно грубите, Довлатов. 
006085_RUSLAN|Вы грубите даже на общих собраниях. 
006086_RUSLAN|Вы не грубите, только когда подолгу отсутствуете… Думаете, я такой уж серый? Одни газеты читаю? 
006087_RUSLAN|Зайдите как‑нибудь. Посмотрите, какая у меня библиотека. Есть, между прочим, дореволюционные издания… 
006088_RUSLAN|Зачем, спрашиваю, вызывали? Туронок помолчал. 
006089_RUSLAN|Резко выпрямился, как бы меняя лирическую позицию на деловую. Заговорил уверенно и внятно 
006090_RUSLAN|Через неделю годовщина освобождения Таллинна. Эта дата будет широко отмечаться. 
006091_RUSLAN|Предусмотрены различные аспекты хозяйственный, культурный, бытовой… Материалы готовят все отделы редакции.
006092_RUSLAN|На страницах газеты в том числе. Есть задание и для вас. А именно. 
006093_RUSLAN|По данным статистического бюро, в городе около четырехсот тысяч жителей. 
006094_RUSLAN|Цифра эта до некоторой степени условна. Несколько условна и сама черта города. Так вот. 
006095_RUSLAN|Мы посовещались и решили. Четырехсоттысячный житель Таллинна должен родиться в канун юбилея. 
006096_RUSLAN|Что‑то я не совсем понимаю. Идете в родильный дом. Дожидаетесь первого новорожденного. 
006097_RUSLAN|Записываете параметры. Опрашиваете счастливых родителей. Врача, который принимал роды. 
006098_RUSLAN|Естественно, делаете снимки. Репортаж идет в юбилейный номер. 
006099_RUSLAN|Гонорар (вам, я знаю, это не безразлично) двойной. С этого бы и начинали. 
006100_RUSLAN|Меркантилизм одна из ваших неприятных черт, сказал Туронок. Долги, говорю, алименты… 
006101_RUSLAN|Пьете много. И это бывает. Короче. Общий смысл таков. Родился счастливый человек. 
006102_RUSLAN|Я бы даже так выразился человек, обреченный на счастье! 
006103_RUSLAN|Эта глупая фраза так понравилась редактору, что он выкрикнул ее дважды. Человек, обреченный на счастье! 
006104_RUSLAN|По‑моему, неплохо. Может, попробовать в качестве заголовка? «Человек, обреченный на счастье»… 
006105_RUSLAN|Там видно будет, говорю. 
006106_RUSLAN|И запомните, Туронок встал, кончая разговор, младенец должен быть публикабельным. То есть? 
006107_RUSLAN|То есть полноценным. Ничего ущербного, мрачного. Никаких кесаревых сечений. Никаких матерей‑одиночек. 
006108_RUSLAN|Полный комплект родителей. Здоровый, социально полноценный мальчик. Обязательно мальчик? 
006109_RUSLAN|Да, мальчик как‑то символичнее. 
006110_RUSLAN|Генрих Францевич, что касается снимков… Учтите, новорожденные бывают так себе… Выберите лучшего. 
006111_RUSLAN|Подождите, время есть. Месяца четыре ждать придется. Раньше он вряд ли на человека будет похож. 
006112_RUSLAN|А кому и пятидесяти лет мало… Слушайте, рассердился Туронок, не занимайтесь демагогией! 
006113_RUSLAN|Вам дано задание. Материал должен быть готов к среде. И правда, думаю, зачем?.. Спустился в бар, заказал джина. 
006114_RUSLAN|Вижу, сидит не очень трезвый фотокорреспондент Жбанков. Я помахал ему рукой. 
006115_RUSLAN|Он пересел ко мне с фужером водки. Отломил половину моего бутерброда. 
006116_RUSLAN|Шел бы ты домой, говорю, в конторе полно начальства… Жбанков опрокинул фужер и сказал 
006117_RUSLAN|Я, понимаешь, натурально осрамился. Видел мой снимок к Фединому очерку? Я газет не читаю. 
006118_RUSLAN|У Феди был очерк в «Молодежке». Вернее, зарисовка. «Трое против шторма». Про водолазов. 
006119_RUSLAN|Как они ищут, понимаешь, затонувший ценный груз. К тому же шторм надвигается. Ну, и мой снимок. 
006120_RUSLAN|Два мужика сидят на бревне. И шланг из воды торчит. То есть ихний подельник на дне шурует. 
006121_RUSLAN|Я, натурально, отснял, пристегнул шестерик и забыл про это дело. Иду как‑то в порт, люди смеются. 
006122_RUSLAN|В чем дело, понимаешь? И выясняется такая история. Есть там начальник вспомогательного цеха Мироненко. 
006123_RUSLAN|Как‑то раз вышел из столовой, закурил у третьего причала. То, се. Бросил сигарету. 
006124_RUSLAN|Харкнул, извини за выражение. И начисто выплюнул челюсть. Вставную, естественно. 
006125_RUSLAN|А там у него золота колов на восемьсот с довеском. 
006126_RUSLAN|Он бежит к водолазам «Мужики, выручайте!» Те с ходу врубились «После работы найдем». «В долгу не останусь». 
006127_RUSLAN|«Об чем разговор»… Кончили работу, стали шуровать. А тут Федька идет с задания. Видит, такое дело. 
006128_RUSLAN|Чем, мол, занимаетесь? Строку, понимаешь, гонит. А мужикам вроде бы неловко. 
006129_RUSLAN|Хуё моё, отвечают, затонул ценный груз. А Федя без понятия «Тебя как зовут? 
006130_RUSLAN|«Чем увлекаетесь в редкие минуты досуга?»… Музыкой, отвечают, живописью… «А почему так поздно на работе?»… Шторм, говорят, надвигается, спешим… Федя звонит мне в редакцию.
006131_RUSLAN|Тебя как зовут?»… Мужики отвечают как положено. 
006132_RUSLAN|Я приехал, отснял, не вникая… Главное, бассейн‑то внутренний, искусственный. Там и шторма быть не может… 
006133_RUSLAN|Шел бы ты домой, говорю. Подожди, главное даже не это. Мне рассказывали, чем дело кончилось. 
006134_RUSLAN|Водолазы челюсть тогда нашли. Мироненко счастлив до упора. Тащит их в кабак. Заказывает водки. Кирнули. 
006135_RUSLAN|Орлы, говорит, передовики, стахановцы… За одним столиком челюсть разглядывают, за другим… Швейцар подошел взглянуть… Тромбонист из ансамбля… Официантки головами качают… А Мироненко шестую бутылку давит с водолазами.
006136_RUSLAN|Мироненко начал всем свою челюсть демонстрировать. Спасибо, говорит, ребята выручили, нашли. 
006137_RUSLAN|Хватился, нету челюсти, увели. Кричит «Верните, гады!» Разве найдешь… Тут и водолазы не помогут… 
006138_RUSLAN|Ладно, говорю, мне пора… В родильный дом ехать не хотелось. 
006139_RUSLAN|Больничная атмосфера на меня удручающе действует. Одни фикусы чего стоят… Захожу в отдел к Марине. Слышу 
006140_RUSLAN|А, это ты… Прости, работы много. Что‑нибудь случилось? Что могло случиться? Дела… Что еще за дела? 
006141_RUSLAN|Юбилей и все такое. Мы же люди серые, романов не пишем… Чего ты злишься? А чего мне радоваться? 
006142_RUSLAN|Ты куда‑то исчезаешь. То безумная любовь, то неделю шляешься… Что значит шляешься?! 
006143_RUSLAN|Я был в командировке на Сааремаа. Меня в гостинице клопы покусали… 
006144_RUSLAN|Это не клопы, подозрительно сощурилась Марина, это бабы. Отвратительные, грязные шлюхи. 
006145_RUSLAN|И чего они к тебе лезут? Вечно без денег, вечно с похмелья… Удивляюсь, как ты до сих пор не заразился… 
006146_RUSLAN|Чем можно заразиться у клопа? Ты хоть не врал бы! Кто эта рыжая, вертлявая дылда? 
006147_RUSLAN|Я тебя утром из автобуса видела… Это не рыжая, вертлявая дылда. Это поэт‑метафизик Владимир Эрль. 
006148_RUSLAN|У него такая прическа… Вдруг я понял, что она сейчас заплачет. 
006149_RUSLAN|А плакала Марина отчаянно, горько, вскрикивая и не щадя себя. Как актриса после спектакля… 
006150_RUSLAN|Прошу тебя, успокойся. Все будет хорошо. Все знают, что я к тебе привязан… 
006151_RUSLAN|Марина достала крошечный розовый платочек, вытерла глаза. Заговорила спокойнее Ты можешь быть серьезным? 
006152_RUSLAN|Ты совершенно безответственный… Как жаворонок… У тебя нет адреса, нет имущества, нет цели… Нет глубоких привязанностей.
006153_RUSLAN|Конечно. Не уверена. Я лишь случайная точка в пространстве. А мне уже под сорок. 
006154_RUSLAN|И я должна как‑то устраивать свою жизнь. Мне тоже под сорок. Вернее за тридцать. 
006155_RUSLAN|И я не понимаю, что значит устраивать свою жизнь… Ты хочешь выйти замуж? Но что изменится? 
006156_RUSLAN|Что даст этот идиотский штамп? Это лошадиное тавро… Пока мне хорошо, я здесь. А надоест уйду. 
006157_RUSLAN|И так будет всегда… Не собираюсь я замуж. Да и какой ты жених! Просто я хочу иметь ребенка. 
006158_RUSLAN|Иначе будет поздно… Ну и рожай. Только помни, что его ожидает. 
006159_RUSLAN|Ты вечно сгущаешь краски Миллионы людей честно живут и работают. И потом, как я рожу одна? Почему одна? 
006160_RUSLAN|Я буду… содействовать. А что касается материальной стороны дела, ты зарабатываешь втрое больше. 
006161_RUSLAN|То есть от меня практически не зависишь… Я говорила о другом… Зазвонил телефон. Марина сняла трубку 
006162_RUSLAN|Ну и прекрасно… Он как раз у меня… Я замахал руками. Марина понимающе кивнула 
006163_RUSLAN|Я говорю, только что был здесь… Вот уж не знаю. Видно, пьет где‑нибудь. Ну, думаю, стерва. 
006164_RUSLAN|Тебя Цехановский разыскивает. Хочет долг вернуть. Что это с ним? Деньги получил за книгу. 
006165_RUSLAN|«Караван уходит в небо»? Почему караван? Книга называется «Продолжение следует». Это одно и то же. 
006166_RUSLAN|Ладно, говорю, мне пора. Куда ты собрался? Если не секрет… Представь себе, в родильный дом… 
006167_RUSLAN|Я оглядел заваленные газетами столы. Ощутил запах табачного дыма и клея. 
006168_RUSLAN|Испытал такую острую скуку и горечь, что даже атмосфера больницы уже не пугала меня. 
006169_RUSLAN|За дверью я осознал, что секунду назад Марина выкрикнула «Ну и убирайся, жалкий пьяница!» 
006170_RUSLAN|Сел в автобус, поехал на улицу Карла Маркса. В автобусе неожиданно задремал. 
006171_RUSLAN|Через минуту проснулся с головной болью. 
006172_RUSLAN|Пересекая холл родильного дома, мельком увидел себя в зеркале и отвернулся… 
006173_RUSLAN|Навстречу шла женщина в белом халате. Посторонним сюда нельзя. А потусторонним, спрашиваю, можно?  
006174_RUSLAN|Медсестра замерла в недоумении. Я сунул ей редакционную книжку. Поднялся на второй этаж. 
006175_RUSLAN|На лестничной площадке курили женщины в бесформенных халатах. Как разыскать главного врача? 
006176_RUSLAN|Выше, напротив лифта.  Напротив лифта значит, скромный человек. Напротив лифта шумно, двери хлопают… 
006177_RUSLAN|Захожу. Эстонец лет шестидесяти делает перед раскрытой форточкой гимнастику. 
006178_RUSLAN|Эстонцев я отличаю сразу же и безошибочно. Ничего крикливого, размашистого в облике. 
006179_RUSLAN|Неизменный галстук и складка на брюках. Бедноватая линия подбородка и спокойное выражение глаз. 
006180_RUSLAN|Да и какой русский будет тебе делать гимнастику в одиночестве… Протягиваю удостоверение. 
006181_RUSLAN|Доктор Михкель Теппе. Садитесь. Чем могу быть полезен? Я изложил суть дела. Доктор не удивился. 
006182_RUSLAN|Вообще, что бы ни затеяла пресса, рядового читателя удивить трудно. Ко всему привыкли… 
006183_RUSLAN|Думаю, это несложно, произнес Теппе, клиника огромная. Вам сообщают о каждом новорожденном? 
006184_RUSLAN|Я могу распорядиться. Он снял трубку. Что‑то сказал по‑эстонски. Затем обратился ко мне 
006185_RUSLAN|Интересуетесь, как проходят роды? Боже упаси! 
006186_RUSLAN|Мне бы записать данные, взглянуть на ребенка и поговорить с отцом. Доктор снова позвонил. 
006187_RUSLAN|Еще раз что‑то сказал по‑эстонски. Тут одна рожает. Я позвоню через несколько минут. 
006188_RUSLAN|Надеюсь, все будет хорошо. Здоровая мать… Такая полная блондинка, отвлекся доктор. 
006189_RUSLAN|Вы‑то, говорю, сами женаты? Конечно. И дети есть? Сын. Не задумывались, что его ожидает? 
006190_RUSLAN|А что мне думать? Я прекрасно знаю, что его ожидает. Его ожидает лагерь строгого режима. 
006191_RUSLAN|Я беседовал с адвокатом. Уже и подписку взяли… Теппе говорил спокойно и просто. 
006192_RUSLAN|Как будто речь шла о заурядном положительном явлении. Дело Солдатова? Что? не понял доктор. 
006193_RUSLAN|Ваш сын деятель эстонского возрождения? Мой сын, отчеканил Теппе, фарцовщик и пьяница. 
006194_RUSLAN|И я могу быть за него относительно спокоен, лишь когда его держат в тюрьме… Мы помолчали. 
006195_RUSLAN|Когда‑то я работал фельдшером на островах. Затем сражался в эстонском корпусе. 
006196_RUSLAN|Добился высокого положения. Не знаю, как это вышло. Я и мать положительные люди, а сын отрицательный… 
006197_RUSLAN|Неплохо бы и его выслушать. Слушать его невозможно. Говорю ему «Юра, за что ты меня презираешь? 
006198_RUSLAN|Как ты думаешь, почему меня, скромного фельдшера, назначили главным врачом?..» А он и отвечает «Потому что всех твоих умных коллег расстреляли…» Как будто это я их расстрелял…
006199_RUSLAN|Я всего добился упорным трудом. У меня была нелегкая жизнь. Сейчас я занимаю высокое положение. 
006200_RUSLAN|Зазвонил телефон. У аппарата, выговорил Теппе, отлично. Затем перешел на эстонский. 
006201_RUSLAN|Речь шла о сантиметрах и килограммах. Ну, вот, сказал он, родила из девятой палаты. 
006202_RUSLAN|Четыре двести и пятьдесят восемь сантиметров. Хотите взглянуть? Это не обязательно. 
006203_RUSLAN|Фамилия матери Окас. Хилья Окас. Тысяча девятьсот сорок шестой год рождения. 
006204_RUSLAN|Нормировщица с «Пунанэ рэт». Отец Магабча… Что значит Магабча? Фамилия такая. Он из Эфиопии. 
006205_RUSLAN|В мореходной школе учится. Черный? Я бы сказал шоколадный. Слушайте, говорю, это любопытно. 
006206_RUSLAN|Вырисовывается интернационализм. Дружба народов… Они зарегистрированы? Разумеется. 
006207_RUSLAN|Он ей каждый день записки пишет. И подписывается «Твой соевый батончик». Разрешите мне позвонить? 
006208_RUSLAN|Сделайте одолжение. Звоню в редакцию. Подходит Туронок. Слушаю вас… Туронок. 
006209_RUSLAN|Генрих Францевич, только что родился мальчик. В чем дело? Кто говорит? Это Довлатов. 
006210_RUSLAN|Вы мне задание дали… А, помню, помню. Так вот, родился мальчик. 
006211_RUSLAN|Большой, здоровый… Пятьдесят восемь сантиметров. Вес четыре двести… Отец эфиоп. 
006212_RUSLAN|Возникла тягостная пауза. Не понял, сказал Туронок. 
006213_RUSLAN|Эфиоп, говорю, родом из Эфиопии… Учится здесь… Марксист, зачем‑то добавил я. 
006214_RUSLAN|Вы пьяны? резко спросил Туронок. Откуда?! Я же на задании. На задании… Когда вас это останавливало?! 
006215_RUSLAN|Кто в декабре облевал районный партактив?.. 
006216_RUSLAN|Генрих Францевич, мне неловко подолгу занимать телефон… Только что родился мальчик. 
006217_RUSLAN|Его отец дружественный нам эфиоп. Вы хотите сказать черный? Шоколадный. То есть негр? 
006218_RUSLAN|Довлатов, исполненным муки голосом произнес Туронок, Довлатов, я вас уволю… За попытки дискредитировать все самое лучшее… Оставьте в покое своего засранного эфиопа!
006219_RUSLAN|Естественно. Что же тут естественного? По‑вашему, эфиоп не человек? 
006220_RUSLAN|Дождитесь нормального вы слышите меня? нормального человеческого ребенка!.. 
006221_RUSLAN|Ладно, говорю, я ведь только спросил… Раздались частые гудки. Теппе сочувственно поглядел на меня. 
006222_RUSLAN|Не подходит, говорю. У меня сразу же возникли сомнения, но я промолчал. А, ладно… Хотите кофе? 
006223_RUSLAN|Он достал из шкафа коричневую банку. Снова раздался звонок. Теппе долго говорил по‑эстонски. 
006224_RUSLAN|Видно, речь шла о деле, меня не касающемся. Я дождался конца разговора и неожиданно спросил 
006225_RUSLAN|Можно поспать у вас за ширмой? Конечно, не удивился Теппе. Хотите моим плащом воспользоваться? 
006226_RUSLAN|И так сойдет. Я снял ботинки и улегся. Нужно было сосредоточиться. 
006227_RUSLAN|Иначе контуры действительности безнадежно расплывались. Я вдруг увидел себя издали, растерянным и нелепым. 
006228_RUSLAN|Кто я? Зачем здесь нахожусь? Почему лежу за ширмой в ожидании бог знает чего? И как глупо сложилась жизнь!.. 
006229_RUSLAN|«Марина!» с легким ужасом подумал я. (Все знают, что ужас можно испытывать в едва ощутимой степени.) Затем, отогнав безумную мысль, спросил
006230_RUSLAN|Когда я проснулся, надо мной стоял Теппе. Извините, потревожил… Только что родила ваша знакомая. 
006231_RUSLAN|То есть как знакомая? Журналистка из молодежной газеты Румянцева. А, Лена, жена Бори Штейна. 
006232_RUSLAN|Действительно, ее с мая не видно… Пять минут назад она родила. Это любопытно. Редактор будет счастлив. 
006233_RUSLAN|Отец ребенка известный в Таллинне поэт. Мать журналистка. Оба партийные. 
006234_RUSLAN|Штейн напишет балладу по такому случаю… Очень рад за вас. Я позвонил Штейну. 
006235_RUSLAN|Здорво, говорю, тебя можно поздравить. Рано. Ответ будет в среду. Какой ответ? 
006236_RUSLAN|Поеду я в Швецию или не поеду. Говорят нет опыта поездок в капстраны. А где взять опыт, если не пускают?.. 
006237_RUSLAN|Ты бывал в капстранах? Нет. Меня и в соц‑то не пустили. Я в Болгарию подавал… А я даже в Югославии был. 
006238_RUSLAN|Югославия почти что кап… Я звоню из клиники. У тебя сын родился. Мать твою! воскликнул Штейн. 
006239_RUSLAN|Мать твою!.. Теппе протянул мне листок с каракулями. 
006240_RUSLAN|Рост, говорю, пятьдесят шесть, вес три девятьсот. Лена чувствует себя нормально. 
006241_RUSLAN|Мать твою, не унимался Штейн, сейчас приеду. Такси возьму. Теперь нужно было вызвать фотографа. 
006242_RUSLAN|Звоните, звоните, сказал Теппе. Я позвонил Жбанкову. Трубку взяла Лера. 
006243_RUSLAN|Михаил Владимирович нездоров, сказала она. Пьяный, что ли? спрашиваю. Как свинья. 
006244_RUSLAN|Ничего подобного. И вообще, я на работе. Ну, прости. Звоню Малкиэлю. 
006245_RUSLAN|Приезжай, ребенка сфотографировать в юбилейный номер. У Штейна сын родился. 
006246_RUSLAN|Гонорар, между прочим, двойной… Ты хочешь об этом ребенке писать? А что? А то, что Штейн еврей. 
006247_RUSLAN|А каждого еврея нужно согласовывать. Ты фантастически наивен, Серж. Я писал о Каплане и не согласовывал. 
006248_RUSLAN|Ты еще скажи о Гликмане. Каплан член бюро обкома. О нем двести раз писали. 
006249_RUSLAN|Ты Каплана со Штейном не равняй… Я и не равняю. Штейн куда симпатичнее. Тем хуже для него. Ясно. 
006250_RUSLAN|Спасибо, что предупредил. Говорю Теппе Оказывается, и Штейн не подходит. У меня были сомнения. 
006251_RUSLAN|А кто меня, спрашивается, разбудил? Я разбудил. Но сомнения у меня были. Что же делать? 
006252_RUSLAN|Скоро еще одна родит. А может, уже родила. Я сейчас позвоню. А я выйду, прогуляюсь. 
006253_RUSLAN|В унылом больничном сквере разгуливали кошки. Резко скрипели облетевшие черные тополя. 
006254_RUSLAN|Худой, сутулый юноша, грохоча, катил телегу с баком. Застиранный голубой халат делал его похожим на старуху. 
006255_RUSLAN|Из‑за поворота вышел Штейн. Ну, поздравляю. Спасибо, дед, спасибо. 
006256_RUSLAN|Только что Ленке передачу отправил… Состояние какое‑то необыкновенное! Надо бы выпить по этому случаю. 
006257_RUSLAN|«Выпьешь, думаю, с тобой… Одно расстройство». Я не хотел его огорчать. 
006258_RUSLAN|Не стал говорить, что его ребенок забракован. Но Штейн уже был в курсе дела. Юбилейный материал готовишь? 
006259_RUSLAN|Пытаюсь. Хочешь нас прославить? Видишь ли, говорю, тут нужна рабоче‑крестьянская семья. 
006260_RUSLAN|А вы интеллигенты… Жаль. А я уже стих написал в такси. Конец такой На фабриках, в жерлах забоев, 
006261_RUSLAN|На дальних планетах иных Четыреста тысяч героев, И первенец мой среди них! Я сказал 
006262_RUSLAN|Какой же это первенец? У тебя есть взрослая дочь. От первого брака. А, говорю, тогда нормально. 
006263_RUSLAN|Штейн подумал и вдруг сказал Значит, антисемитизм все‑таки существует? Похоже на то. 
006264_RUSLAN|Как это могло появиться у нас? У нас в стране, где, казалось бы… Я перебил его 
006265_RUSLAN|В стране, где основного мертвеца еще не похоронили… Само название которой лживо… 
006266_RUSLAN|По‑твоему, все ложь! Ложь в моей журналистике и в твоих паршивых стишках! 
006267_RUSLAN|Где ты видел эстонца в космосе? Это же метафора. Метафора… У лжи десятки таких подпольных кличек! 
006268_RUSLAN|Можно подумать, один ты честный. А кто целую повесть написал о БАМе? Кто прославлял чекиста Тимофеева? 
006269_RUSLAN|Брошу я это дело. Увидишь, брошу… Тогда и не упрекай других. Не сердись. 
006270_RUSLAN|Черт, настроение испортил… Будь здоров. Теппе встретил меня на пороге. Кузина родила из шестой палаты. 
006271_RUSLAN|Вот данные. Сама эстонка, водитель автокары. Муж токарь на судостроительном заводе, русский, член КПСС. 
006272_RUSLAN|Ребенок в пределах нормы. Слава богу, кажется, подходит. Позвоню на всякий случай. Туронок сказал 
006273_RUSLAN|Вот и отлично. Договоритесь, чтобы ребенка назвали Лембитом. 
006274_RUSLAN|Генрих Францевич, взмолился я, кто же назовет своего ребенка Лембитом! Уж очень старомодно. 
006275_RUSLAN|Из фольклора… Пусть назовут. Какая им разница?! 
006276_RUSLAN|Лембит хорошо, мужественно и символично звучит… В юбилейном номере это будет смотреться. 
006277_RUSLAN|Вы могли бы назвать своего ребенка Бовой? Или Микулой? Не занимайтесь демагогией. Вам дано задание. 
006278_RUSLAN|К среде материал должен быть готов. Откажутся назвать Лембитом посулите им денег. Сколько? 
006279_RUSLAN|Рублей двадцать пять. Фотографа я пришлю. Как фамилия новорожденного? Кузин. Шестая палата. 
006280_RUSLAN|Лембит Кузин. Прекрасно звучит. Действуйте. Я спросил у Теппе Как найти отца? А вон. 
006281_RUSLAN|Под окнами сидит на газоне. Я спустился вниз. Але, говорю, вы Кузин? 
006282_RUSLAN|Кузин‑то Кузин, сказал он, а что толку?! Видимо, настрой у товарища Кузина был философский. 
006283_RUSLAN|Разрешите, говорю, вас поздравить. Ваш ребенок оказался четыреста тысячным жителем нашего города. 
006284_RUSLAN|Сам я из редакции. Хочу написать о вашей семье. Чего писать‑то? Ну, о вашей жизни… 
006285_RUSLAN|А что, живем неплохо… Трудимся, как положено… Расширяем свой кругозор… Пользуемся авторитетом… 
006286_RUSLAN|Надо бы куда‑то зайти, побеседовать. В смысле поддать? оживился Кузин. 
006287_RUSLAN|Это был высокий человек с гранитным подбородком и детскими невинными ресницами. 
006288_RUSLAN|Живо поднялся с газона, отряхнул колени. Мы направились в «Космос», сели у окна. Зал еще не был переполнен. 
006289_RUSLAN|Денег восемь рублей, сказал Кузин, плюс живая бутылка отравы. 
006290_RUSLAN|Он достал из портфеля бутылку кубинского рома. Замаскировал оконной портьерой. 
006291_RUSLAN|Возьмем для понта граммов триста? И пива, говорю, если холодное… 
006292_RUSLAN|Мы заказали триста граммов водки, два салата и по котлете. Нарезик копченый желаете? спросил официант. 
006293_RUSLAN|Отдохнешь! реагировал Кузин. В зале было пустынно. На возвышении расположились четверо музыкантов. 
006294_RUSLAN|Рояль, гитара, контрабас и ударные. Дубовые пюпитры были украшены лирами из жести. 
006295_RUSLAN|Гитарист украдкой вытер ботинки носовым платком. Затем подошел к микрофону и объявил 
006296_RUSLAN|По заказу наших друзей, вернувшихся из курортного местечка Азалемма… Он выждал многозначительную паузу. 
006297_RUSLAN|Исполняется лирическая песня «Дождик каплет на рыло!..» 
006298_RUSLAN|Раздался невообразимый грохот, усиленный динамиками. Музыканты что‑то выкрикивали хором. 
006299_RUSLAN|Знаешь, что такое Азалемма? развеселился Кузин. Самый большой лагерный поселок в Эстонии. 
006300_RUSLAN|итэка, пересылка, БУР… Ну, давай! Он поднял стакан. За тебя! За твоего сына! За встречу! И чтоб не последняя… 
006301_RUSLAN|Две пары отрешенно танцевали между столиками. Официанты в черно‑белой униформе напоминали пингвинов. 
006302_RUSLAN|По второй? Мы снова выпили. Кузин бегло закусил и начал А как у нас все было это чистый театр. 
006303_RUSLAN|Я на судомехе работал, жил один. Ну, познакомился с бабой, тоже одинокая. 
006304_RUSLAN|Стала она заходить, типа выстирать, погладить… Сошлись мы на Пасху… Вру, на Покрова… А то после работы вакуум… Сколько можно нажираться?..
006305_RUSLAN|Чтобы уродливая, не скажу задумчивая. 
006306_RUSLAN|Жили с год примерно… А чего она забеременела, я не понимаю… Лежит, бывало, как треска. 
006307_RUSLAN|А она «Вроде бы свет на кухне горит…» «С чего это ты взяла?» «А счетчик‑то вон как работает…» «Тебе бы, говорю, у него поучиться…» Так и жили с год…
006308_RUSLAN|Я говорю «Ты, часом, не уснула?» «Нет, говорит, все слышу». «Не много же, говорю, в тебе пыла». 
006309_RUSLAN|Кузин вытащил из‑за портьеры бутылку рома, призывно ее наклонил. Мы снова выпили. 
006310_RUSLAN|Гитарист одернул пиджак и воскликнул По заказу Толика Б., сидящего у двери, исполняется… Пауза. 
006311_RUSLAN|Затем с еще большим нажимом Исполняется лирическая песня «Каким меня ты ядом напоила?..» 
006312_RUSLAN|поинтересовался Кузин. Был женат. А сейчас? Сейчас вроде бы нет. Дети есть? Есть. Много? 
006313_RUSLAN|Много… Дочь. Может, еще образуется? Вряд ли… Детей жалко. 
006314_RUSLAN|Дети‑то не виноваты… Лично я их называю «цветы жизни»… Может, по новой? Давай. С пивом… 
006315_RUSLAN|Я знал, еще три рюмки, и с делами будет покончено. В этом смысле хорошо пить утром. 
006316_RUSLAN|Выпил и целый день свободен… Послушай, говорю, назови сына Лембитом. 
006317_RUSLAN|Почему же Лембитом? удивился Кузин. Мы хотим Володей. Что это такое Лембит? Лембит это имя. 
006318_RUSLAN|А Володя что, не имя? Лембит из фольклора. Что значит фольклор? Народное творчество. 
006319_RUSLAN|При чем тут народное творчество?! 
006320_RUSLAN|Личного моего сына хочу назвать Володей… Как его, высерка, назвать это тоже проблема. 
006321_RUSLAN|Меня вот Гришей назвали, а что получилось? Кем я вырос? Алкашом… Уж так бы и назвали Алкаш… Поехали? 
006322_RUSLAN|Мы выпили, уже не закусывая. Назовешь Володей, разглагольствовал Кузин, а получится ханыга. 
006323_RUSLAN|Многое, конечно, от воспитания зависит… Слушай, говорю, назови его Лембитом временно. 
006324_RUSLAN|Наш редактор за это капусту обещал. А через месяц переименуешь, когда вы его регистрировать будете… 
006325_RUSLAN|Сколько? поинтересовался Кузин. Двадцать пять рублей. Две полбанки и закуска. Это если в кабаке… 
006326_RUSLAN|Как минимум. Сиди, я позвоню… Я спустился в автомат. Позвонил в контору. Редактор оказался на месте. 
006327_RUSLAN|Генрих Францевич! Все окей! Папа русский, мать эстонка. Оба с судомеха… 
006328_RUSLAN|Странный у вас голос, произнес Туронок. 
006329_RUSLAN|Это автомат такой… Генрих Францевич, срочно пришлите Хуберта с деньгами. С какими еще деньгами? 
006330_RUSLAN|В качестве стимула. Чтобы ребенка назвали Лембитом… Отец согласен за двадцать пять рублей. 
006331_RUSLAN|Иначе, говорит, Адольфом назову… Довлатов, вы пьяны! сказал Туронок. Ничего подобного. 
006332_RUSLAN|Ну, хорошо, разберемся. Материал должен быть готов к среде. Хуберт выезжает через пять минут. 
006333_RUSLAN|Ждите его на Ратушной площади. Он передаст вам ключ… Ключ? Да. Символический ключ. Ключ счастья. 
006334_RUSLAN|Вручите его отцу… В соответствующей обстановке… Ключ стоит три восемьдесят. 
006335_RUSLAN|Я эту сумму вычту из двадцати пяти рублей. Нечестно, сказал я. Редактор повесил трубку. 
006336_RUSLAN|Кузин дремал, уронив голову на скатерть. Из‑под щеки его косо торчало блюдо с хлебом. Я взял Кузина за плечо. 
006337_RUSLAN|Але, говорю, проснись! Нас Хуберт ждет… Что?! всполошился он, Хуберт? А ты говорил Лембит. 
006338_RUSLAN|Лембит это не то. Лембит это твой сын. Временно… Да, у меня родился сын. Его зовут Лембит. 
006339_RUSLAN|Сначала Лембит, а потом Володя. А Хуберт нам деньги везет. Надо рассчитаться. Где официант? Але! 
006340_RUSLAN|Нарезик, где ты? закричал Кузин. Возник официант с уныло поджатыми губами. 
006341_RUSLAN|Разбита одна тарелка, заявил он. Ага, сказал Кузин, это я мордой об стол трах! 
006342_RUSLAN|Он смущенно достал из внутреннего кармана черепки. 
006343_RUSLAN|И в туалете мимо сделано, добавил официант, поаккуратнее надо ходить… 
006344_RUSLAN|Вали отсюда, неожиданно рассердился Кузин, слышишь? Или я тебе плешь отполирую! 
006345_RUSLAN|При исполнении не советую. Можно и срок получить. Я сунул официанту деньги. 
006346_RUSLAN|Извините, говорю, у моего друга сын родился. Вот он и переживает. 
006347_RUSLAN|Поддали так и ведите себя культурно, уступил официант. Мы расплатились и вышли под дождь. 
006348_RUSLAN|Машина Хуберта стояла возле ратуши. Он просигналил и распахнул дверцу. Мы залезли внутрь. 
006349_RUSLAN|Вот деньги, сказал Хуберт, редактор беспокоится, что ты запьешь… 
006350_RUSLAN|Я принял у него в темноте бумажки и мелочь… Хуберт протянул мне увесистую коробку. А это что? 
006351_RUSLAN|«Псковский сувенир». Я раскрыл коробку. В ней лежал анодированный ключ размером с небольшую балалайку. 
006352_RUSLAN|А, говорю, ключ счастья! Я отворил дверцу и бросил ключ в урну. Потом сказал Хуберту Давай выпьем. 
006353_RUSLAN|Я же за рулем. Оставь машину и пошли. Мне еще редактора везти домой. Сам доберется, жирный боров… 
006354_RUSLAN|Понимаешь, они мне квартиру обещали. Если бы не квартира… 
006355_RUSLAN|Живи у меня, сказал Кузин, а бабу я в деревню отправлю. На Псковщину, в Усохи. 
006356_RUSLAN|Там маргарина с лета не видели… Мне пора ехать, ребята, сказал Хуберт… Мы снова вышли под дождь. 
006357_RUSLAN|Окна ресторана «Астория» призывно сияли. Фонарь выхватывал из темноты разноцветную лужу у двери… 
006358_RUSLAN|Как мой спутник вышел на эстраду и заорал «Продали Россию!..» А потом ударил швейцара так, что фуражка закатилась в кладовую… И как потом нас забрали в милицию… И как освободили благодаря моему удостоверению… И как я потерял блокнот с записями… А затем и самого Кузина…
006359_RUSLAN|Стоит ли подробно рассказывать о том, что было дальше? Проснулся я у Марины, среди ночи. 
006360_RUSLAN|Бледный сумрак заливал комнату. Невыносимо гулко стучал будильник. 
006361_RUSLAN|Пахло нашатырным спиртом и мокрой одеждой. Я потрогал набухающую царапину у виска. 
006362_RUSLAN|Марина сидела рядом, грустная и немного осунувшаяся. Она ласково гладила меня по волосам. 
006363_RUSLAN|Гладила и повторяла Бедный мальчик… Бедный мальчик… Бедный мальчик… С кем это она, думаю, с кем?.. 
006364_RUSLAN|Компромисс шестой «ВСТРЕЧА С ИНТЕРЕСНЫМ ЧЕЛОВЕКОМ. Владимир Меркин. Экономика день грядущий». 
006365_RUSLAN|Вы услышите его живой и увлекательный рассказ об экономическом прогрессе в эссесээр и о необратимом финансовом кризисе современного Запада.
006366_RUSLAN|В радиоочерке Л.Агаповой и С.Довлатова предстает кандидат экономических наук Владимир Григорьевич Меркин. 
006367_RUSLAN|В перерыве новости и «Музыкальный антракт». 
006368_RUSLAN|На нее с безумным воплем кинется архитектор‑самоучка Дегтяренко, герой публицистической радиопередачи «Ясность», так и не запущенной в эфир.
006369_RUSLAN|За шесть недель до этой безобразной сцены журналистке впервые расскажут о проекте «Мобиле кооперато» и его гениальном творце, чернорабочем одной из таллиннских фабрик.
006370_RUSLAN|Четыре года спустя на лице журналистки Агаповой появится шрам от удара металлической рейсшиной. 
006371_RUSLAN|Эксперт Чубаров минуту подержит в холеных руках две грязные трепещущие кальки и выскажется следующим образом
006372_RUSLAN|Агапова напишет очерк под рубрикой «Встреча с интересным человеком». Технический отдел затребует чертежи. 
006373_RUSLAN|Оригинально! Весьма оригинально! Журналистка с облегчением и гордостью воскликнет 
006374_RUSLAN|У него четыре класса образования! 
006375_RUSLAN|А у вас? брезгливо поинтересуется эксперт. Вы знаете, что это такое? Мобиле кооперато. Подвижный дом. 
006376_RUSLAN|Жилище будущего… Это вагон, прервет ее Чубаров, обыкновенный вагон. 
006377_RUSLAN|А вашего Ле Корбюзье нужно срочно госпитализировать… Передачу тут же забракуют. 
006378_RUSLAN|Обнадеженный было Дегтяренко ударит Лиду металлической рейсшиной по голове. 
006379_RUSLAN|Карьера внештатной сотрудницы Таллиннского радио надолго прервется… Все это произойдет четыре года спустя. 
006380_RUSLAN|Затем будильник, остывшие шлепанцы, толчея возле уборной, чай, покоробившийся влажный сыр, гудение электробритвы муж спешит на работу.
006381_RUSLAN|Дочь «Я, кажется, просила не трогать мой халат!»… И наконец прохлада равнодушных улиц, ветер, цинковые лужи, болонки в сквере, громыхание трамвая…
006382_RUSLAN|До этого было пасмурное утро, еще раньше ночь. Сонный голубь бродил по карнизу, царапая жесть. 
006383_RUSLAN|Попробую ее изобразить. Хотя внешность Агаповой существенного значения не имеет. Резиновые импортные боты. 
006384_RUSLAN|Тяжелая коричневая юбка не подчеркивает шага. Синтетическая курточка на молнии шуршит. 
006385_RUSLAN|Кепка с голубым верхом форменная таллиннского политехника. Лицо решительное, вечно озябшее. 
006386_RUSLAN|Никаких следов косметики. Отсутствующий зуб на краю улыбки. 
006387_RUSLAN|Удивляются только глаза, брови неподвижны, как ленточка финиша… Следуем за нашей героиней. 
006388_RUSLAN|Вместо пуговиц какие‑то еловые шишки… А ведь смотрится… Или эта, в спецодежде… Васильки на заднице… Походка гордая, как у Лоллобриджиды… А летом как‑то раз босую видела… Не пьяную, сознательно босую… В центре города… Идет, фигурирует… Так и у меня, казалось бы, все импортное, народной демократии.
006389_RUSLAN|Трамвайная остановка… «…Вон как хорошо девчонки молодые одеваются. Пальтишко бросовое, а не наше. 
006390_RUSLAN|А вида нету… И где они берут? С иностранцами гуляют? Позор!.. А смотрится…» 
006391_RUSLAN|С натугой разъехались двери трамвая. Короткий мучительный штурм. 
006392_RUSLAN|Дорогу ей загородила широкая армейская спина. 
006393_RUSLAN|Щекой по ворсистой удушливой ткани… Ухватилась за поручень. Мелькнула жизнь в никелированной трубе… 
006394_RUSLAN|Копеечку не опускайте… Лида балансирует над металлическим ящиком‑кассой. 
006395_RUSLAN|Да проходите же, стоит как неродная… Главное, не раздражаться, относиться с юмором. 
006396_RUSLAN|Час пик, обычное явление. Тут главное найти источник положительных эмоций. Вон бабке место уступили. 
006397_RUSLAN|Студент конспекты перелистывает. Даже у военного приличное лицо… 
006398_RUSLAN|Затем вестибюль, широкая мраморная лестница, ковровые дорожки, потертые на сгибах… Табличка «Отдел пропаганды».
006399_RUSLAN|И снова улица, машины, люди, приятная волнующая безучастность людей и машин. Лида постучала и вошла. 
006400_RUSLAN|Все ужасно ей обрадовались. Кулешов сказал очередную пошлость. Верочка Котова улыбнулась, не поднимая глаз. 
006401_RUSLAN|Женя Тюрин помог раздеться. Моралевич спросил Ты слушала в четверг? Сам Юрна тобой доволен. Правда?! 
006402_RUSLAN|Тут же курил и Валя Чмутов, хронический неудачник. Чмутов был актером. 
006403_RUSLAN|Имел природный дар красивый низкий голос удивительного тембра. Работал диктором. 
006404_RUSLAN|Шесть месяцев назад с ним произошла трагическая история. 
006405_RUSLAN|Чмутов должен был рано утром открыть передачу, которая шла непосредственно в эфир. 
006406_RUSLAN|Произнести всего несколько слов «Дорогие радиослушатели! 
006407_RUSLAN|В эфире еженедельная программа „Здравствуй, товарищ!”». И все. Дальше музыка и запись. 
006408_RUSLAN|Чмутов получает свои одиннадцать рублей. Чмутов зашел в рубку. Сел. Придвинул микрофон. 
006409_RUSLAN|Мысленно повторил текст. Подвернул манжеты, чтобы запонки не брякали по столу. 
006410_RUSLAN|Ждал, когда загорится лампочка «Эфир». На душе после вчерашнего было тоскливо. Лампочка не загоралась. 
006411_RUSLAN|Дорогие радиослушатели! задумчиво произнес Чмутов. Тяжело ворочался обожженный портвейном язык. 
006412_RUSLAN|Дорогие радиослушатели, снова повторил Чмутов, о, мерзость… Дорогие радиослушатели… Да, напрасно я вчера завелся…
006413_RUSLAN|Лампочка не загоралась. Лампочка не загоралась. Как выяснилось, она перегорела… Это бывает раз в сто лет… 
006414_RUSLAN|В эфире еженедельная программа, репетировал Чмутов, ну, бля, все, завязываю… 
006415_RUSLAN|За стеклом мелькнула перекошенная физиономия редактора. Чмутов обмер. Распахнулась дверь. 
006416_RUSLAN|Упирающегося диктора выбросили на лестницу. Его похмельные заклинания разнеслись на весь мир. 
006417_RUSLAN|Актер был уволен… История не кончается. Чмутов уехал во Псков. Поступил диктором на радио. 
006418_RUSLAN|Местная радиотрансляция велась ежедневно часа полтора. Остальное время занимали Москва и Ленинград. 
006419_RUSLAN|Чмутов блаженствовал. Его ценили как столичного мастера. Как‑то раз он вел передачу. 
006420_RUSLAN|Неожиданно скрипнула дверь. Вошла большая коричневая собака. (Чья? Откуда?) Чмутов ее осторожно погладил. 
006421_RUSLAN|Собака прижала уши и зажмурилась. Нос ее сиял крошечной боксерской перчаткой. 
006422_RUSLAN|Труженики села рапортуют, произнес Чмутов. И тут собака неожиданно залаяла. Может быть, от счастья. 
006423_RUSLAN|Лаской ее, видимо, не избаловали. Труженики села рапортуют… Гав! Гав! Гав! Чмутова снова уволили. 
006424_RUSLAN|Теперь уже навсегда и отовсюду. Когда он рассказал о собаке, ему не поверили. 
006425_RUSLAN|Решили, что он сам залаял с похмелья. Чмутов уехал в Ленинград. Целыми днями сидел на радио. 
006426_RUSLAN|Неудачников все избегают. Лида ему улыбнулась. В отделе пропаганды Агапова сотрудничала давно. 
006427_RUSLAN|Все ее любили. Вот и теперь заведующая Нина Игнатьевна ласково ей кивнула Лидочка, пройдите ко мне. 
006428_RUSLAN|В кабинете тишина, полированный стол, бесчисленные авторучки. 
006429_RUSLAN|В шкафах за стеклами мерцают сувениры и корешки энциклопедии. 
006430_RUSLAN|В столе у Нины Игнатьевны помада, зеркальце и тушь. 
006431_RUSLAN|И вообще приятно интересная молодая женщина в таком серьезном кабинете… 
006432_RUSLAN|Лидочка, я хочу вам новую рубрику предложить. «Встреча с интересным человеком». 
006433_RUSLAN|Причем не обязательно с ученым или космонавтом. Диапазон тут исключительно широкий. 
006434_RUSLAN|Допустим, скромный номенклатурный главбух тайно… я не знаю… все, что угодно… не приходит в голову… Допустим, он тайно…
006435_RUSLAN|Почетное хобби, неожиданное увлечение, какой‑нибудь штрих в биографии. 
006436_RUSLAN|Растлевает малолетних, подсказала Лида. Я другое имела в виду. Допустим, он тайно… 
006437_RUSLAN|Изучает санскрит… Что‑то в этом духе. Только более значимое в социальном отношении. 
006438_RUSLAN|Допустим, милиционер помогает кому‑то отыскать близкого человека… Есть кино на эту тему. 
006439_RUSLAN|Я не могу предложить вам что‑то конкретное. Тут надо подумать. Вот, к примеру. 
006440_RUSLAN|На фабрике «Калев» проходили сьемки «Одинокой женщины». Помните, с артисткой Дорониной. 
006441_RUSLAN|Так вот, мальчишка, который участвовал в съемках, превратился в начальника одного из цехов. 
006442_RUSLAN|Мне нравится эта тема, сказала Лида, я ее чувствую. Эту тему уже использовал Арвид Кийск. 
006443_RUSLAN|Я говорю в принципе. Надо придумать что‑то свое. Допустим, старый генерал ложится на операцию. 
006444_RUSLAN|И узнает в хирурге своего бывшего денщика… Как фамилия? спросила Лида. Чья? 
006445_RUSLAN|Я говорю условно… Тут главное неожиданность, загадка, случай… Многоплановая жизнь… Снаружи одно, внутри другое…
006446_RUSLAN|Как фамилия этого генерала? Или денщика? Это у многих так, вздохнула Лида. 
006447_RUSLAN|Короче действуйте, сказала Нина Игнатьевна, едва заметно раздражаясь. Лидочка вышла из кабинета. 
006448_RUSLAN|Интересные люди окружали ее с детства. Отец был знаком с Эренбургом. 
006449_RUSLAN|Учитель рисования в школе слыл непризнанным гением. Потом за ней ухаживал бандит и даже написал стихи. 
006450_RUSLAN|Институтские профессора удивляли своими чудачествами. У одного была вечно расстегнута ширинка. 
006451_RUSLAN|Интересным человеком был ее муж старший экономист, а пишет с ошибками. 
006452_RUSLAN|А последнее время до такой степени, что Лида решила, не беременна ли… Монтера из домоуправления вызвали, оказывается сидел чуть ли не за убийство.
006453_RUSLAN|Дочь казалась загадочной всегда молчит. Короче, все люди интересные, если разобраться… 
006454_RUSLAN|По образованию Лидочка была врачом‑гигиенистом. Начала перебирать бывших однокурсников. 
006455_RUSLAN|Павинский, Рожин, Янкелевич, Феофанов… Мищенко, кажется, спортом занимался. 
006456_RUSLAN|Левин в науку ушел… Левин, Борька Левин, профессор, умница, доктор наук… Говорят, был во Франции… 
006457_RUSLAN|Агапова достала блокнот и записала на чистой странице Левин. Стала перебирать знакомых мужа. 
006458_RUSLAN|Тоже, конечно, интересные люди. Экономисты. 
006459_RUSLAN|Калинин, например, утверждает, что безработица стимул прогресса. А то все знают, что их не уволят. 
006460_RUSLAN|А если и уволят, то не беда. Перейдет через дорогу и устроится на соседний завод. 
006461_RUSLAN|То есть можно прогуливать, злоупотреблять… Калинин вряд ли подойдет. 
006462_RUSLAN|Уж слишком прогрессивный… А Меркин тот вообще. Его спрашивают, что может резко поднять нашу экономику? 
006463_RUSLAN|Война любые недостатки спишет… Думаю, что и Меркин не подойдет… А вот приходил на днях один филолог со знакомой журналисткой… Или даже, кажется, переводчик.
006464_RUSLAN|Служил, говорит, надзирателем в конвойных частях… Жуткие истории рассказывал… Фамилия нерусская Алиханов.
006465_RUSLAN|Отвечает война. Война, и только война. Война это дисциплина, подъем сознательности. 
006466_RUSLAN|Бесспорно, интересный человек… Так рядом с Левиным в блокноте появился Алиханов. 
006467_RUSLAN|Еще бы третьего кандидата найти. И тут Лида вспомнила, что у соседей остановился родственник из Порхова. 
006468_RUSLAN|Или знакомый. Что‑то Милка Осинская во дворе говорила. Какая‑то у него судьба загадочная. 
006469_RUSLAN|То ли был репрессирован, то ли наоборот… Начальник из провинции это любопытно. 
006470_RUSLAN|Это можно как‑нибудь оригинально повернуть. «Нет географической провинции, есть провинция духовная…» 
006471_RUSLAN|Так рядом с Алихановым и Левиным появился вопросительный знак. И в скобках родственник Милки О. 
006472_RUSLAN|Можно еще в резерве оставить начитанного домуправа. Сименоном интересовался. 
006473_RUSLAN|Но у Лиды с ним конфликт из‑за вечно переполненных мусорных баков… Ладно… Надо браться за дело!.. 
006474_RUSLAN|До свидания, Верочка, мальчики! Агапова, не пропадай!.. Позвонила Борьке Левину в клинику. 
006475_RUSLAN|Узнал, обрадовался, договорились на час. Бывший надзиратель оказался дома. 
006476_RUSLAN|Приезжайте, сказал он, и если можно, купите три бутылки пива. Деньги сразу же верну. 
006477_RUSLAN|Лида зашла в гастроном на улице Карья, купила пиво. 
006478_RUSLAN|Дома в районе новостроек от подъезда до подъезда километр… Алиханов встретил ее на пороге. 
006479_RUSLAN|Это был огромный молодой человек с низким лбом и вялым подбородком. 
006480_RUSLAN|В глазах его мерцало что‑то фальшиво неаполитанское. 
006481_RUSLAN|Затеял какой‑то несуразный безграмотный возглас и окончить его не сумел 
006482_RUSLAN|Чем я обязан, Лидочка, тем попутным ветром, коего… коего… Достали пиво? Умница. Раздевайтесь. 
006483_RUSLAN|У меня чудовищный беспорядок. Комната производила страшное впечатление. 
006484_RUSLAN|Диван, заваленный бумагами и пеплом. Стол, невидимый под грудой книг. Какой‑то ржавый ятаган на стене. 
006485_RUSLAN|Немытая посуда и багровый осадок в фужерах. Тусклые лезвия селедок на клочке газетной бумаги… Идите сюда. 
006486_RUSLAN|Тут более‑менее чисто.  Надзиратель откупорил пиво. Да, колоритно у вас, сказала Лида. 
006487_RUSLAN|Я ведь по образованию гигиенист. Меня за антисанитарию к товарищескому суду привлекали. 
006488_RUSLAN|Чем же это кончилось? Ничем. Я на мятежный дух закашивал. 
006489_RUSLAN|Поэт, мол, йог, буддист, живу в дерьме… Хотите пива? Я не пью. Вот деньги. Рубль одиннадцать. 
006490_RUSLAN|Какая ерунда, сказала Лида. Нет, извините, громко возмутился Алиханов. 
006491_RUSLAN|Лида сунула горсть мелочи в карман. Надзиратель ловко выпил бутылку пива из горлышка. 
006492_RUSLAN|Затем попытался еще раз, теперь уже штурмом осилить громоздкую фразу Чем я обязан, можно сказать, тому неожиданному удовольствию, коего…
006493_RUSLAN|Полегче стало, доверительно высказался он. Вы филолог? спросила Агапова. Точнее лингвист. 
006494_RUSLAN|Я занимаюсь проблемой фонематичности русского «Щ»… Есть такая проблема? 
006495_RUSLAN|Одна из наиболее животрепещущих… Слушайте, что произошло? 
006496_RUSLAN|Чем я обязан неожиданному удовольствию лицезреть?.. Надзиратель опрокинул вторую бутылку. 
006497_RUSLAN|Мы готовим радиопередачу «Встреча с интересным человеком». Необходим герой с оригинальной биографией. 
006498_RUSLAN|Вы филолог. Точнее лингвист. Бывший надзиратель. Человек многоплановой жизни… У вас многоплановая жизнь? 
006499_RUSLAN|Последнее время да, честно ответил надзиратель. 
006500_RUSLAN|Расскажите поподробнее о ваших филологических исследованиях. Желательно, в доступной форме. 
006501_RUSLAN|Я вам лучше дам свой реферат. Что‑то я плохо соображаю. Где‑то здесь. Сейчас найду… 
006502_RUSLAN|Алиханов метнулся к напластованиям бумаги. В другой раз, успокоила Лида. Мы, очевидно, еще встретимся. 
006503_RUSLAN|Это у нас предварительная беседа. Мне хочется спросить. Вы были надзирателем, это опасно, рискованно? 
006504_RUSLAN|Алиханов неохотно задумался. Риск, конечно, был. Много водки пили. Лосьоном не брезговали. 
006505_RUSLAN|На сердце отражается… Я имела в виду заключенных. Ведь это страшные люди. Ничего святого… 
006506_RUSLAN|Люди как люди, сказал Алиханов, откупоривая третью бутылку. Я много читала. 
006507_RUSLAN|Это особый мир… Свои законы… Необходимо мужество… Вы мужественный человек? Алиханов вконец растерялся. 
006508_RUSLAN|Люба, сказал он. Лида. Лида! почти закричал Алиханов. Я сейчас достану шесть рублей. 
006509_RUSLAN|У меня гуманные соседи. Возьмем полбанки и сухого. Что‑то я плохо соображаю. Я не пью. 
006510_RUSLAN|Вы мужественный человек? Не знаю. Раньше мог два литра выпить. 
006511_RUSLAN|А теперь от семисот граммов балдею… Возраст… Вы не понимаете. 
006512_RUSLAN|Мне нужен оригинальный человек, интересная личность. Вы филолог, тонко чувствующий индивидуум. 
006513_RUSLAN|А раньше были надзирателем. Ежедневно шли на риск. 
006514_RUSLAN|Душевная тонкость очень часто сопутствует физической грубости… Когда я вам грубил? Не мне. 
006515_RUSLAN|Вы охраняли заключенных… Мы больше себя охраняли. Откуда у вас этот шрам? Не скромничайте, пожалуйста… 
006516_RUSLAN|Это не шрам, воскликнул Алиханов, это фурункул. Я расчесал… Извините меня… 
006517_RUSLAN|Я все‑таки хочу знать, что вы испытывали на Севере? Фигурально выражаясь, о чем молчала тундра? Что? 
006518_RUSLAN|О чем молчала тундра? Лида! дико крикнул Алиханов. Я больше не могу! Я не гожусь для радиопередачи! 
006519_RUSLAN|Я вчера напился! У меня долги и алименты! Меня упоминала «Немецкая волна»! Я некоторым образом диссидент! 
006520_RUSLAN|Вас уволят… Отпустите меня… Лида завинтила колпачок авторучки. 
006521_RUSLAN|Жаль, сказала она, материал интересный. Будьте здоровы. Я вам позвоню. А вы пока отыщите свой реферат… 
006522_RUSLAN|Надзиратель стоял обессиленный и бледный. Минутку, сказал он, я тоже иду. У меня гуманные соседи… 
006523_RUSLAN|На площадке они расстались. Лида зашагала вниз. Алиханов взлетел на четвертый этаж… 
006524_RUSLAN|Левин обнял ее и долго разглядывал. Да, сказал он, годы идут, годы идут… Постарела? 
006525_RUSLAN|Как тебе сказать… Оформилась. А ты обрюзг. Позор. Галина дома? На собрании в школе. 
006526_RUSLAN|Хулиган у нас растет… Толстею, говоришь? Жена советует «Тебе надо бегать по утрам». 
006527_RUSLAN|А я отвечаю «Если побегу, то уже не вернусь…» Кофе хочешь? Раздевайся… 
006528_RUSLAN|Только после вас, доктор, вспомнила Лида какую‑то старую шутку. Они прошли в гостиную. 
006529_RUSLAN|Торшер с прожженным абажуром. Иностранные журналы на подоконнике. 
006530_RUSLAN|Хорошо у тебя, сказала Лида, в новых квартирах жутко делается. Все полированное, сплошной хрусталь… 
006531_RUSLAN|Хрусталь и у меня есть, похвастал Левин. Где? В ломбарде. По‑прежнему канцерогенами занимаешься? 
006532_RUSLAN|По‑прежнему. Расскажи. Минуточку, чайник поставлю. Жду… 
006533_RUSLAN|Лида вынула записную книжку, авторучку и сигареты «БТ». Левин вернулся. Они закурили. Ты во Франции был? 
006534_RUSLAN|Две недели. Ну и как? Нормально. А конкретнее? 
006535_RUSLAN|Трудолюбивый народ, реакционная буржуазия, экономический кризис, обнищание масс… 
006536_RUSLAN|Ты по‑человечески расскажи. Хорошо французы к нам относятся? А черт их знает. Настроение у всех хорошее. 
006537_RUSLAN|Как насчет благосостояния? Как тебе француженки, понравились? Благосостояние нормальное. 
006538_RUSLAN|Кормили хорошо. У меня был третий стол. Вино, цыплята, кофе, сливки… Девицы замечательные. 
006539_RUSLAN|Вернее, так, либо уродина, либо красотка. Тут дело в косметике, я полагаю. 
006540_RUSLAN|Косметика достоинства подчеркивает, а недостатки утрирует… Держатся свободно, непосредственно. 
006541_RUSLAN|У них такие белые синтетические халаты, декольте… Что значит белые халаты? Ты в клинике работал? 
006542_RUSLAN|Я не работал. Я дизентерией в Ницце заболел. День погулял и слег. Значит, Франции практически не видел? 
006543_RUSLAN|Почему? У нас был цветной телевизор. Не повезло тебе. Зато я отдохнул. Привез что‑нибудь интересное? 
006544_RUSLAN|Сувениры, тряпки? Слушай, оживился Левин, я уникальную вещь привез. Только отнесись без ханжества. 
006545_RUSLAN|Ты же врач. Сейчас достану. Я его от Вовки прячу. Что ты имеешь в виду? Лидка, я член привез. 
006546_RUSLAN|Каучуковый член филигранной работы. Ей‑богу. Куда же он девался? Видно, Галка перепрятала… Как зачем? 
006547_RUSLAN|Это произведение искусства. Клянусь. И Галке нравится. Как таможенники не отобрали? 
006548_RUSLAN|Я же не в руках его тащил, я спрятал. Куда? Ведь не иголка… Я одну даму попросил из нашей лаборатории. 
006549_RUSLAN|Женщин менее тщательно обыскивают. И возможностей у них больше. Физиология более… укромная… 
006550_RUSLAN|Ты как ребенок. Поговорим лучше о деле. Сейчас я кофе принесу. На столе появились конфеты, вафли и лимон. 
006551_RUSLAN|Сгущенное молоко принести? Нет. Рассказывай. Чего рассказывать? 
006552_RUSLAN|Я занимаюсь моделированием химических реакций. Одно время исследовал канцерогенез асбестовой пыли… 
006553_RUSLAN|Ты мне скажи, рак излечим? Рак кожи да. А рак желудка, например? Лидочка, полный хаос в этом деле. 
006554_RUSLAN|Миллиграмм канцерогена убивает лошадь. 
006555_RUSLAN|У любого взрослого человека на пальце этих самых канцерогенов табун отравить можно. 
006556_RUSLAN|А я вот курю и тем не менее жив… Дым, в свою очередь, тоже… Не записывай. Рак щекотливая тема. 
006557_RUSLAN|Запретят твою передачу. Не думаю. Что, я с журналистами дела не имел?! 
006558_RUSLAN|Обратись к терапевту, у них благодать. 
006559_RUSLAN|Соцобязательства каждый месяц берут… Ты позвони в свою контору, согласуй. 
006560_RUSLAN|Агапова позвонила Нине Игнатьевне. Та перепугалась. Лидочка, рак слишком печально. 
006561_RUSLAN|Порождает отрицательные эмоции. Ассоциируется с небезызвестным романом. Мы ждем чего‑нибудь светлого… 
006562_RUSLAN|Рак это проблема номер один. Лидочка, не упрямьтесь. Есть негласное распоряжение. 
006563_RUSLAN|Что ж, вздохнула Лида, извините… Куда ты? удивился Левин. Посиди. Я, в общем‑то, по делу зашла. 
006564_RUSLAN|Мы семь лет не виделись. Скоро Галка придет, выпьем чего‑нибудь. 
006565_RUSLAN|Ты уж прости, не хотелось бы мне ее видеть. Левин молчал. Ты счастлив, Боря? Левин снял очки. 
006566_RUSLAN|Теперь он был похож на второгодника. Какое там счастье! Живу, работаю. Галка, я согласен, трудный человек. 
006567_RUSLAN|Есть в ней что‑то безжизненное. Володя хам, начитанный, развитый хам. Я все‑таки доктор наук, профессор. 
006568_RUSLAN|А он говорит мне вчера «У тебя комплекс неполноценности…» Но ведь ты ученый, служишь людям. 
006569_RUSLAN|Ты должен гордиться… Брось, Лида. Я служу Галине и этому засранцу. Ты просто не в форме. 
006570_RUSLAN|Лида уже стояла на площадке. А помнишь, как в Новгород ездили? спросил Левин. Боря, замолчи сейчас же. 
006571_RUSLAN|Все к лучшему. Ну, я пошла. И она пошла вниз, на ходу раскрывая зонтик. 
006572_RUSLAN|Щелчок и над головой ее утвердился пестрый, чуть вибрирующий купол. 
006573_RUSLAN|А как мы дыни воровали?! закричал он в лестничный пролет… К этому времени стемнело. 
006574_RUSLAN|В лужах плавали акварельные неоновые огни. Бледные лица прохожих казались отрешенными. 
006575_RUSLAN|Из‑за поворота, качнувшись, выехал наполненный светом трамвай. Лида опустилась на деревянную скамью. 
006576_RUSLAN|Сложила зонтик. В черном стекле напротив отражалось ее усталое лицо. 
006577_RUSLAN|Кому‑то протянула деньги, ей сунули билет. Всю дорогу она спала и проснулась с головной болью. 
006578_RUSLAN|К дому шла медленно, ступая в лужи. Хорошо, догадалась надеть резиновые чешские боты… 
006579_RUSLAN|Осинские жили в соседнем подъезде. Аркадий тренер, вечно шутит. 
006580_RUSLAN|На груди у него, под замшевой курткой, блестит секундомер. Милка где‑то химию преподает. 
006581_RUSLAN|Сын таинственная личность. Шесть лет уклоняется от воинской повинности. 
006582_RUSLAN|Шесть лет симулирует попеременно неврозы, язву желудка и хронический артрит. 
006583_RUSLAN|Превзошел легендарного революционера Камо. 
006584_RUSLAN|За эти годы действительно стал нервным, испортил желудок и приобрел хронический артрит. 
006585_RUSLAN|Что касается медицинских знаний, то Игорь давно оставил позади любого участкового врача. 
006586_RUSLAN|Кроме того, разбирается в джазе и свободно говорит по‑английски… 
006587_RUSLAN|В общем, человек довольно интересный, только не работает… Лида поднялась на третий этаж. 
006588_RUSLAN|Ей вдруг неудержимо захотелось домой. Прогоняя эту мысль, нажала кнопку. Глухо залаял Милорд. 
006589_RUSLAN|Входи, обрадовалась Мила Осинская, Игорь где‑то шляется. Арик на сборах в Мацесте. 
006590_RUSLAN|Познакомься, это Владимир Иванович. Навстречу ей поднялся грузный человек лет шестидесяти. 
006591_RUSLAN|Протянул руку, назвался. С достоинством разлил коньяк. Мила включила телевизор. Хочешь борща? Нет. 
006592_RUSLAN|Я, как ни странно, выпью. За все хорошее, дружелюбно произнес Владимир Иванович. 
006593_RUSLAN|Это был широкоплечий, здоровый мужчина в красивом тонком джемпере. 
006594_RUSLAN|Лицо умеренно, но регулярно выпивающего человека. В кино так изображают отставных полковников. 
006595_RUSLAN|Прочный лоб, обыденные светлые глаза, золотые коронки. Чокнулись, выпили. 
006596_RUSLAN|Ну, беседуйте, сказала хозяйка, а я к Воробьевым зайду на десять минут. Мне Рита кофту вяжет… И ушла. 
006597_RUSLAN|Я, в общем‑то, по делу, сказала Лида. К вашим услугам. 
006598_RUSLAN|Мы готовим радиопередачу «Встреча с интересным человеком». 
006599_RUSLAN|Человек я самый обыкновенный, произнес Владимир Иванович, хотя не скрою, работу люблю и в коллективе меня уважают…
006600_RUSLAN|Людмила Сергеевна кое‑что о вас рассказывала… И я подумала… Мне кажется, вы интересный человек… 
006601_RUSLAN|Где вы работаете? Лида достала блокнот. В Порхове имеется филиал «Красной зари». 
006602_RUSLAN|Создаем координатные АТС. Цех большой, ведущий. По итогам второго квартала добились серьезных успехов… 
006603_RUSLAN|Вам не скучно? Не понял. Не скучно в провинции? Город наш растет, благоустраивается. 
006604_RUSLAN|Новый Дом культуры, стадион, жилые массивы… Записали? Владимир Иванович наклонил бутылку. 
006605_RUSLAN|Лида отрицательно покачала головой. Он выпил. Подцепил ускользающий маринованный гриб. 
006606_RUSLAN|Лида, выждав, продолжала Я думаю, можно быть провинциалом в столице и столичным жителем в тундре. 
006607_RUSLAN|Совершенно верно. То есть провинция явление духовное, а не географическое. Вот именно. 
006608_RUSLAN|Причем снабжение у нас хорошее мясо, рыба, овощи… Гастролируют столичные творческие коллективы? 
006609_RUSLAN|Разумеется, вплоть до Магомаева. Владимир Иванович снова налил. 
006610_RUSLAN|Ананьева, военные мемуары, естественно классику Пушкина, Лермонтова, Толстого… Последних, как известно, было три… В молодости стихи писал…
006611_RUSLAN|Вы, наверное, много читаете? спросила Лида. Как же без этого. Симонова уважаю. Это интересно. 
006612_RUSLAN|Дай бог памяти. Вот, например… Владимир Иванович откинулся на спинку кресла 
006613_RUSLAN|Каждый стремится у нас быть героем, Дружно шагаем в строю, Именем Сталина землю покроем, 
006614_RUSLAN|Счастье добудем в бою… Лида подавила разочарование. Трудно быть начальником цеха? 
006615_RUSLAN|Тут и производственный фактор, и моральный… План, текучесть, микроклимат, отрицаловка… А главное, требовательный народ пошел.
006616_RUSLAN|Дай то, дай это… Обязанностей никаких, а прав до черта… Эх, батьки Сталина нет… Порядок был, порядок… Опоздал на минуту под суд!
006617_RUSLAN|Прямо скажу нелегко. Права свои знает. 
006618_RUSLAN|А сейчас… Разболтался народ, разболтался… Сатирики, понимаешь, кругом… Эх, нету батьки… 
006619_RUSLAN|Значит, вы одобряете культ личности? тихо спросила Агапова. 
006620_RUSLAN|Культ, культ… Культ есть и будет… Личность нужна, понимаете, личность! 
006621_RUSLAN|Владимир Иванович разгорячился, опьянел. Теперь он жестикулировал, наваливался и размахивал вилкой. 
006622_RUSLAN|Жизнь я нелегкую прожил. Всякое бывало. Низко падал, высоко залетал… Я ведь, между нами, был женат… 
006623_RUSLAN|Почему между нами? удивилась Лида. На племяннице Якира, шепотом добавил Владимир Иванович. 
006624_RUSLAN|Якира? Того самого? Ну. Ребенок был у нас. Мальчишка… И где они сейчас? Не знаю. Потерял из виду. 
006625_RUSLAN|В тридцать девятом году… Владимир Иванович замолчал, ушел в себя. 
006626_RUSLAN|Долго Лида ждала, потом, волнуясь, краснея, спросила То есть как это потерял из виду? 
006627_RUSLAN|Как можно потерять из виду свою жену? Как можно потерять из виду собственного ребенка? 
006628_RUSLAN|Время было суровое, Лидочка, грозовое, суровое время. Семьи рушились, вековые устои рушились… 
006629_RUSLAN|При чем тут вековые устои?! неожиданно крикнула Лида. Я не маленькая. И все знаю. 
006630_RUSLAN|Якира арестовали, и вы подло бросили жену с ребенком. Вы… Вы… Вы неинтересный человек! 
006631_RUSLAN|Я попросил бы, сказал Владимир Иванович, я попросил бы… Такими словами не бросаются… 
006632_RUSLAN|И затем уже более миролюбиво Ведите себя поскромнее, Лидочка, поскромнее, поскромнее… 
006633_RUSLAN|Милорд приподнял голову. Лида уже не слушала. Вскочила, сорвала курточку в прихожей и хлопнула дверью. 
006634_RUSLAN|На лестнице было тихо и холодно. Тенью пронеслась невидимая кошка. Запах жареной рыбы наводил тоску. 
006635_RUSLAN|Лида спустилась вниз и пошла через двор. Влажные сумерки прятались за гаражами и около мусорных баков. 
006636_RUSLAN|Темнели и поскрипывали ветки убогого сквера. На снегу валялся деревянный конь. 
006637_RUSLAN|Лида заглянула в почтовый ящик, достала «Экономическую газету». Поднялась и отворила дверь. 
006638_RUSLAN|В комнате мужа гудел телевизор. На вешалке алело Танино демисезонное пальто. 
006639_RUSLAN|Лида разделась, кинула перчатки на зеркальный столик. 
006640_RUSLAN|В уборную, едва поздоровавшись, скользнул молодой человек. 
006641_RUSLAN|Грязноватые локоны его были перевязаны коричневым сапожным шнурком. Плюшевые брюки ниспадали, как шлейф. 
006642_RUSLAN|Татьяна, кто это? Допустим, Женя. Мы занимаемся. Чем? Допустим, немецким языком. 
006643_RUSLAN|Ты что‑нибудь имеешь против? Проследи, чтобы он вымыл руки, сказала Лида. 
006644_RUSLAN|Как ты любишь все опошлить! ненавидящим шепотом выговорила дочь… Лида позвонила мне в час ночи. 
006645_RUSLAN|Ее голос звучал встревоженно и приглушенно Не разбудила? Нет, говорю, хуже… Ты не один? Один. 
006646_RUSLAN|С Мариной… Ты можешь разговаривать серьезно? Разумеется. 
006647_RUSLAN|Нет ли у тебя в поле зрения интересного человека? Есть. И он тебе кланяется. Перестань. 
006648_RUSLAN|Дело очень серьезное. Мне в четверг передачу сдавать. О чем? Встреча с интересным человеком. 
006649_RUSLAN|Нет ли у тебя подходящей кандидатуры? Лида, взмолился я, ты же знаешь мое окружение. Сплошные подонки! 
006650_RUSLAN|Позвони Кленскому, у него тесть инвалид… У меня есть предложение. Давай напишем передачу вместе. 
006651_RUSLAN|Заработаешь рублей пятнадцать. Я же не пользуюсь магнитофоном. Это я беру на себя. Мне нужен твой… 
006652_RUSLAN|Цинизм? подсказал я. Твой профессиональный опыт, деликатно сформулировала Лида. 
006653_RUSLAN|Ладно, сказал я, чтобы отделаться, позвоню тебе завтра утром. Вернее сегодня… 
006654_RUSLAN|Только обязательно позвони. Я же сказал… Тут Марина не выдержала. Укусила меня за палец. 
006655_RUSLAN|До завтра, сказал (вернее крикнул) я и положил трубку… 
006656_RUSLAN|Лида приоткрыла дверь в комнату мужа, залитую голубоватым светом. Вадим лежал на диване в ботинках. 
006657_RUSLAN|Могу я наконец поужинать? спросил он. Заглянула дочь Мы уходим. 
006658_RUSLAN|У Тани было хмурое лицо, на котором застыла гримаса вечного противоборства. Возвращайся поскорее… 
006659_RUSLAN|Могу я наконец чаю выпить? спросил Вадим. Я, между прочим, тоже работаю, ответила Лида. 
006660_RUSLAN|И потом, не давая разрастаться ссоре Как ты думаешь, Меркин интересный человек?.. Компромисс седьмой 
006661_RUSLAN|«НАРЯД ДЛЯ МАРСИАНИНА (Человек и профессия). Чего мы ждем от хорошего портного? 
006662_RUSLAN|Сшитый им костюм должен отвечать моде. А что бы вы подумали о закройщике. 
006663_RUSLAN|изделие которого отстает от требований моды… на двести лет? 
006664_RUSLAN|Между тем этот человек пользуется большим уважением и заслуживает самых теплых слов. 
006665_RUSLAN|Среди его постоянных клиентов испанские гранды и мушкетеры, русские цари и японские самураи, более того лисицы, петухи и даже марсиане.
006666_RUSLAN|Мы говорим о закройщике‑модельере Русского драматического театра эсэсэр Вольдемаре Сильде. 
006667_RUSLAN|Театральный костюм рождается совместными усилиями художника и портного. 
006668_RUSLAN|Представьте себе Онегина в мешковатых брюках или Собакевича в элегантном фраке… Для того чтобы создать костюм раба Эзопа.
006669_RUSLAN|Он должен соответствовать характеру эпохи, выражая при этом дух спектакля и свойства персонажей. 
006670_RUSLAN|Сюртук, кафтан, бекеша, ментик, архалук все это строго определенные виды одежды со своими специфическими чертами и аксессуарами.
006671_RUSLAN|Один молодой актер, рассказывает Сильд, спросил меня «Разве фрак и смокинг не одно и то же?» Для меня это вещи столь же разные.
006672_RUSLAN|Вольдемару Сильду пришлось изучать старинную живопись. греческую драму… как телевизор и магнитофон. 
006673_RUSLAN|Посещая спектакли других театров. 
006674_RUSLAN|И только на спектаклях моего любимого Вахтанговского театра, говорит В. Сильд, я забываю о том, что я модельер, и слежу за развитием пьесы верный признак того, что костюмеры в этом театре работают безукоризненно.
006675_RUSLAN|Вольдемар Хендрикович с профессиональной взыскательностью обращает внимание на то. как одеты персонажи. 
006676_RUSLAN|Безукоризненно работает и сам Вольдемар Сильд, портной. художник, человек театра». 
006677_RUSLAN|На летучке материал похвалили. Довлатов умеет живо писать о всякой ерунде. И заголовок эффектный… 
006678_RUSLAN|Слова откуда‑то берет аксессуары… Назавтра вызывает меня редактор Туронок. Садитесь. Сел. 
006679_RUSLAN|Разговор будет неприятный. «Как все разговоры с тобой, идиот», подумал я. Что за рубрика у вас? 
006680_RUSLAN|«Человек и профессия». Нас интересуют люди редких профессий. А также неожиданные аспекты… 
006681_RUSLAN|Знаете, какая профессия у этого вашего Сильда? Знаю. Портной. Театральный портной. Неожиданный аспект… 
006682_RUSLAN|Это сейчас. А раньше? Раньше не знаю. Так знайте же, в войну он был палачом. Служил у немцев. 
006683_RUSLAN|Вешал советских патриотов. За что и отсидел двенадцать лет. О Господи! сказал я. 
006684_RUSLAN|Понимаете, что вы наделали?! Прославили изменника Родины! Навсегда скомпрометировали интересную рубрику! 
006685_RUSLAN|Но мне его рекомендовал директор театра. Директор театра бывший обер‑лейтенант СС. 
006686_RUSLAN|Кроме того, он голубой. Что значит голубой? Так раньше называли гомосексуалистов. 
006687_RUSLAN|Он к вам не приставал? Приставал, думаю. Еще как приставал. Руку мне, журналисту, подал. То‑то я удивился… 
006688_RUSLAN|Тут я вспомнил разговор с одним французом. Речь зашла о гомосексуализме. У нас за это судят, похвастал я. 
006689_RUSLAN|А за геморрой у вас не судят? проворчал француз… 
006690_RUSLAN|Я вас не обвиняю, сказал Туронок вы действовали как положено. То есть согласовали кандидатуру. 
006691_RUSLAN|И все‑таки надо быть осмотрительнее. Выбор героя серьезное дело, чрезвычайно серьезное… 
006692_RUSLAN|Об этом случае говорили в редакции недели две. Затем отличился мой коллега Буш. 
006693_RUSLAN|Взял интервью у капитана торгового судна феэргэ. Это было в канун годовщины Октябрьской революции. 
006694_RUSLAN|Капитан у Буша прославляет советскую власть. Выяснилось, что он беглый эстонец. 
006695_RUSLAN|Рванул летом шестьдесят девятого года на байдарке в Финляндию. Оттуда в Швецию. И так далее. 
006696_RUSLAN|Буш выдумал это интервью от начала до конца. Случай имел резонанс, и про меня забыли… Компромисс восьмой 
006697_RUSLAN|«МОСКВА. КРЕМЛЬ. Л.И.БРЕЖНЕВУ. ТЕЛЕГРАММА. Дорогой и многоуважаемый Леонид Ильич! 
006698_RUSLAN|Хочу поделиться с Вами радостным событием. 
006699_RUSLAN|В истекшем году мне удалось достичь небывалых трудовых показателей. 
006700_RUSLAN|Я надоила с одной коровы рекордное число молока. И еще одно радостное событие произошло в моей жизни. 
006701_RUSLAN|Коммунисты нашей фермы дружно избрали меня своим членом! Обещаю Вам. 
006702_RUSLAN|Леонид Ильич, впредь трудиться с еще большим подъемом. ЛИНДА ПЕЙПС». «Эстонская ССР. ПАЙДЕСКИЙ РАЙОН. 
006703_RUSLAN|ЛИНДЕ ПЕЙПС. ТЕЛЕГРАММА. Дорогая Линда Пейпс! 
006704_RUSLAN|Самоотверженный труд на благо Родины возвышает человеческую жизнь ощущением причастности к борьбе за достижение коммунистических идеалов.
006705_RUSLAN|Разрешите также от души поздравить Вас с незабываемым событием вступлением в ряды Коммунистической партии.
006706_RUSLAN|Я и мои товарищи от всего сердца благодарят Вас за достигнутые успехи. 
006707_RUSLAN|Ведь партия авангард советского общества. его славный передовой отряд. ЛЕОНИД БРЕЖНЕВ». 
006708_RUSLAN|У редактора Туронка лопнули штаны на заднице. Таково негативное свойство импортной мягкой фланели. 
006709_RUSLAN|Люминесцентная голубизна редакторских кальсон явилась достоянием всех холуев, угодливо пропустивших его без очереди.
006710_RUSLAN|Около двенадцати Туронок подошел к стойке учрежденческого бара. Сотрудники начали переглядываться. 
006711_RUSLAN|Я рассказываю эту историю так подробно в силу двух обстоятельств. 
006712_RUSLAN|Во‑первых, любое унижение начальства большая радость для меня. Второе. 
006713_RUSLAN|Прореха на брюках Туронка имела определенное значение в моей судьбе… Но вернемся к эпизоду у стойки. 
006714_RUSLAN|Сотрудники начали переглядываться. Кто злорадно, кто сочувственно. 
006715_RUSLAN|Злорадствующие искренне, сочувствующие лицемерно. 
006716_RUSLAN|И тут, как всегда, появляется главный холуй, бескорыстный и вдохновенный. 
006717_RUSLAN|Холуй этот до того обожает начальство, что путает его с родиной, эпохой, мирозданием… 
006718_RUSLAN|Короче, появился Эдик Вагин. 
006719_RUSLAN|В любой газетной редакции есть человек, который не хочет, не может и не должен писать. И не пишет годами. 
006720_RUSLAN|Все к этому привыкли и не удивляются. 
006721_RUSLAN|Тем более что журналисты, подобные Вагину, неизменно утомлены и лихорадочно озабочены. 
006722_RUSLAN|Остряк Шаблинский называл это состояние «вагинальным»… 
006723_RUSLAN|Вагин постоянно спешил, здоровался отрывисто и нервно. Сперва я простодушно думал, что он алкоголик. 
006724_RUSLAN|Есть среди бесчисленных модификаций похмелья и такая разновидность. 
006725_RUSLAN|Этакое мучительное бегство от дневного света. 
006726_RUSLAN|Вибрирующая подвижность беглеца, настигаемого муками совести… Затем я узнал, что Вагин не пьет. 
006727_RUSLAN|А если человек не пьет и не работает тут есть о чем задуматься. Таинственный человек, говорил я. 
006728_RUSLAN|Вагин стукач, объяснил мне Быковер, что в этом таинственного? 
006729_RUSLAN|…Контора размещалась тогда на улице Пикк. Строго напротив здания Госбезопасности (ул. Пагари, один). 
006730_RUSLAN|Вагин бывал там ежедневно. Или почти ежедневно. Мы видели из окон, как он переходит улицу. 
006731_RUSLAN|У Вагина сверхурочные! орал Шаблинский… Впрочем, мы снова отвлеклись. 
006732_RUSLAN|…Сотрудники начали переглядываться. Вагин мягко тронул редактора за плечо Шеф… Непорядок в одежде… 
006733_RUSLAN|И тут редактор сплоховал. Он поспешно схватился обеими руками за ширинку. 
006734_RUSLAN|Вернее… Ну, короче, за это место… Проделал то, что музыканты называют глиссандо. 
006735_RUSLAN|(Легкий пробег вдоль клавиатуры.) Убедился, что граница на замке. Побагровел 
006736_RUSLAN|Найдите вашему юмору лучшее применение. 
006737_RUSLAN|Развернулся и вышел, обдав подчиненных неоновым сиянием исподнего. 
006738_RUSLAN|Затем состоялся короткий и весьма таинственный диалог. К обескураженному Вагину подошел Шаблинский. 
006739_RUSLAN|Зря вылез, сказал он, так удобнее… Кому удобнее? покосился Вагин. Тебе, естественно… 
006740_RUSLAN|Что удобнее? Да это самое… Нет, что удобнее? А то… Нет, что удобнее? 
006741_RUSLAN|Что удобнее? раскричался Вагин. Пусть скажет! Иди ты на хер! помолчав, сказал Шаблинский. 
006742_RUSLAN|То‑то же! восторжествовал стукач… Вагин был заурядный, неловкий стукач без размаха… 
006743_RUSLAN|Не успел я его пожалеть, как меня вызвал редактор. Я немного встревожился. 
006744_RUSLAN|Только что подготовил материал на двести строк. Называется «Папа выше солнца». 
006745_RUSLAN|О выставке детских рисунков. Чего ему надо, спрашивается? Да еще злополучная прореха на штанах. 
006746_RUSLAN|Может, редактор думает, что это я подстроил. Ведь был же подобный случай. 
006747_RUSLAN|Я готовил развернутую информацию о выставке декоративных собак. 
006748_RUSLAN|Редактор, любитель животных, приехал на казенной машине взглянуть. И тут началась гроза. 
006749_RUSLAN|Туронок расстроился и говорит С вами невозможно дело иметь… То есть как это? 
006750_RUSLAN|Вечно какие‑то непредвиденные обстоятельства… Как будто я Зевс и нарочно подстроил грозу. 
006751_RUSLAN|…Захожу в кабинет. Редактор прогуливается между гипсовым Лениным и стереоустановкой «Эстония». 
006752_RUSLAN|Изображение Ленина обязательная принадлежность всякого номенклатурного кабинета. 
006753_RUSLAN|Я знал единственное исключение, да и то частичное. У меня был приятель Авдеев. 
006754_RUSLAN|Ответственный секретарь молодежной газеты. У него был отец, провинциальный актер из Луганска. 
006755_RUSLAN|Годами играл Ленина в своем драмтеатре. Так Авдеев ловко вышел из положения. 
006756_RUSLAN|Укрепил над столом громадный фотоснимок папа в роли Ильича. 
006757_RUSLAN|Вроде не придраться как бы и Ленин, а все‑таки папа… …Туронок все шагал между бюстом и радиолой. 
006758_RUSLAN|Вижу прореха на месте. Если можно так выразиться… Если у позора существует законное место… 
006759_RUSLAN|Есть умение видеть, подмечать… Будем откровенны, культурный уровень русских журналистов в Эстонии, что называется, оставляет желать лучшего.
006760_RUSLAN|Наконец редактор приступил Знаете, Довлатов, у вас есть перо! Молчу, от похвалы не розовею… 
006761_RUSLAN|Темпы идейного роста значительно, я бы сказал, опережают темпы культурного роста. Вспомните минувший актив. 
006762_RUSLAN|Толстиков в передовой, заметьте, указывает «…Коммунисты фабрики должны в ближайшие месяцы ликвидировать это недопустимое статус‑кво…» Репецкий озаглавил сельскохозяйственную передовицу «Яйца на экспорт!»… Как вам это нравится?
006763_RUSLAN|Кленский не знает, что такое синоним. Несколько интимно… Короче. У вас оригинальный стиль. 
006764_RUSLAN|Не хватает какой‑то внутренней собранности, дисциплины… В общем, пора браться за дело. 
006765_RUSLAN|Выходить, как говорится, на простор большой журналистики. Тут есть одно любопытное соображение. 
006766_RUSLAN|Из Пайдеского района сообщают… Некая Пейпс дала рекордное количество молока… Пейпс это корова? 
006767_RUSLAN|Пейпс это доярка. Более того, депутат республиканского Совета. У нее рекордные показатели. 
006768_RUSLAN|Может быть, двести литров, а может быть, две тысячи… Короче много. Уточните в райкоме. 
006769_RUSLAN|Мы продумали следующую операцию. Доярка обращается с рапортом к товарищу Брежневу. 
006770_RUSLAN|Товарищ Брежнев ей отвечает, это будет согласовано. Нужно составить письмо товарищу Брежневу. 
006771_RUSLAN|Принять участие в церемониях. Отразить их в печати… Это же по сельскохозяйственному отделу. 
006772_RUSLAN|Поедете спецкором. Такое задание мы не можем доверить любому. Привычные газетные штампы здесь неуместны. 
006773_RUSLAN|Человечинка нужна, вы понимаете? В общем, надо действовать. 
006774_RUSLAN|Получите командировочные, и с богом… Мы дадим телеграмму в райком… И еще. Учтите такое соображение. 
006775_RUSLAN|Подводя итоги редакционного конкурса, жюри будет отдавать предпочтение социально значимым материалам. 
006776_RUSLAN|То есть? То есть материалам, имеющим общественное значение. 
006777_RUSLAN|Разве не все газетные материалы имеют общественное значение? 
006778_RUSLAN|Туронок поглядел на меня с едва заметным раздражением В какой‑то мере да. 
006779_RUSLAN|Но это может проявляться в большей или меньшей степени. 
006780_RUSLAN|Говорят, за исполнение роли Ленина платят больше, чем за Отелло?.. Возможно. 
006781_RUSLAN|И убежден, что это справедливо. Ведь актер берет на себя громадную ответственность… 
006782_RUSLAN|…На протяжении всего разговора я испытывал странное ощущение. Что‑то в редакторе казалось мне необычным. 
006783_RUSLAN|И тут я осознал, что дело в прорехе. Она как бы уравняла нас. Устранила его номенклатурное превосходство. 
006784_RUSLAN|Поставила нас на одну доску. Я убедился, что мы похожи. 
006785_RUSLAN|Завербованные немолодые люди в одинаковых (я должен раскрыть эту маленькую тайну) голубых кальсонах. 
006786_RUSLAN|Я впервые испытал симпатию к Туронку. Я сказал Генрих Францевич, у вас штаны порвались сзади. 
006787_RUSLAN|Голубчик, сделай одолжение… Я дам нитки… У меня в сейфе… Не в службу, а в дружбу… Так, на скорую руку… Не обращаться же мне к Плюхиной…
006788_RUSLAN|Туронок спокойно подошел к огромному зеркалу, нагнулся, убедился и говорит 
006789_RUSLAN|Валя была редакционной секс‑примой. С заученными, как у оперной певицы, фиоритурами в голосе. 
006790_RUSLAN|И с идиотской привычкой кусаться… Впрочем, мы снова отвлеклись… 
006791_RUSLAN|…Не к Плюхиной же обращаться, сказал редактор. Вот оно, думаю, твое подсознание. Сделайте, голубчик. 
006792_RUSLAN|В смысле зашить? На скорую руку. Вообще‑то я не умею… Да как сумеете. Короче, зашил я ему брюки. 
006793_RUSLAN|Чего уж там… Заглянул в лабораторию к Жбанкову. Собирайся, говорю, пошли. 
006794_RUSLAN|Момент, оживился Жбанков, иду. Только у меня всего сорок копеек. И Жора должен семьдесят… 
006795_RUSLAN|Да я не об этом. Работа есть. Работа? протянул Жбанков. Тебе что, деньги не нужны? Нужны. 
006796_RUSLAN|Рубля четыре до аванса. Редактор предлагает командировку на три дня. Куда? В Пайде. О, воблы купим! 
006797_RUSLAN|Я же говорю поехали. Звоню по местному телефону Туронку Можно взять Жбанкова? Редактор задумался 
006798_RUSLAN|Вы и Жбанков сочетание, прямо скажем, опасное. Затем он что‑то вспомнил и говорит 
006799_RUSLAN|На вашу ответственность. И помните задание серьезное. Так я пошел в гору. 
006800_RUSLAN|До этого был подобен советскому рублю. Все его любят, и падать некуда. У доллара все иначе. 
006801_RUSLAN|Забрался на такую высоту и падает, падает… Путешествие началось оригинально. 
006802_RUSLAN|А именно Жбанков явился на вокзал совершенно трезвый. Я даже узнал его не сразу. 
006803_RUSLAN|В костюме, печальный такой… Сели, закурили. Ты молодец, говорю, в форме. 
006804_RUSLAN|Понимаешь, решил тормознуться. А то уже полный завал. Все же семья, дети… Старшему уже четыре годика. 
006805_RUSLAN|Развитый, говорит, сообразительный, энергичный, занимается онанизмом… В батьку пошел… Такой, понимаешь, клоп, а соображает…
006806_RUSLAN|Лера была в детском саду, так заведующая его одного и хвалила. 
006807_RUSLAN|Над головой Жбанкова звякнула корреспондентская сумка поезд тронулся. 
006808_RUSLAN|Как ты думаешь, спросил Жбанов, буфет работает? У тебя же есть. Откуда? Только что звякнуло. 
006809_RUSLAN|А может, это химикаты? Рассказывай… Вообще, конечно, есть. Но ты подумай. Захотим опохмелиться. 
006810_RUSLAN|Что делать? Все закрыто. Вакуум. Глас в пустыне… Нас же будет встречать секретарь райкома. 
006811_RUSLAN|С полбанкой, что ли? Он же не в курсе, что мы за люди. А кто тормознуться хотел? Я хотел, на время. 
006812_RUSLAN|А тут уже чуть ли не сутки прошли. Эпоха… Буфет‑то работает, говорю. Мы шли по вагонам. 
006813_RUSLAN|В купейных было тихо. Бурые ковровые дорожки заглушали шаги. 
006814_RUSLAN|В общих приходилось беспрерывно извиняться, шагая через мешки, корзины с яблоками… 
006815_RUSLAN|Раза два нас без злобы проводили матерком. Жбанков сказал А выражаться, между прочим, не обязательно! 
006816_RUSLAN|Тамбуры гудели от холодного ветра. 
006817_RUSLAN|В переходах, между тяжелыми дверьми с низкими алюминиевыми ручками, грохот усиливался. 
006818_RUSLAN|Посетителей в ресторане было немного. У окна сидели два раскрасневшихся майора. Фуражки их лежали на столе. 
006819_RUSLAN|Один возбужденно говорил другому Где линия отсчета, Витя? Необходима линия отсчета. 
006820_RUSLAN|А без линии отсчета, сам понимаешь… Его собеседник возражал Факт был? 
006821_RUSLAN|Был… А факт он и есть факт… Перед фактом, как говорится, того… В углу разместилась еврейская семья. 
006822_RUSLAN|Красивая полная девочка заворачивала в угол скатерти чайную ложку. 
006823_RUSLAN|Мальчик постарше то и дело смотрел на часы. Мать и отец еле слышно переговаривались. 
006824_RUSLAN|Мы расположились у стойки. Жбанков помолчал, а затем говорит Серж, объясни мне, почему евреев ненавидят? 
006825_RUSLAN|Допустим, они Христа распяли. Это, конечно, зря. Но ведь сколько лет прошло… И потом, смотри. 
006826_RUSLAN|Евреи, евреи… Вагин русский, Толстиков русский. А они бы Христа не то что распяли. 
006827_RUSLAN|Они бы его живым съели… Вот бы куда антисемитизм направить. На Толстикова с Вагиным. 
006828_RUSLAN|Я против таких, как они, страшный антисемитизм испытываю. А ты? Естественно. 
006829_RUSLAN|Вот бы на Толстикова антисемитизмом пойти! И вообще… На всех партийных… 
006830_RUSLAN|Но при том обрати внимание… Видишь, четверо сидят, не оборачивайся… Вроде бы натурально сидят, а что‑то меня бесит.
006831_RUSLAN|Да, говорю, это бы неплохо… Только не кричи. Наш бы сидел в блевотине окей! 
006832_RUSLAN|Те два мудозвона у окна разоряются нормально! А эти тихо сидят, но я почему‑то злюсь. 
006833_RUSLAN|Может, потому, что живут хорошо. Так ведь и я бы жил не хуже. Если бы не водяра проклятая. 
006834_RUSLAN|Между прочим, куда хозяева задевались?.. Один майор говорил другому Необходима шкала ценностей, Витя. 
006835_RUSLAN|Истинная шкала ценностей. Плюс точка отсчета. А без шкалы ценностей и точки отсчета, сам посуди… 
006836_RUSLAN|Другой по‑прежнему возражал Есть факт, Коля! А факт есть факт, как его ни поворачивай. 
006837_RUSLAN|Факт это реальность, Коля! То есть нечто фактическое… Девочка со звоном уронила чайную ложку. 
006838_RUSLAN|Родители тихо произнесли что‑то укоризненное. Мальчик взглянул на часы… 
006839_RUSLAN|Возникла буфетчица с локонами цвета половой мастики. За ней официант с подносом. 
006840_RUSLAN|Конечно, обиделся Жбанков, евреи всегда первые… Затем он подошел к стойке. 
006841_RUSLAN|Бутылочку водки, естественно… И чего‑нибудь легонького, типа на брудершафт… Мы чокнулись, выпили. 
006842_RUSLAN|Изредка поезд тормозил, Жбанков придерживал бутылку. Потом вторую. 
006843_RUSLAN|Наконец он возбудился, порозовел и стал довольно обременителен. 
006844_RUSLAN|Дед, кричал он, я же работаю с телевиком! Понимаешь, с телевиком! Я художник от природы! 
006845_RUSLAN|А снимаю всякое фуфло. Рожи в объектив не помещаются. Снимал тут одного. Орденов килограммов на восемь. 
006846_RUSLAN|Блестят, отсвечивают, как против солнца… Замудохался, ты себе не представляешь! 
006847_RUSLAN|А выписали шесть рублей за снимок! Шесть рублей! 
006848_RUSLAN|Сунулись бы к Айвазовскому, мол, рисуй нам бурлаков за шестерик… Я ведь художник… Был уже первый час. 
006849_RUSLAN|Я с трудом отвел Жбанкова в купе. С величайшим трудом уложил. Протянул ему таблетку аспирина. 
006850_RUSLAN|Это яд? спросил Жбанков и заплакал. Я лег и повернулся к стене. 
006851_RUSLAN|Проводник разбудил нас за десять минут до остановки. Спите, а мы Ыхью проехали, недовольно выговорил он. 
006852_RUSLAN|Жбанков неподвижно и долго смотрел в пространство. Затем сказал 
006853_RUSLAN|Когда проводники собираются вместе, один другому, наверное, говорит «Все могу простить человеку. 
006854_RUSLAN|Но ежели кто спит, а мы Ыхью проезжаем век тому не забуду…» 
006855_RUSLAN|Поднимайся, говорю, нас же будут встречать. Давай хоть рожи умоем. 
006856_RUSLAN|Сейчас бы чего‑нибудь горячего, размечтался Жбанков. Я взял полотенце, достал зубную щетку и мыло. 
006857_RUSLAN|Вытащил бритву. Ты куда? Барана резать, отвечаю, ты же горячего хотел… 
006858_RUSLAN|Когда я вернулся, Жбанков надевал ботинки. 
006859_RUSLAN|Завел было философский разговор «Сколько же мы накануне выпили?..» Но я его прервал. Мы уже подъезжали. 
006860_RUSLAN|За окном рисовался вокзальный пейзаж. Довоенное здание, плоские окна, наполненные светом часы… 
006861_RUSLAN|Мы вышли на перрон, сырой и темный. Что‑то я фанфар не слышу, говорит Жбанков. 
006862_RUSLAN|Но к нам уже спешил, призывно жестикулируя, высокий, делового облика мужчина. 
006863_RUSLAN|Около уборной (интересно, почему архитектура вокзальных сортиров так напоминает шедевры Растрелли?) дежурила машина.
006864_RUSLAN|Товарищи из редакции? улыбаясь, поинтересовался он. Мы назвали свои фамилии. Милости прошу. 
006865_RUSLAN|Рядом топтался коренастый человек в плаще. Секретарь райкома Лийвак, представился он. 
006866_RUSLAN|Тот, что нас встретил, оказался шофером. Оба говорили почти без акцента. 
006867_RUSLAN|Наверное, происходили из волосовских эстонцев… Первым делом завтракать! объявил Лийвак. 
006868_RUSLAN|Жбанков заметно оживился. Так ведь закрыто, притворно сказал он. 
006869_RUSLAN|Что‑нибудь придумаем, заверил секретарь райкома. Небольшие эстонские города уютны и приветливы. 
006870_RUSLAN|Ранним утром Пайде казался совершенно вымершим, нарисованным. В сумраке дрожали голубые, неоновые буквы. 
006871_RUSLAN|Как доехали? спросил Лийвак. Отлично, говорю. Устали? Нисколько. 
006872_RUSLAN|Ничего, отдохнете, позавтракаете… Мы проехали центр с туберкулезной клиникой и желтым зданием райкома. 
006873_RUSLAN|Затем снова оказались в горизонтальном лабиринте тесных пригородных улиц. 
006874_RUSLAN|Два‑три крутых поворота, и вот мы уже на шоссе. Слева лес. Справа плоский берег и мерцающая гладь воды. 
006875_RUSLAN|Куда это мы едем, шепнул Жбанков, может, у них там вытрезвиловка? 
006876_RUSLAN|Подъезжаем, как бы угадал его мысли Лийвак, здесь у нас что‑то вроде дома отдыха. 
006877_RUSLAN|С ограниченным кругом посетителей. Для гостей… Вот я и говорю, обрадовался Жбанков. 
006878_RUSLAN|Белые дощатые стены, вызывающая оскомину рифленая крыша, гараж… Из трубы, оживляя картину, лениво поднимается дым.
006879_RUSLAN|Машина затормозила возле одноэтажной постройки на берегу. 
006880_RUSLAN|От двери к маленькой пристани ведут цементные ступени. У причала, слегка накренившись, белеет лезвие яхты. 
006881_RUSLAN|Ну вот, сказал Лийвак, знакомьтесь. 
006882_RUSLAN|На пороге стояла молодая женщина лет тридцати в брезентовой куртке и джинсах. 
006883_RUSLAN|У нее было живое, приветливое, чуть обезьянье лицо, темные глаза и крупные ровные зубы. 
006884_RUSLAN|Белла Ткаченко, представилась она, второй секретарь райкома комсомола. Я назвал свою фамилию. 
006885_RUSLAN|Белла Константиновна ваша хозяйка, ласково проговорил Лийвак, тут и отдохнете… Две спальни, кабинет, финская баня, гостиная… Есть спортивный инвентарь, небольшая библиотека… Все предусмотрено, сами увидите…
006886_RUSLAN|Фотохудожник Жбанков Михаил, тихо воскликнул Жбанков и щелкнул стоптанными каблуками. 
006887_RUSLAN|Затем он что‑то сказал по‑эстонски. Белла кивнула и позвала Эви, туле синне! 
006888_RUSLAN|Тотчас появилась раскрасневшаяся, совсем молодая девчонка в майке и шортах. Руки ее были в золе. 
006889_RUSLAN|Эви Саксон, представил ее Лийвак корреспондент районной молодежной газеты. Эви убрала руки за спину. 
006890_RUSLAN|Не буду вам мешать, улыбнулся секретарь. Программа в целом такова. Отдохнете, позавтракаете. 
006891_RUSLAN|К трем жду в райкоме. Отмечу ваши командировки. Познакомитесь с героиней. Дадим вам необходимые сведения. 
006892_RUSLAN|К утру материал должен быть готов. А сейчас, прошу меня извинить, дела… 
006893_RUSLAN|Секретарь райкома бодро сбежал по крыльцу. Через секунду заработал мотор. Возникла неловкая пауза. 
006894_RUSLAN|Проходите, что же вы? спохватилась Белла.  Мы зашли в гостиную. 
006895_RUSLAN|Напротив окна мерцал камин, украшенный зеленой фаянсовой плиткой. По углам стояли глубокие низкие кресла. 
006896_RUSLAN|Нас провели в спальню. Две широкие постели были накрыты клетчатыми верблюжьими одеялами. 
006897_RUSLAN|На тумбочке горел массивный багровый шандал, озаряя потолок колеблющимся розовым светом. 
006898_RUSLAN|Ваши апартаменты, сказала Белла. Через двадцать минут приходите завтракать. 
006899_RUSLAN|Жбанков осторожно присел на кровать. Почему‑то снял ботинки. Заговорил с испугом А что? 
006900_RUSLAN|Просто идем в гору. В каком смысле? Получили ответственное задание. Ты обратил внимание, какие девки? 
006901_RUSLAN|Потрясающие девки! Я таких даже в ГУМе не видел. Тебе какая больше нравится? Обе ничего… 
006902_RUSLAN|А может, это провокация? То есть? Ты ее, понимаешь, хоп… Ну. А тебя за это дело в ментовку! 
006903_RUSLAN|Зачем же сразу хоп. Отдыхай, беседуй… Что значит беседуй? Беседа это когда разговаривают. 
006904_RUSLAN|А‑а, сказал Жбанков. Он вдруг стал на четвереньки и заглянул под кровать. 
006905_RUSLAN|Затем долго и недоверчиво разглядывал штепсельную розетку. Ты чего? спрашиваю. Микрофон ищу. 
006906_RUSLAN|Тут, натурально, должен быть микрофон. Подслушивающее устройство. Мне знакомый алкаш рассказывал… 
006907_RUSLAN|Потом найдешь. Завтракать пора. Мы наскоро умылись. Жбанков переодел сорочку. 
006908_RUSLAN|Как ты думаешь, спросил он, выставить полбанки? Не спеши, говорю, тут, видно, есть. 
006909_RUSLAN|К тому же сегодня надо быть в райкоме. Я же не говорю упиться вдрабадан. Так, на брудершафт… 
006910_RUSLAN|Другой раз бухнете с Шаблинским, а потом целый вечер «Ипостась, ипостась…» Ты уж что‑нибудь полегче… Типа Сергей Есенин, армянское радио…
006911_RUSLAN|Не спеши, говорю. И еще вот что, попросил Жбанов, ты слишком умных разговоров не заводи. 
006912_RUSLAN|Ладно, говорю, пошли.  Стол был накрыт в гостиной. 
006913_RUSLAN|Стандартный ассортимент распределителя цека дорогая колбаса, икра, тунец, зефир в шоколаде. 
006914_RUSLAN|Девушки переоделись в светлые кофточки и модельные туфли. Присаживайтесь, сказала Белла. 
006915_RUSLAN|Эви взяла поднос Хотите выпить? А как же?! сказал мой друг. Иначе не по‑христиански. 
006916_RUSLAN|Эви принесла несколько бутылок. Коньяк, джин с тоником, вино, предложила Белла.  
006917_RUSLAN|Жбанков вдруг напрягся и говорит Пардон, я этот коньяк знаю… Называется КВН… Или НКВД… 
006918_RUSLAN|КВВК, поправила Белла. 
006919_RUSLAN|Один черт… Цена шестнадцать двадцать… Уж лучше три бутылки водяры на эту сумму. 
006920_RUSLAN|Не волнуйтесь, успокоила Белла. А Эви спросила Вы алкоголик? 
006921_RUSLAN|Да, четко ответил Жбанков, но в меру… Я разлил коньяк. За встречу, говорю. 
006922_RUSLAN|За приятную встречу, добавила Белла. Поехали, сказал Жбанков. 
006923_RUSLAN|Воцарилась тишина, заглушаемая стуком ножей и вилок. Расскажите что‑нибудь интересное, попросила Эви. 
006924_RUSLAN|Жбанков закурил и начал Жизнь, девчата, в сущности калейдоскоп. Сегодня одно, завтра другое. 
006925_RUSLAN|Сегодня поддаешь, а завтра, глядишь, и копыта отбросил… Помнишь, Серж, какая у нас лажа вышла с трупами? 
006926_RUSLAN|Белла подалась вперед Расскажите. Помер завхоз телестудии Ильвес. А может, директор, не помню. 
006927_RUSLAN|Ну, помер и помер… И правильно, в общем‑то, сделал… Хороним его как положено… Мужики с телестудии приехали. 
006928_RUSLAN|Трансляция идет… Речи, естественно… Начали прощаться. 
006929_RUSLAN|Подхожу к этому самому делу и вижу не Ильвес… Что я, Ильвеса не знаю?.. Я его сто раз фотографировал. 
006930_RUSLAN|А в гробу лежит посторонний мужик… Живой? спросила Белла. Почему живой? 
006931_RUSLAN|Натурально, мертвый, как положено. Только не Ильвес. Оказывается, трупы в морге перепутали… 
006932_RUSLAN|Чем же все это кончилось? спросила Белла. Тем и кончилось. Похоронили чужого мужика. 
006933_RUSLAN|Не прерывать же трансляцию. А ночью поменяли гробы… И вообще, какая разница?! 
006934_RUSLAN|Суть одна, только разные… как бы это выразиться? Ипостаси, подсказал я. Жбанков погрозил мне кулаком. 
006935_RUSLAN|Кошмар, сказала Белла. 
006936_RUSLAN|Еще не то бывает, воодушевился Жбанков, я расскажу, как один повесился… Только выпьем сначала. 
006937_RUSLAN|Я разлил остатки коньяка. Эви прикрыла рюмку ладонью Уже пьяная. Никаких! сказал Жбанков. 
006938_RUSLAN|Девушки тоже закурили. Жбанков дождался тишины и продолжал А как один повесился это чистая хохма. 
006939_RUSLAN|Мужик по‑черному гудел. Жена, естественно, пилит с утра до ночи. И вот он решил повеситься. 
006940_RUSLAN|Не совсем, а фиктивно. Короче завернуть поганку. Жена пошла на работу. 
006941_RUSLAN|А он подтяжками за люстру уцепился и висит. Слышит шаги. Жена с работы возвращается. Мужик глаза закатил. 
006942_RUSLAN|Для понта, естественно. А это была не жена. Соседка лет восьмидесяти, по делу. Заходит висит мужик… 
006943_RUSLAN|Ужас, сказала Белла. Старуха железная оказалась. 
006944_RUSLAN|Не то что в обморок… Подошла к мужику, стала карманы шмонать. А ему‑то щекотно. Он и засмеялся. 
006945_RUSLAN|Тут старуха раз и выключилась. И с концами. А он висит. Отцепиться не может. Приходит жена. 
006946_RUSLAN|Видит такое дело. Бабка с концами и муж повесивши. 
006947_RUSLAN|Жена берет трубку, звонит «Вася, у меня дома тыща и одна ночь… Зато я теперь свободна. 
006948_RUSLAN|Приезжай…» А муж и говорит «Я ему приеду… Я ему, пидору, глаз выколю…» Тут и жена отключилась. 
006949_RUSLAN|И тоже с концами… Ужас, сказала Белла. Еще не такое бывает, сказал Жбанков, давайте выпьем! 
006950_RUSLAN|Баня готова, сказала Эви. Это что же, раздеваться? встревоженно спросил Жбанков, поправляя галстук. 
006951_RUSLAN|Естественно, сказала Белла. Ногу, говорю, можешь отстегнуть. Какую ногу? Деревянную. 
006952_RUSLAN|Что? закричал Жбанков. Потом он нагнулся и высоко задрал обе штанины. 
006953_RUSLAN|Его могучие голубоватые икры были стянуты пестрыми немодными резинками. 
006954_RUSLAN|Я в футбол до сих пор играю, не унимался Жбанков. 
006955_RUSLAN|У нас там пустырь… Малолетки тренируются… Выйдешь, бывало, с похмелюги… Баня готова, сказала Эви. 
006956_RUSLAN|Мы оказались в предбаннике. На стенах висели экзотические плакаты. Девушки исчезли за ширмой. 
006957_RUSLAN|Ну, Серж, понеслась душа в рай! бормотал Жбанков. Он разделся быстро, по‑солдатски. 
006958_RUSLAN|Остался в просторных сатиновых трусах. На груди его синела пороховая татуировка. 
006959_RUSLAN|Бутылка с рюмкой, женский профиль и червовый туз. 
006960_RUSLAN|А посредине надпись славянской вязью «Вот что меня сгубило!» Пошли, говорю. 
006961_RUSLAN|В тесной, стилизованной под избу коробке было нестерпимо жарко. Термометр показывал девяносто градусов. 
006962_RUSLAN|Раскаленные доски пришлось окатить холодной водой. 
006963_RUSLAN|На девушках были яркие современные купальники, по две узеньких волнующих тряпицы. 
006964_RUSLAN|Правила знаете? улыбнулась Белла. Металлические вещи нужно снять. Может быть ожог… 
006965_RUSLAN|Какие вещи? спросил Жбанков. Шпильки, заколки, булавки… А зубы? спросил Жбанков. 
006966_RUSLAN|Зубы можно оставить, улыбнулась Белла и добавила Расскажите еще что‑нибудь. Это в момент. 
006967_RUSLAN|Я расскажу, как один свадьбу в дерьме утопил… Девушки испуганно притихли. 
006968_RUSLAN|Дружок мой на ассенизационном грузовике работал. Выгребал это самое дело. 
006969_RUSLAN|И была у него подруга, шибко грамотная. «Запах, говорит, от тебя нехороший». А он‑то что может поделать? 
006970_RUSLAN|«Зато, говорит, платят нормально». «Шел бы в такси», она ему говорит. «А какие там заработки? 
006971_RUSLAN|С воробьиный пуп?»… Год проходит. Нашла она себе друга. Без запаха. А моему дружку говорит «Все. Разлюбила. 
006972_RUSLAN|Наняли общественную столовую, пьют, гуляют… Дело к ночи… Тут мой дружок разворачивается на своем говновозе, пардон… Форточку открыл, шланг туда засунул и врубил насос… А у него в цистерне тонны четыре этого самого добра… Гостям в аккурат по колено.
006973_RUSLAN|Кранты…» Он, конечно, переживает. А у тех свадьба. 
006974_RUSLAN|Шум, крики, вот тебе и «Горько!»… Милиция приехала… Общественную столовую актировать пришлось. 
006975_RUSLAN|А дружок мой получил законный семерик… Такие дела… Девушки сидели притихшие и несколько обескураженные. 
006976_RUSLAN|Я невыносимо страдал от жары. Жбанков пребывал на вершине блаженства. Мне все это стало надоедать. 
006977_RUSLAN|Алкоголь постепенно испарился. Я заметил, что Эви поглядывает на меня. Не то с испугом, не то с уважением. 
006978_RUSLAN|Жбанков что‑то горячо шептал Белле Константиновне. Давно в газете? спрашиваю. 
006979_RUSLAN|Давно, сказала Эви, четыре месяца. Нравится? Да, очень нравится. А раньше? Что? 
006980_RUSLAN|Где ты до этого работала? Я не работала. Училась в школе. У нее был детский рот и пушистая челка. 
006981_RUSLAN|Высказывалась она поспешно, добросовестно, слегка задыхаясь. Говорила с шершавым эстонским акцентом. 
006982_RUSLAN|Иногда чуть коверкала русские слова. Чего тебя в газету потянуло? А что? Много врать приходится. Нет. 
006983_RUSLAN|Я делаю корректуру. Сама еще не пишу. Писала статью, говорят нехорошо… О чем? О сексе. О чем?! 
006984_RUSLAN|О сексе. Это важная тема. Надо специальные журналы и книги. 
006985_RUSLAN|Люди все равно делают секс, только много неправильное… А ты знаешь, как правильно? Да. Я ходила замуж. 
006986_RUSLAN|Где же твой муж? Утонул. Выпил коньяк и утонул. Он изучался в Тарту по химии. Прости, говорю. 
006987_RUSLAN|Я читала много твои статьи. Очень много смешное. 
006988_RUSLAN|И очень часто многоточки… Сплошные многоточки… Я бы хотела работать в Таллинне. 
006989_RUSLAN|Здесь очень маленькая газета… Это еще впереди. Я знаю, что ты сказал про газету. 
006990_RUSLAN|Многие пишут не то самое, что есть. Я так не люблю. А что ты любишь? 
006991_RUSLAN|Я люблю стихи, люблю «Битлз»… Сказать, что еще? Скажи. Я немного люблю тебя. 
006992_RUSLAN|Мне показалось, что я ослышался. Чересчур это было неожиданно. Вот уж не думал, что меня так легко смутить… 
006993_RUSLAN|Ты очень красивый! В каком смысле? Ты копия Омар Шариф. Кто такой Омар Шариф? О, Шариф! 
006994_RUSLAN|Это прима!.. Жбанков неожиданно встал. Потянул на себя дверь. 
006995_RUSLAN|Неуклюже и стремительно ринулся по цементной лестнице к воде. На секунду замер. Взмахнул руками. 
006996_RUSLAN|Произвел звериный, неприличный вопль и рухнул… Поднялся фонтан муаровых брызг. 
006997_RUSLAN|Со дна потревоженной реки всплыли какие‑то банки, коряги и мусор. Секунды три его не было видно. 
006998_RUSLAN|Затем вынырнула черная непутевая голова с безумными, как у месячного щенка, глазами. 
006999_RUSLAN|Жбанков, шатаясь, выбрался на берег. 
007000_RUSLAN|Его худые чресла были скульптурно облеплены длинными армейскими трусами. 
007001_RUSLAN|Дважды обежав вокруг коттеджа с песней «Любо, братцы, любо!», Жбанков уселся на полку и закурил. 
007002_RUSLAN|Ну как? спросила Белла. Нормально, ответил фотограф, гулко хлопнув себя резинкой по животу. 
007003_RUSLAN|А вы? спросила Белла, обращаясь ко мне. Предпочитаю душ. В соседнем помещении имелась душевая кабина. 
007004_RUSLAN|Я умылся и стал одеваться. 
007005_RUSLAN|«Семнадцатилетняя провинциальная дурочка, твердил я, выпила три рюмки коньяка и ошалела…» 
007006_RUSLAN|Я пошел в гостиную, налил себе джина с тоником. Снаружи доносились крики и плеск воды. 
007007_RUSLAN|Скоро появилась Эви, раскрасневшаяся, в мокром купальнике. Ты злой на меня? Нисколько. 
007008_RUSLAN|Я вижу… Дай я тебя поцелую… Тут я снова растерялся. И это при моем жизненном опыте… 
007009_RUSLAN|Нехорошую игру ты затеяла, говорю. Я тебя не обманываю. Но мы завтра уезжаем. 
007010_RUSLAN|Попробуйте оставаться благоразумным, если рядом семнадцатилетняя девчонка, которая только что вылезла из моря.
007011_RUSLAN|Ты будешь снова приходить… Я шагнул к ней. Вернее, из реки… Ну, что ты? Что ты? спрашиваю. 
007012_RUSLAN|Так всегда целуется Джуди Гарланд, сказала Эви. И еще она делает так… Поразительно устроен человек! 
007013_RUSLAN|Знаешь, что вранье, примитивное райкомовское вранье, и липа, да еще с голливудским налетом, все знаешь и счастлив как мальчишка…
007014_RUSLAN|У Эви были острые лопатки, а позвоночник из холодных морских камешков… Она тихо вскрикивала и дрожала… Хрупкая пестрая бабочка в неплотно сжатом кулаке…
007015_RUSLAN|Или я один такой?! Тут раздалось оглушительное Пардон! В дверях маячил Жбанков. Я отпустил Эви. 
007016_RUSLAN|Он поставил на стол бутылку водки. Очевидно, пустил в ход свой резерв. 
007017_RUSLAN|Уже первый час, сказал я, нас ждут в райкоме. Какой ты сознательный, усмехнулся Жбанков. 
007018_RUSLAN|Эви пошла одеваться. Белла Константиновна тоже переоделась. 
007019_RUSLAN|Теперь на ней был строгий, отчетно‑перевыборный костюмчик. 
007020_RUSLAN|Жить бы тут, и никаких ответственных заданий… Яхта, речка, молодые барышни… Пусть лгут, кокетничают, изображают уцененных голливудских звезд… Какое это счастье женское притворство!..
007021_RUSLAN|И тут я подумал ох, если бы не этот райком, не эта взбесившаяся корова!.. 
007022_RUSLAN|Мне тридцать четыре года, и ни одного, ни единого беззаботного дня… Хотя бы день пожить без мыслей, без забот и без тоски… Нет, собирайся в райком… Это где часы, портреты, коридоры, бесконечная игра в серьезность…
007023_RUSLAN|Да, может, я ради таких вещей на свет произошел!.. Люди! У меня открылось второе дыхание! заявил Жбанков. 
007024_RUSLAN|Я разлил водку. Себе полный фужер. Эви коснулась моего рукава Теперь не выпей… Потом… А, ладно! 
007025_RUSLAN|Тебя ждет Лийвак. Все будет хорошо. Что значит будет? рассердился Жбанков. Все уже хорошо! 
007026_RUSLAN|У меня открылось второе дыхание! Поехали! Белла включила приемник. 
007027_RUSLAN|Низкий баритон выкрикивал что‑то мучительно актуальное Истины нет в этом мире бушующем, 
007028_RUSLAN|Есть только миг, за него и держись… Есть только свет между прошлым и будущим, Именно он называется жизнь! 
007029_RUSLAN|Мы пили снова и снова. Эви сидела на полу возле моего кресла. 
007030_RUSLAN|Каждый раз он изысканно вопрошал «Могу ли я ознакомиться с планировкой?» Неизменно добавляя «В смысле отлить…»
007031_RUSLAN|Жбанков разглагольствовал, то и дело отлучаясь в уборную. 
007032_RUSLAN|И вдруг я понял, что упустил момент, когда нужно было остановиться. Появились обманчивая легкость и кураж. 
007033_RUSLAN|Возникло ощущение силы и безнаказанности. В гробу я видел этот райком! Мишка, наливай! 
007034_RUSLAN|Тут инициативу взяла Белла Константиновна Мальчики, отделаемся, а потом… Я вызову машину. 
007035_RUSLAN|И ушла звонить по телефону. Я сунул голову под кран. Эви вытащила пудреницу и говорит Не можно смотреть. 
007036_RUSLAN|Через двадцать минут наше такси подъехало к зданию райкома. Жбанков всю дорогу пел Не хочу с тобою говорить, 
007037_RUSLAN|Не пори ты, Маня, ахинею… Лучше я уйду к ребятам пить, Эх, у ребят есть мысли поважнее… 
007038_RUSLAN|Вероятно, таинственная Маня олицетворяла райком и партийные сферы… 
007039_RUSLAN|Эви гладила мою руку и шептала с акцентом волнующие непристойности. Белла Константиновна выглядела строго. 
007040_RUSLAN|Она повела нас широкими райкомовскими коридорами. С ней то и дело здоровались. 
007041_RUSLAN|На первом этаже возвышался бронзовый Ленин. На втором тоже бронзовый Ленин, поменьше. 
007042_RUSLAN|На третьем Карл Маркс с похоронным венком бороды. 
007043_RUSLAN|Интересно, кто на четвертом дежурит? спросил, ухмыляясь, Жбанков. 
007044_RUSLAN|Там снова оказался Ленин, но уже из гипса… Подождите минутку, сказала Белла Константиновна. Мы сели. 
007045_RUSLAN|Жбанков погрузился в глубокое кресло. 
007046_RUSLAN|Ноги его в изношенных скороходовских ботинках достигали центра приемной залы. 
007047_RUSLAN|Эви несколько умерила свой пыл Уж чересчур ее призывы шли вразрез с материалами наглядной агитации. 
007048_RUSLAN|Белла приоткрыла дверь Заходите. Лийвак говорил по телефону. 
007049_RUSLAN|Свободная рука его призывно и ободряюще жестикулировала. Наконец он повесил трубку. Отдохнули? 
007050_RUSLAN|Лично я да, веско сказал Жбанков. У меня открылось второе дыхание… Вот и отлично. 
007051_RUSLAN|Вот данные относительно Линды Пейпс… Трудовые показатели… Краткая биография… Свидетельства о поощрениях… Где ваши командировочные?
007052_RUSLAN|Штампы поставите внизу… Теперь, если вечер свободный, можно куда‑то пойти… Драмтеатр, правда на эстонском языке, Сад отдыха… В «Интуристе» бар до часу ночи… Белла Константиновна, организуйте товарищам маленькую экскурсию…
007053_RUSLAN|Это еще зачем?! воскликнул Жбанков. Ах да… Можно откровенно? Жбанков поднял руку. 
007054_RUSLAN|Прошу вас, кивнул Лийвак. Здесь же все свои. Ну, разумеется. Так уж я начистоту, по‑флотски? 
007055_RUSLAN|Слушаю. Жбанков шагнул вперед, конспиративно понизил голос Вот бы на кир перевести! 
007056_RUSLAN|То есть? не понял Лийвак. Вот бы, говорю, на кир перевести! Лийвак растерянно поглядел на меня. 
007057_RUSLAN|Я потянул Жбанкова за рукав. Тот шагнул в сторону и продолжал 
007058_RUSLAN|В смысле энное количество водяры заместо драмтеатра! Я, конечно, дико извиняюсь… 
007059_RUSLAN|Изумленный Лийвак повернулся к Белле. Белла Константиновна резко отчеканила 
007060_RUSLAN|Товарищ Жбанков и товарищ Довлатов обеспечены всем необходимым. 
007061_RUSLAN|Очень много вина, простодушно добавила Эви. Что значит много?! возразил Жбанков. 
007062_RUSLAN|Много понятие относительное. Белла Константиновна, позаботьтесь, распорядился секретарь. 
007063_RUSLAN|Вот это по‑флотски, обрадовался Жбанков, это по‑нашему! Я решил вмешаться. 
007064_RUSLAN|Все ясно, говорю, данные у меня. Товарищ Жбанков сделает фотографии. 
007065_RUSLAN|Материал будет готов к десяти часам утра. Учтите, письмо должно быть личным… Я кивнул. 
007066_RUSLAN|Но при этом его будет читать вся страна. Я снова кивнул. Это должен быть рапорт… Я кивнул в третий раз. 
007067_RUSLAN|Но рапорт самому близкому человеку… Еще один кивок. 
007068_RUSLAN|Лийвак стоял рядом, я боялся обдать его винными парами. Кажется, все‑таки обдал… 
007069_RUSLAN|И не увлекайтесь, товарищи, попросил он, не увлекайтесь. Дело очень серьезное. Так что в меру… 
007070_RUSLAN|Хотите, я вас с Довлатовым запечатлею? неожиданно предложил Жбанков. Мужики вы оба колоритные… 
007071_RUSLAN|Если можно, в следующий раз, нетерпеливо отозвался Лийвак, мы же завтра увидимся. 
007072_RUSLAN|Ладно, согласился Жбанков, тогда я вас запечатлею в более приличной обстановке… Лийвак промолчал… 
007073_RUSLAN|…Внизу нас ждала машина с утренним шофером. На ферму заедем, и все, сказала Белла. 
007074_RUSLAN|Далеко это? спрашиваю. Минут десять, ответил шофер, тут все близко. 
007075_RUSLAN|Хорошо бы по дороге врезку сделать, шепнул Жбанков, горючее на исходе. И затем, обращаясь к водителю 
007076_RUSLAN|Шеф, тормозни возле первого гастронома. Да смотри не продай! 
007077_RUSLAN|Мне‑то какое дело, обиделся шофер, я сам вчера того. Так, может, за компанию? 
007078_RUSLAN|Я на работе… У меня дома приготовлено… Ладно. Дело хозяйское. Емкость у тебя найдется? А как же?! 
007079_RUSLAN|Машина остановилась возле сельмага. У прилавка толпился народ. 
007080_RUSLAN|Жбанков, вытянув кулак с шестью рублями, энергично прокладывал себе дорогу. 
007081_RUSLAN|На самолет опаздываю, мужики… Такси, понимаешь, ждет… Ребенок болен… Жена, сука, рожает… 
007082_RUSLAN|Через минуту он выплыл с двумя бутылками кагора. Водитель протянул ему мутный стакан. Ну, за все окей! 
007083_RUSLAN|Наливай, говорю, и мне. Чего уж там! А кто будет фотографировать? спросила Эви. Мишка все сделает. 
007084_RUSLAN|Работник он хороший. И действительно, работал Жбанков превосходно. Сколько бы ни выпил. 
007085_RUSLAN|Хотя аппаратура у него была самая примитивная. 
007086_RUSLAN|Фотокорам раздали японские камеры, стоимостью чуть ли не пять тысяч. Жбанкову японской камеры не досталось. 
007087_RUSLAN|«Все равно пропьет», заявил редактор. Жбанков фотографировал аппаратом «Смена» за девять рублей. 
007088_RUSLAN|Носил его в кармане, футляр был потерян. Проявитель использовал неделями. В нем плавали окурки. 
007089_RUSLAN|Фотографии же выходили четкие, непринужденные, по‑газетному контрастные. 
007090_RUSLAN|Видно, было у него какое‑то особое дарование… 
007091_RUSLAN|Наконец мы подъехали к зданию дирекции, увешанному бесчисленными стендами. 
007092_RUSLAN|Над воротами алел транспарант «Кость ценное промышленное сырье!» У крыльца толпилось несколько человек. 
007093_RUSLAN|Водитель что‑то спросил по‑эстонски. Нам показали дорогу… 
007094_RUSLAN|Коровник представлял собой довольно унылое низкое здание. 
007095_RUSLAN|Над входом горела пыльная лампочка, освещая загаженные ступени. 
007096_RUSLAN|Белла Константиновна, Жбанков и я вышли из машины. Водитель курил. Эви дремала на заднем сиденье. 
007097_RUSLAN|Неожиданно появился хромой человек с кожаной офицерской сумкой. 
007098_RUSLAN|Главный агроном Савкин, назвался он, проходите. Мы вошли. За дощатыми перегородками топтались коровы. 
007099_RUSLAN|Позвякивали колокольчики, раздавались тягостные вздохи и уютный шорох сена. 
007100_RUSLAN|Вялые животные томно оглядывали нас. …Есть что‑то жалкое в корове, приниженное и отталкивающее. 
007101_RUSLAN|В ее покорной безотказности, обжорстве и равнодушии. 
007102_RUSLAN|Хотя, казалось бы, и габариты, и рога… Обыкновенная курица и та выглядит более независимо. 
007103_RUSLAN|А эта чемодан, набитый говядиной и отрубями… Впрочем, я их совсем не знаю… Проходите, проходите… 
007104_RUSLAN|Мы оказались в тесной комнатке. Пахло кислым молоком и навозом. Стол был покрыт голубой клеенкой. 
007105_RUSLAN|На перекрученном шнуре свисала лампа. Вдоль стен желтели фанерные ящики для одежды. 
007106_RUSLAN|В углу поблескивал доильный агрегат. Навстречу поднялась средних лет женщина в зеленой кофте. 
007107_RUSLAN|На пологой груди ее мерцали ордена и значки. Линда Пейпс! воскликнул Савкин. Мы поздоровались. 
007108_RUSLAN|Я ухожу, сказал главный агроном, если что, звоните по местному два, два, шесть… 
007109_RUSLAN|Мы с трудом разместились. Жбанков достал из кармана фотоаппарат. 
007110_RUSLAN|Линда Пейпс казалась мне немного растерянной. Она говорит только по‑эстонски, сказала Белла. 
007111_RUSLAN|Это не важно. Я переведу. Спроси ее чего‑нибудь для понта, шепнул мне Жбанков. 
007112_RUSLAN|Вот ты и спроси, говорю. Жбанков наклонился к Линде Пейпс и мрачно спросил Который час? 
007113_RUSLAN|Переведите, оттеснил я его, как Линда добилась таких высоких результатов? Белла перевела. 
007114_RUSLAN|Доярка что‑то испуганно прошептала. Записывайте, сказала Белла. 
007115_RUSLAN|Коммунистическая партия и ее ленинский Центральный Комитет… 
007116_RUSLAN|Все ясно, говорю, узнайте, состоит ли она в партии? Состоит, ответила Белла. Давно? 
007117_RUSLAN|Со вчерашнего дня. Момент, сказал Жбанков, наводя фотоаппарат. 
007118_RUSLAN|Линда замерла, устремив глаза в пространство. Порядок, сказал Жбанков, шестерик в кармане. 
007119_RUSLAN|А корова? удивилась Белла. Что корова? По‑моему, их нужно сфотографировать рядом. 
007120_RUSLAN|Корова здесь не поместится, разъяснил Жбанков, а там освещение хреновое. Как же быть? 
007121_RUSLAN|Жбанков засунул аппарат в карман. Коров в редакции навалом, сказал он. То есть? удивилась Белла. 
007122_RUSLAN|Я говорю, в архиве коров сколько угодно. Вырежу твою Линду и подклею. Я тронул Беллу за рукав 
007123_RUSLAN|Узнайте, семья большая? Она заговорила по‑эстонски. Через минуту перевела Семья большая, трое детей. 
007124_RUSLAN|Старшая дочь кончает школу. Младшему сыну четыре годика. А муж? спрашиваю. Белла понизила голос 
007125_RUSLAN|Не записывайте… Муж их бросил. Наш человек! почему‑то обрадовался Жбанков. 
007126_RUSLAN|Ладно, говорю, пошли… Мы попрощались. Линда проводила нас чуточку разочарованным взглядом. 
007127_RUSLAN|Ее старательно уложенные волосы поблескивали от лака. Мы вышли на улицу. Шофер успел развернуться. 
007128_RUSLAN|Эви в замшевой куртке стояла у радиатора. Жбанков вдруг слегка помешался. 
007129_RUSLAN|Кыйк, заорал он по‑эстонски, все! Вперед, товарищи! К новым рубежам! К новым свершениям! 
007130_RUSLAN|Через полчаса мы были у реки. Шофер сдержанно простился и уехал. Белла Константиновна подписала его наряд. 
007131_RUSLAN|Вечер был теплый и ясный. За рекой багровел меркнущий край неба. На воде дрожали розовые блики. 
007132_RUSLAN|В дом идти не хотелось. Мы спустились на пристань. Некоторое время молчали. Затем Эви спросила меня 
007133_RUSLAN|Почему ты ехал в Эстонию? Что я мог ответить? Объяснить, что нет у меня дома, родины, пристанища, жилья?.. 
007134_RUSLAN|Что я всегда искал эту тихую пристань?.. Что я прошу у жизни одного сидеть вот так, молчать, не думать?.. 
007135_RUSLAN|Снабжение, говорю, у вас хорошее. Ночные бары… А вы? Белла повернулась к Жбанкову… 
007136_RUSLAN|Я тут воевал, сказал Жбанков, ну и остался… Короче оккупант… Сколько же вам лет? 
007137_RUSLAN|Не так уж много, сорок пять. Я самый конец войны застал, мальчишкой. 
007138_RUSLAN|Был вестовым у полковника Адера… Ранило меня… 
007139_RUSLAN|Расскажите, попросила Белла, вы так хорошо рассказываете. Что тут рассказывать? 
007140_RUSLAN|Долбануло осколком, и вся любовь… Ну что, пошли? В доме зазвонил телефон. 
007141_RUSLAN|Минутку, воскликнула Белла, на ходу доставая ключи. Она скоро вернулась. 
007142_RUSLAN|Юхан Оскарович просит вас к телефону. Кто? спрашиваю. Лийвак… Мы зашли в дом. 
007143_RUSLAN|Щелкнул выключатель окна стали темными. Я поднял трубку. Мы получили ответ, сказал Лийвак. 
007144_RUSLAN|От кого? не понял я. От товарища Брежнева. То есть как? Ведь письмо еще не отправлено. Ну и что? 
007145_RUSLAN|Значит, референты Брежнева чуточку оперативнее вас… нас, деликатно поправился Лийвак. 
007146_RUSLAN|Что же пишет товарищ Брежнев? Поздравляет… Благодарит за достигнутые успехи… Желает личного счастья… 
007147_RUSLAN|Как быть? спрашиваю. Рапорт писать или нет? Обязательно. Это же документ. 
007148_RUSLAN|Надеюсь, канцелярия товарища Брежнева оформит его задним числом. Все будет готово к утру. Жду вас… 
007149_RUSLAN|Мишка, говорю, у тебя нет ощущения, что все это происходит с другими людьми… Что это не ты… И не я… Что это какой‑то идиотский спектакль… А ты просто зритель…
007150_RUSLAN|…Девушки принялись возрождать закуску. Жбанков и я уединились в спальне. 
007151_RUSLAN|Знаешь, что я тебе скажу, отозвался Жбанков, не думай. Не думай, и все. Я уже лет пятнадцать не думаю. 
007152_RUSLAN|А будешь думать жить не захочется. Все, кто думает, несчастные… А ты счастливый? Я‑то? 
007153_RUSLAN|Да я хоть сейчас в петлю! Я боли страшусь в последнюю минуту. Вот если бы заснуть и не проснуться… 
007154_RUSLAN|Что же делать? Вдруг это такая боль, что и перенести нельзя… Что же делать? Не думать. Водку пить. 
007155_RUSLAN|Жбанков достал бутылку. Я, кажется, напьюсь, говорю. А то нет! подмигнул Жбанков. Хочешь из горла? 
007156_RUSLAN|Там же есть стакан. Кайф не тот. Мы по очереди выпили. Закусить было нечем. 
007157_RUSLAN|Я с удовольствием ощущал, как надвигается пьяный дурман. 
007158_RUSLAN|Контуры жизни становились менее отчетливыми и резкими… 
007159_RUSLAN|Чтобы воспроизвести дальнейшие события, требуется известное напряжение. 
007160_RUSLAN|Помню, была восстановлена дефицитная райкомовская закуска. 
007161_RUSLAN|Впрочем, появилась кабачковая икра свидетельство упадка. 
007162_RUSLAN|Да и выпивка пошла разрядом ниже заветная Мишкина бутылка, югославская «Сливовица», кагор… 
007163_RUSLAN|На десятой минуте Жбанков закричал, угрожающе приподнимаясь Я художник, понял! Художник! 
007164_RUSLAN|Я жену Хрущева фотографировал! Самого Жискара, блядь, дЭстена! У меня при доме инвалидов выставка была! 
007165_RUSLAN|А ты говоришь корова!.. Дурень ты мой, дурень, любовалась им Белла, пойдем, киса, я тебя спать уложу… 
007166_RUSLAN|Ты очень грустный, сказала мне Эви, что‑нибудь есть плохое? Все, говорю, прекрасно! 
007167_RUSLAN|Нормальная собачья жизнь… Надо меньше думать. Радоваться то хорошее, что есть. 
007168_RUSLAN|Вот и Мишка говорит пей! Пей уже хватит. Мы сейчас пойдем. Я буду тебе понравиться… 
007169_RUSLAN|Что несложно, говорю. Ты очень красивый. Старая песня, а как хорошо звучит! Я налил себе полный фужер. 
007170_RUSLAN|Нужно ведь как‑то закончить этот идиотский день. Сколько их еще впереди?.. 
007171_RUSLAN|Ты непохожий, как другие, сказала она. У тебя хорошая карьера. Ты красивый. Но часто грустный. Почему? 
007172_RUSLAN|Потому что жизнь одна, другой не будет. Ты не думай. Иногда лучше быть глупым. 
007173_RUSLAN|Поздно, говорю, лучше выпить. Только не будь грустный. С этим покончено. Я иду в гору. 
007174_RUSLAN|Получил ответственное задание. Выхожу на просторы большой журналистики… У тебя есть машина? 
007175_RUSLAN|Ты спроси, есть ли у меня целые носки. Я так хочу машину. Будет. Разбогатею купим. 
007176_RUSLAN|Я выпил и снова налил. Белла тащила Жбанкова в спальню. Ноги его волочились, как два увядших гладиолуса. 
007177_RUSLAN|И мы пойдем, сказала Эви, ты уже засыпаешь. Сейчас. Я выпил и снова налил. Пойдем. 
007178_RUSLAN|Вот уеду завтра, найдешь кого‑нибудь с машиной. Эви задумалась, положив голову мне на колени. 
007179_RUSLAN|Когда буду снова жениться, только с евреем, заявила она. Это почему же? Думаешь, все евреи богачи? 
007180_RUSLAN|Я тебе объясню. Евреи делают обрезание… Ну. Остальные не делают. Вот сволочи! Не смейся. 
007181_RUSLAN|Это важная проблема. Когда нет обрезания, получается смегма… Что? Смегма. 
007182_RUSLAN|Это нехорошие вещества… канцерогены. Вон там, хочешь, я тебе показываю? Нет уж, лучше заочно… 
007183_RUSLAN|Когда есть обрезание, смегма не получается. И тогда не бывает рак шейки матки. Знаешь шейку матки? 
007184_RUSLAN|Ну, допустим… Ориентировочно… Статистика показывает, когда нет обрезания, чаще рак шейки матки. 
007185_RUSLAN|А в Израиле нет совсем… Чего? Шейки матки… Рак шейки матки… Есть рак горла, рак желудка… 
007186_RUSLAN|Тоже не подарок, говорю. Конечно, согласилась Эви. Мы помолчали. 
007187_RUSLAN|Идем, сказала она, ты уже засыпаешь… Подожди. Надо обрезание сделать… 
007188_RUSLAN|Я выпил полный фужер и снова налил. Ты очень пьяный, идем… Мне надо обрезание сделать. 
007189_RUSLAN|А еще лучше отрезать эту самую шейку к чертовой матери! Ты очень пьяный. И злой на меня. Я не злой. 
007190_RUSLAN|Мы люди разных поколений. Мое поколение дрянь! А твое это уже нечто фантастическое! Почему ты злой? 
007191_RUSLAN|Потому что жизнь одна. Прошла секунда, и конец. Другой не будет… Уже час ночи, сказала Эви. 
007192_RUSLAN|Я выпил и снова налил. И сразу же куда‑то провалился. Возникло ощущение, как будто я на дне аквариума. 
007193_RUSLAN|Все раскачивалось, уплывало, мерцали какие‑то светящиеся блики… Потом все исчезло… …Проснулся я от стука. 
007194_RUSLAN|Вошел Жбанков. На нем был спортивный халат. Я лежал поперек кровати. Жбанков сел рядом. Не спрашивай. 
007195_RUSLAN|Когда я буду стариком, объявил Жбанков, напишу завещание внукам и правнукам. 
007196_RUSLAN|Это будет одна‑единственная фраза. Знаешь какая? Ну? 
007197_RUSLAN|Это будет одна‑единственная фраза «Не занимайтесь любовью с похмелья!» И три восклицательных знака. 
007198_RUSLAN|Худо мне. Совсем худо. И подлечиться нечем. Ты же все и оприходовал. А где наши дамы? Готовят завтрак. 
007199_RUSLAN|Надо вставать. Лийвак ждет… Жбанков пошел одеваться. Я сунул голову под кран. Потом сел за машинку. 
007200_RUSLAN|Через пять минут текст был готов. «Дорогой и многоуважаемый Леонид Ильич! 
007201_RUSLAN|Хочу поделиться с Вами радостным событием. 
007202_RUSLAN|В истекшем году мне удалось достичь небывалых трудовых показателей. 
007203_RUSLAN|Я надоила с одной коровы…» («…с одной коровы» я написал умышленно. 
007204_RUSLAN|В этом обороте звучала жизненная достоверность и трогательное крестьянское простодушие). Конец был такой 
007205_RUSLAN|«…И еще одно радостное событие произошло в моей жизни. 
007206_RUSLAN|Коммунисты нашей фермы дружно избрали меня своим членом!» Тут уже явно хромала стилистика. 
007207_RUSLAN|Переделывать не было сил… Завтракать, позвала Белла. Эви нарезала хлеб. Я виновато с нею поздоровался. 
007208_RUSLAN|В ответ радужная улыбка и задушевное «Как ты себя чувствуешь?» Хуже некуда, говорю. 
007209_RUSLAN|Жбанков добросовестно исследовал пустые бутылки. Ни грамма, засвидетельствовал он. 
007210_RUSLAN|Пейте кофе, уговаривала Белла, через минуту садимся в такси. От кофе легче не стало. 
007211_RUSLAN|О еде невозможно было и думать. Какие‑то бабки еще шевелятся, сказал Жбанков, вытаскивая мелочь. 
007212_RUSLAN|Затем он посмотрел на Беллу Константиновну Мать, добавишь еще полтора рубля? Та вынула кошелек. 
007213_RUSLAN|Я из Таллинна вышлю, заверил Жбанков. Ладно, заработал, цинично усмехнулась Белла. 
007214_RUSLAN|Раздался автомобильный гудок. Мы собрали портфели, уселись в такси. Вскоре Лийвак пожимал нам руки. 
007215_RUSLAN|Текст, составленный мною, одобрил безоговорочно. Более того, произнес короткую речь Я доволен, товарищи. 
007216_RUSLAN|Вы неплохо потрудились, культурно отдохнули. Рад был познакомиться. 
007217_RUSLAN|Ведь партийный работник и журналист где‑то, я бы сказал, коллеги. 
007218_RUSLAN|Успехов вам на трудном идеологическом фронте. Может, есть вопросы? Где тут буфет? спросил Жбанков. 
007219_RUSLAN|Маленько подлечиться… Лийвак нахмурился Простите мне грубое русское выражение… 
007220_RUSLAN|Он выждал укоризненную паузу. …Но вы поступаете, как дети! Что, и пива нельзя? спросил Жбанков. 
007221_RUSLAN|Вас могут увидеть, понизил голос секретарь, есть разные люди… Знаете, какая обстановка в райкоме… 
007222_RUSLAN|Ну и работенку ты выбрал, посочувствовал ему Жбанков. 
007223_RUSLAN|Я по образованию инженер, неожиданно сказал Лийвак. Мы помолчали. Стали прощаться. 
007224_RUSLAN|Секретарь уже перебирал какие‑то бумаги. Машина ждет, сказал он. На вокзал я позвоню. 
007225_RUSLAN|Обратитесь в четвертую кассу. Скажите, от меня… Чао, махнул ему рукой Жбанков. Мы спустились вниз. 
007226_RUSLAN|Сели в машину. Бронзовый Ленин смотрел нам вслед. Девушки поехали с нами… 
007227_RUSLAN|На перроне Жбанков и Белла отошли в сторону. Ты будешь приходить еще? спросила Эви. Конечно. 
007228_RUSLAN|И я буду ехать в Таллинн. Позвоню в редакцию. Чтобы не рассердилась твоя жена. 
007229_RUSLAN|Нет у меня жены, говорю, прощай, Эви. Не сердись, пожалуйста… Не пей так много, сказала Эви. 
007230_RUSLAN|Я кивнул. А то не можешь делать секс. Я шагнул к ней, обнял и поцеловал. К нам приближались Белла и Жбанков. 
007231_RUSLAN|По его жестикуляции было видно, что он нахально лжет. Мы поднялись в купе. 
007232_RUSLAN|Девушки шли к машине, оживленно беседуя. Так и не обернулись… 
007233_RUSLAN|В Таллинне опохмелимся, сказал Жбанков, есть около шести рублей. А хочешь, я тебе приятную вещь скажу? 
007234_RUSLAN|Жбанков подмигнул мне. Радостная, торжествующая улыбка преобразила его лицо. Сказать? 
007235_RUSLAN|Мне еще Жора семьдесят копеек должен!.. Компромисс девятый «САМАЯ ТРУДНАЯ ДИСТАНЦИЯ. 
007236_RUSLAN|Тийна Кару родилась в дружной семье. 
007237_RUSLAN|с золотой медалью окончила школу. была секретарем комитета вээлксэм, увлекалась спортом. 
007238_RUSLAN|Из многочисленных видов легкой атлетики она предпочла бег на четыреста метров. а эта дистанция, по мнению специалистов, наиболее трудоемкая в спорте.
007239_RUSLAN|Тут нужно выделить одну характерную деталь. требует сочетания быстроты и выносливости. 
007240_RUSLAN|взрывной силы и напряженной воли к победе. Упорство, последовательность. 
007241_RUSLAN|аскетический режим вот факторы, которые определили биографию Тийны, ее путь к намеченной цели. 
007242_RUSLAN|Окончив школу. Тийна поступает на химическое отделение ТГУ, участвует в работе СНО. 
007243_RUSLAN|охотно выполняет комсомольские поручения. На последнем курсе она становится членом КПСС. 
007244_RUSLAN|Затем она аспирантка Института химии АН эсэсэр. 
007245_RUSLAN|Как специалиста‑химика Тийну интересует механизм воздействия канцерогенных веществ на организм человека. 
007246_RUSLAN|Диссертация почти готова. Тийна Кару ставит перед собой высокие реальные цели. Веришь. 
007247_RUSLAN|что она добьется успеха на своей трудной дистанции». С Тийной Кару нас познакомили общие друзья. 
007248_RUSLAN|Интересная, неглупая женщина, молодой ученый. Подготовил о ней зарисовку. 
007249_RUSLAN|Изредка Тийна попадалась мне в разных научных компаниях. Звонит однажды Ты свободен? 
007250_RUSLAN|Мне надо с тобой поговорить. Я пришел в кафе «Райа». Заказал джина. Она сказала Я четыре года замужем. 
007251_RUSLAN|До сих пор все было хорошо. Летом Руди побывал в Москве. Затем вернулся. Тут все и началось… ? 
007252_RUSLAN|Происходит что‑то странное. Он хочет… Как бы тебе объяснить… Мы стали чужими… 
007253_RUSLAN|Я напрягся и внятно спросил В половом отношении? Именно. Чем же я могу помочь? 
007254_RUSLAN|То есть почему я к тебе обратилась? Ты единственный аморальный человек среди моих знакомых. 
007255_RUSLAN|Вот я и хочу проконсультироваться. Не понимаю. Обсудить ситуацию. 
007256_RUSLAN|Видишь ли, я даже с мужчинами не обсуждаю эти темы. Но у моего приятеля есть книга «Технология секса». 
007257_RUSLAN|Я возьму, если хочешь. Только ненадолго. Это его настольная книга. Ты свободно читаешь по‑русски? Конечно. 
007258_RUSLAN|Один из разделов начинается так «Любовникам с непомерно большими животами можем рекомендовать позицию семь».
007259_RUSLAN|Принес ей «Технологию». Книга замечательная. Первую страницу открываешь, написано «Введение». Уже смешно. 
007260_RUSLAN|Гуманный автор уделил внимание даже таким презренным существам, как любовники с большими животами… 
007261_RUSLAN|Отдал ей книгу. Через неделю возвращает. Все поняла? Кроме одного слова «исподволь». 
007262_RUSLAN|Объяснил ей, что значит исподволь. Теперь я хочу овладеть практическими навыками. 
007263_RUSLAN|Благословляю тебя, дочь моя! Только не с мужем. Я должна сначала потренироваться. 
007264_RUSLAN|Подчеркиваю, все это говорилось без тени кокетства, на эстонский манер, основательно и деловито. 
007265_RUSLAN|Ты аморальный человек? спросила она. Не совсем. Значит отказываешься? 
007266_RUSLAN|Тийна! взмолился я. Так это не делается! У нас хорошие товарищеские отношения. 
007267_RUSLAN|Нужен срок, может быть, они перейдут в другое чувство… Какой? Что какой? Какой нужен срок? 
007268_RUSLAN|О Господи, не знаю… Месяц, два… Не выйдет. 
007269_RUSLAN|Я в апреле кандидатский минимум сдаю… Познакомь меня с кем‑нибудь. Желательно с брюнетом. 
007270_RUSLAN|Есть же у тебя друзья‑подонки? Преобладают, сказал я. Сижу, думаю. Шаблинский, конечно, ас, но грубый. 
007271_RUSLAN|Розенштейн дачу строит, вконец обессилел. Гуляев блондин. У Мити Кленского триппер. Оська Чернов? 
007272_RUSLAN|Кажется, подходит. Застенчивый, пылкий брюнет. Правда, он скуповат, но это чепуха. На один раз сойдет. 
007273_RUSLAN|Спрашиваю Чернова Много у тебя было женщин? Тридцать шесть и четыре под вопросом. 
007274_RUSLAN|Что значит под вопросом? Оська потупился Всякого рода отклонения. Годится, думаю. 
007275_RUSLAN|Изложил ему суть дела. Оська растерялся Я ее видел как‑то раз. Она мне даже нравится. 
007276_RUSLAN|Но, согласись, вот так, утилитарно… Что тебе стоит? Я все‑таки мужчина. Вот и посодействуй человеку. 
007277_RUSLAN|Купил я на свои деньги бутылку рома, пригласил Осю и Тийну. Тийна мне шепнула Я договорилась с подругой. 
007278_RUSLAN|Три часа квартира в моем распоряжении. Выпили, закурили, послушали Би‑би‑си. 
007279_RUSLAN|Оська пустился было в рассуждения Да, жизнестойкой может быть лишь преследуемая организация… 
007280_RUSLAN|Тийна его перебила Надо идти. А то подруга вернется. Отправились. Утром Тийна мне звонит. 
007281_RUSLAN|Ну как? спрашиваю. Проводил меня и ушел домой. Звоню Чернову Совесть есть у тебя? 
007282_RUSLAN|Веришь ли, старик, не могу. Как‑то не получается… Что ты за мужик после этого?! Оська возмутился 
007283_RUSLAN|Я имел больше женщин, чем ты съел котлет. А такой не встречал. Самое удивительное, что она мне нравится. 
007284_RUSLAN|Пригласил их обоих снова. Выставил недопитый ром. Ушли. Тийна звонит Черт бы побрал твоего друга! 
007285_RUSLAN|Неужели, говорю, опять дезертировал? Ты понимаешь, сели в машину. Расплачивался Ося в темноте. 
007286_RUSLAN|Сунул шоферу десятку вместо рубля. Потом страшно расстроился. 
007287_RUSLAN|Пешком ушел домой… Я видела, что он сует десятку. Я думала, что на Кавказе так принято. 
007288_RUSLAN|Что он хочет произвести на меня впечатление. Ведь Ося грузин? Ося еврей. 
007289_RUSLAN|И вообще его настоящая фамилия Малкиэль. Снова ему звоню Оська, будь же человеком! 
007290_RUSLAN|Понимаешь, была десятка, рубль и мелочь… В третий раз их пригласил. 
007291_RUSLAN|Послушайте, говорю, я сегодня ночую в редакции. А вы оставайтесь. Шнапс в холодильнике. 
007292_RUSLAN|Будут звонить не реагируйте. Двери запереть, чтобы Оська не сбежал? Да не сбегу я. 
007293_RUSLAN|Отправился в редакцию дежурить. Тийна звонит Спустись на минутку. Спустился в холл. 
007294_RUSLAN|Она достает из портфеля шоколад и бутылку виски «Лонг Джон». Дай, говорит, я тебя поцелую. 
007295_RUSLAN|Да не бойся, по‑товарищески… Поцеловала меня. Если бы знал, как я тебе благодарна! Оську благодари. 
007296_RUSLAN|Я ему десять рублей вернула. Те, что он шоферу дал. Какой позор! Ладно, он их честно заработал. 
007297_RUSLAN|Я спрятал бутылку в карман и пошел заканчивать статью на моральную тему. Компромисс десятый 
007298_RUSLAN|Сегодня утром был доставлен в медвытрезвитель номер четыре гражданин Э.Л.Буш. пытавшийся выдать себя за работника республиканской прессы.
007299_RUSLAN|выразившееся в укусах, о чем решено сообщить по месту его работы, установить которое хотя бы с приблизительной точностью все еще не удалось».
007300_RUSLAN|«ОНИ МЕШАЮТ НАМ ЖИТЬ. Э. Л. Буш оказал неповиновение служащим медвытрезвителя. 
007301_RUSLAN|Как обычно, не хватило спиртного, и, как всегда, я предвидел это заранее. А вот с закуской не было проблем. 
007302_RUSLAN|Какие могут быть проблемы, если Севастьянову удавалось разрезать обыкновенное яблоко на шестьдесят четыре дольки?!.
007303_RUSLAN|Да и быть не могло. Помню, дважды бегали за «Стрелецкой». Затем появились какие‑то девушки из балета на льду. 
007304_RUSLAN|Шаблинский все глядел на девиц, повторяя Мы растопим этот лед… Мы растопим этот лед… 
007305_RUSLAN|Наконец подошла моя очередь бежать за водкой. Шаблинский отправился со мной. 
007306_RUSLAN|Когда мы вернулись, девушек не было. Шаблинский сказал А бабы‑то умнее, чем я думал. 
007307_RUSLAN|Поели, выпили и ретировались. Ну и хорошо, произнес Севастьянов, давайте я картошки отварю. 
007308_RUSLAN|Ты бы еще нам каши предложил! сказал Шаблинский. Мы выпили и закурили. Алкоголь действовал неэффективно. 
007309_RUSLAN|Ведь напиться как следует это тоже искусство… Девушкам в таких случаях звонить бесполезно. 
007310_RUSLAN|Раз уж пьянка не состоялась, то все. Значит, тебя ждут сплошные унижения. Надо менять обстановку. 
007311_RUSLAN|Обстановка вот что главное. Помню, Тофик Алиев рассказывал 
007312_RUSLAN|А в гараже разный хлам, покрышки старые, брезентовый чехол… Так я на этом чехле имел половину хореографического училища.
007313_RUSLAN|Дома у меня рояль, альков, серебряные ложки… Картины чуть ли не эпохи Возрождения… И никакого секса. 
007314_RUSLAN|Многие буквально уговаривали пошли в гараж! Там, мол, обстановка соответствующая… 
007315_RUSLAN|Шаблинский встал и говорит Поехали в Таллинн. Поедем, говорю. Мне было все равно. 
007316_RUSLAN|Тем более что девушки исчезли. Шаблинский работал в газете «Советская Эстония». Гостил в Ленинграде неделю. 
007317_RUSLAN|И теперь возвращался с оказией домой. Севастьянов вяло предложил не расходиться. 
007318_RUSLAN|Мы попрощались и вышли на улицу. Заглянули в магазин. Бутылки оттягивали наши карманы. 
007319_RUSLAN|Я был в летней рубашке и в кедах. Даже паспорт отсутствовал. Через десять минут подъехала «Волга». 
007320_RUSLAN|За рулем сидел угрюмый человек, которого Шаблинский называл Гришаня. Гришаня всю дорогу безмолвствовал. 
007321_RUSLAN|Водку пить не стал. Мне даже показалось, что Шаблинский видел его впервые. 
007322_RUSLAN|Мы быстро проскочили невзрачные северо‑западные окраины Ленинграда. 
007323_RUSLAN|Далее следовали однообразные поселки, бледноватая зелень и медленно текущие речки. 
007324_RUSLAN|У переезда Гришаня затормозил, распахнул дверцу и направился в кусты. 
007325_RUSLAN|На ходу он деловито расстегивал ширинку, как человек, пренебрегающий условностями. 
007326_RUSLAN|Чего он такой мрачный? спрашиваю. Шаблинский ответил Он не мрачный. Он под следствием. 
007327_RUSLAN|Если не ошибаюсь, там фигурирует взятка. Он что, кому‑то взятку дал? Не идеализируй Гришу. 
007328_RUSLAN|Гриша не давал, а брал. Причем в неограниченном количестве. И вот теперь он под следствием. 
007329_RUSLAN|Уже подписку взяли о невыезде. Как же он выехал? Откуда? Из Ленинграда. Он дал подписку в Таллинне. 
007330_RUSLAN|Как же он выехал из Таллинна? Очень просто. Сел в машину и поехал. Грише уже нечего терять. 
007331_RUSLAN|Его скоро арестуют. Когда? задал я лишний вопрос. Не раньше чем мы окажемся в Таллинне… 
007332_RUSLAN|Тут Гришаня вышел из кустов. На ходу он сосредоточенно застегивал брюки. 
007333_RUSLAN|На крепких запястьях его что‑то сверкало. «Наручники?» подумал я. 
007334_RUSLAN|Потом разгляд�